Destination Port,Flow Duration,Total Fwd Packets,Total Backward Packets,Total Length of Fwd Packets,Total Length of Bwd Packets,Fwd Packet Length Max,Bwd Packet Length Max,Flow Bytes/s,Flow Packets/s,Label
2.4042086039659947,2.3361896558244535,2.384760999874255,0.2797942898515832,0.08643739969837702,1.4526605157061507,1.4099606942575735,3.1242959565494974,0.0792941971835091,1.0465608465431644,Attack
0.07043630679780821,1.0890236280239596,1.731327352883808,0.3868948245899113,1.2315856626615727,0.1537732538262267,0.09157726739019154,0.31517920213239287,0.901199275370158,0.4129853297384894,Attack
1.2473859498136242,0.22357637221232038,1.8379702641444624,1.2270858632142592,0.6557961539630006,0.41708670631181666,0.45331968929826566,0.07707714705565474,0.17963225437455377,0.6853204516042503,Attack
0.3886802361598213,1.2642068575651064,0.7084906274161253,0.23792995429801636,0.4610883362574712,0.6415567371905141,0.34383336143779325,0.3219112209063105,0.8789146821925446,0.29694720892879944,Benign
1.3337024250318834,1.3908639862459073,1.0840829279651931,0.07302834798043581,1.1340675017227546,1.3543379878651725,1.1220396514574276,0.2800491202364232,0.3209361910360324,0.1657359073015982,Benign
0.35436351269146177,0.02113975640978781,0.16735639611571346,1.3150568445471564,3.9957562711848387,0.5635380923886348,0.2840397016008279,0.39775625390723557,0.3613422229349129,0.12963360322360132,Benign
1.08332513487161,1.3758488535174436,1.5078091306428072,5.309882795759777,2.1066602347767636,1.644865840495582,1.0434914819766037,0.592524198960791,0.044453556271847196,0.9566027868201981,Attack
0.6213830874929431,1.507961375109591,2.0280015811562464,0.3320688146972702,0.04975072120372614,0.9248222351227738,2.5534193997940475,0.821071596608456,2.130942885844376,0.7530147453398326,Attack
1.313994047643909,0.28878299468380514,0.13441725083868836,0.1424808327402921,0.11768231807508758,0.054673118913529536,1.716593191494482,0.4486149987669271,0.38613126266509473,0.9349593345913374,Benign
0.1872674554681768,1.918292441851646,1.2919560394404495,0.32924219600070564,0.2005918143724361,0.5310196092685465,0.3048308698067651,0.07573869889235595,0.5035597984521158,2.251878564701117,Attack
1.0088499373603437,3.082411225612162,2.046432325133137,1.1178920988415986,1.8506003950998422,0.7269306835668887,1.0678492560009665,0.3802188861549473,0.21905413174549496,2.1449173839231466,Attack
0.14030296197025907,0.18789899501048302,0.31024173757568946,0.9674993801737591,0.41383907602047015,0.6844829353149614,2.1597789009247332,1.5417202360342652,1.171246990387693,0.17094993045862605,Benign
1.1894209366929656,0.4544783315998827,0.12376359689378647,0.3994257180569916,0.07055743619132528,0.915085150120966,0.9716769214862169,0.29430010930499656,0.045841417026111296,2.729310446990541,Benign
0.8077991595337911,1.4880727897906234,0.35279488611087756,1.676400863298027,1.641271409616105,0.09313217936121788,5.431589672018065,0.6735961781156423,1.3977584232701692,0.24369895166119332,Benign
0.9838213463931863,0.28624298864664643,1.6139449374426944,0.4630755520823069,0.7790971876126078,0.5280705734157549,0.7535100511906275,0.4723009380049046,0.6129939360719022,0.028721511466610204,Attack
1.5875089804999862,2.5096483883382312,0.5809595327310999,3.4040892966934733,0.16808649612775428,2.784647608936616,0.36435443432383513,0.6686582601421948,2.4369942917513727,0.12692493293028886,Attack
0.19098496008129723,1.3425286534513001,0.9823789215008222,0.2879688397459327,0.4433582931882115,0.749851050712077,1.8997553816655635,0.3583204003610748,0.7650648542251959,0.35418522043705447,Benign
0.3043185133518662,2.1335421945681414,0.5565830377633566,1.3394252684601282,0.3027025777727855,0.1860350940111288,1.1424078211889555,1.4174534661483917,0.950886444852336,1.1873516130319894,Benign
1.018852425371325,1.0919559509921228,2.2546826014947734,2.823469049743452,0.6623573405622959,0.09074493750219544,1.4037343050979292,0.8461935860813983,2.440466587112093,1.0444733859758097,Attack
0.14026962492330494,1.0492073828040775,0.5724447094373178,0.11513613942953059,0.27385011012661453,3.4760395931951957,0.40292725961688863,0.2580908728936734,0.4441059758014889,2.0673543748199155,Benign
1.0888361765727501,0.19770508939601877,0.008129422833034009,0.43802351556799374,0.15062695079852467,2.0674620819983383,0.10658819619678696,0.6842425902103935,1.0175274673718269,2.8700053938568244,Benign
0.2904781563884599,1.7357798997128928,0.7636693720121972,1.7300200420527727,0.35813006797677993,0.332768989344245,0.252773025505315,1.0438968219105396,0.6496266100952667,0.86607931246509,Benign
1.2828283748852816,1.1540774369940487,1.0452982866446112,1.3987476397425094,0.034436823445474836,1.5049398538863012,1.3004112766233569,0.43866314312447097,0.23972735672963535,0.7106144156597228,Attack
2.0256957461386347,0.32592806356227927,1.4332892380519973,2.969057888654966,0.3988246706945012,4.302772160729844,0.06039598272558849,0.03718497562743924,1.8573087241059774,0.6453881553499075,Attack
0.6060461013453459,1.9591772914840946,2.4749997066580396,0.8242784025289536,2.1065553890164446,1.01046984724226,0.5014629629970132,0.24329251664189527,1.3767652459932085,2.1408836436965824,Attack
2.6698869648623615,0.3020106473812679,1.0257996836638181,0.5133034307296984,1.711928419781258,0.22071446393145225,0.058946484860368464,0.3609140972902796,0.07066036428257613,0.471103699122514,Attack
0.4878800081779502,0.11338919217881528,3.0872302768364226,0.3021803331032674,1.1967678266668553,0.20072057272960267,0.5087669561834677,0.09024371368445662,0.11784197096271168,0.011151235811089236,Attack
1.6153670617131966,0.35525473593827656,0.6926325182679285,0.8689464897285845,0.1798130299187927,2.9331469691445498,0.5466443604323945,0.0753752293911616,0.10804393129987426,0.4963333049646248,Attack
0.12699114188633792,0.3263265440768887,0.7433347721699812,0.04149710590830733,0.3588947545220173,1.5698881582450421,0.07452170978071773,0.9703579740819206,0.050469845953398686,2.678108778517038,Benign
0.2541958831821383,0.2450821059913094,1.0901070261283965,2.259366901532878,3.1877369293648106,1.3817261922817983,1.7276116298428026,1.0968462576879332,0.19253658017890707,1.1656526100256273,Benign
0.16688029401279636,0.9891627019684367,0.7672578764123835,0.35756437129600055,0.710144264262354,0.9022542371734172,0.23171685648388615,0.4180828162150445,0.42272816432313665,0.11242465616541455,Benign
0.2896455646667855,1.0260616734182906,1.1950953450858308,0.5739291177092244,0.599939617665731,0.3978591797422607,1.1666191088663176,0.40624261208258683,0.9581683314198998,0.6401115222707529,Benign
0.6002810550498718,2.87325589005893,2.144853703503543,0.953948051495801,1.1929052278988188,0.14797011828346168,0.46350362528347855,1.3026945329151136,1.0230112053546674,0.23671527753890453,Attack
3.1058434861566266,0.03837956723580831,1.1133637835813222,0.09642762351956186,2.457298838474397,0.0865791766794177,1.551659864300225,0.18107526003791552,4.540530969020728,0.578086279466838,Attack
1.174286797884094,0.9793892003039166,0.6698924827212848,1.4420299110524233,0.7400127454521053,2.7406027077736583,0.061045913669306076,5.358865474175313,0.8278405508420567,0.2948392790153039,Benign
0.5865626058671407,1.2430498695193724,0.9968168815725921,2.087506708616695,2.275738207786621,0.9455467573033729,1.5743159402737685,0.6721757113822592,0.11501640979199891,0.5438865615768195,Attack
0.2940136792778885,1.9718681936931481,0.2289034434325963,1.2740974481744674,2.272813355555614,0.1338603660753382,0.9493569356629081,2.6084305894431035,0.515991963729606,0.49216069209396335,Benign
0.6640426973250644,0.20594493300088396,0.18008485603411936,3.1070514898235255,2.4009799413128685,0.5888472698209808,0.32349000813231016,1.3441593253349646,4.347894572488503,2.1672921954094613,Benign
0.48608343397614623,0.6622424798857837,1.0955143362329742,0.7508227386816657,0.3240686734709849,0.32115230799158795,1.0830987079056138,3.493006427577018,0.1916741969921064,1.1892137478865918,Attack
2.6246818286521365,0.012737874108723634,0.5486661245592855,1.347937174357002,2.273413113936874,2.817394921744403,0.33400908291751646,0.07058775069428785,0.3413776385050526,0.8089310867021997,Attack
0.2647806270256217,0.4294038038350554,1.4189703059860204,0.01757280429231532,1.7765398326222452,0.02114418124988863,0.957548372179686,0.05905279268355731,0.3200499844906422,0.5841086766913477,Benign
2.1752954065027827,0.21582259342591154,3.885914126977382,2.178188095256309,0.07921221020991333,0.008934452364572852,0.1697836714523393,0.9746418347151228,6.169099648358276,0.3551950843011862,Attack
1.39764911142128,0.0838804868694896,1.5614091549916829,1.9881509920217018,2.217004270563247,2.250796953727151,1.6454937288749296,0.0847925802406572,0.8240884936991104,0.43633813105166913,Benign
0.46846852000525974,2.2336141900347166,2.155111982383464,1.1693945147257352,0.2515640198835336,1.1024401256108245,0.28743063461784435,1.484540619921027,0.19345839044225385,1.1837638081149926,Attack
0.4752700478898607,0.09449034812534032,1.3800778102561704,0.12694082120899627,4.2730229453216095,0.6588596052777789,0.35512025572794576,0.19944265030492433,0.7294722849439448,1.391113871529135,Attack
1.776196895448466,0.8790406373562663,3.3876592036568045,1.5516037460273442,0.17843738625126743,3.2361115954282424,0.4038445039028884,3.399980680394217,0.3102301762442755,0.5258514088051074,Attack
1.1461831323964107,0.07368334008518339,2.634023248677619,0.4486228619637489,0.25928500400421345,0.0607069928571819,0.02547243637686184,0.029153025210257928,0.38131255661682023,0.365137090800512,Attack
1.0205630209139605,2.29001399294263,1.1725742721609822,1.0904591864915836,0.5538399272691571,0.9680211269084987,0.8006248051710145,0.05369157171292098,0.26871992220163304,0.2592652887368225,Attack
0.07685869635050112,0.45742604773738127,0.0593146816639604,1.504303952560772,1.5397654257086688,0.10773471950560463,0.0861725258069411,3.1297328865997933,0.31370823840793155,0.704537154540019,Benign
0.6147236311041591,1.2732343183407686,1.036546139277744,2.2884944928646993,0.18851264094718123,1.0326060178666676,0.4297585417754103,0.7148215656743103,4.144518360062226,0.5411514031446735,Benign
1.1790552099431564,0.6401887342090072,0.19643675882527561,0.01963706771170913,1.5597364442991728,0.09562916219769495,0.1962491102003749,0.9130479708067714,0.37342509890997994,0.6119077397458649,Attack
0.6257261756784981,0.024159700509180013,2.2065463048385032,4.05596302988449,0.6845637070346762,0.4130588932448107,2.270738724815637,0.5361583905229784,0.9734493926927512,2.068861293666254,Attack
0.43076209601777915,1.925767715555381,1.1432990122907531,1.0264113967084796,1.765583584507349,0.014617879557007243,0.37332177355419455,0.22554849862283188,0.3286393304256644,0.42221416940500633,Benign
0.2574420207674033,0.5962522232483364,0.3529504037445777,0.5609422328139514,0.6508317225284753,0.27104971156954033,0.9702080036661626,1.1758170890911013,1.5577183739831064,0.22967095082761368,Benign
0.9920010457862942,1.3719695996248267,0.04766117127769696,0.5703015678256727,0.9506669370831936,0.2976264876921044,1.8384697610201366,1.2952014121216489,0.18975021263561256,0.5967900684747803,Benign
3.3529315118527383,0.7978894130535272,1.4219213746254797,2.4738549868335884,0.5929012270759181,0.09706149975395285,0.24808520215343977,0.6633480081815639,0.5868015797184021,0.811208695626572,Attack
1.3186837348458154,1.5203243891533131,1.0662268013323757,2.8603555911685805,3.6151118664478243,1.3050840496196372,1.9466535811873897,0.5151343309079336,0.14423477647646554,0.8416737636347456,Attack
2.590309596874793,0.16001587366198936,0.4380692137506351,0.9981719236065236,0.5743075942389508,0.053583110352885766,4.155219240630377,0.7770829670633007,0.29213223298727925,0.497743208993977,Attack
0.029464155338979458,0.8050818948108174,1.6458569866850743,0.8070641282236385,1.4849548385192468,0.675501282857832,1.4568179027260912,0.7070074839648216,1.0224532589532218,1.9225097555146315,Benign
4.3919899142705905,0.5380673636130389,3.445194255117418,0.11204643852520449,0.9085192934471843,0.7025254916201404,0.8628864475068956,1.8470055240488648,0.4938414781814676,4.201433414235016,Attack
0.7940397619212047,1.461934121076927,0.8894239222857286,0.7370899920707272,0.5753121642056873,0.024375258019526534,3.9289164222367967,1.041732223414402,2.759950419318024,4.043928769009034,Benign
1.5492073088102347,0.47917926314915693,0.6341966252617345,0.09966948770274846,2.370289805667379,1.175517818383255,2.747591733455769,2.423094851029024,0.04105074673337288,1.7648361514897848,Attack
0.14596797058102115,0.07642793425452304,1.1364718849730873,0.6086353513222633,1.575556889763214,3.2707948272595013,0.5501900412443771,0.9237617072887875,0.0031264388206263217,0.23115451756174415,Benign
1.1212785343537786,0.012499124679650054,1.047959326564895,0.9926484521950923,0.09731004540128327,2.6001332124340486,1.451615019885065,2.3968687609778363,0.16620934265480092,1.403197998228071,Attack
0.4203070720181322,3.0454380226852913,0.6645046537423004,0.9640357186398767,0.3258213504553397,0.6433871955891156,1.3937653347381271,1.0629827466920718,0.01400473642664731,0.03584710993367694,Benign
0.6123736916113324,1.5066831440281225,0.9339593836665863,0.20052850531534974,1.623280413344836,3.3727200907175248,0.41044296151296816,0.6504214139428232,0.589305612221685,0.3473067361654511,Benign
0.425393564816688,0.35753425724669774,0.2026507246170013,0.0598271186907719,0.33727276507220394,2.1706025689435506,0.38856378489709464,0.26999269840309004,1.554654264383995,0.5173965972349204,Benign
1.4313608440461167,1.1620795338651737,1.1621105997504046,0.36395469386584106,0.8542325703295431,2.903332935595461,1.35811869424796,1.2214377458395065,0.6053290266190389,1.1668698771825776,Attack
0.7332492381296271,0.1795981239684456,0.3546185796061722,0.17092643329671237,1.094131961910009,0.1009491391042661,0.09271740879465316,0.21582347341275235,0.4759036846634556,0.1758870019703978,Benign
1.3120408767825156,0.7738374215077741,5.1142409878598505,3.413763788326375,0.7172769469361548,0.6363063917737478,0.11973385508551751,1.6488271125648994,3.5263868508845424,0.6585951024300227,Attack
1.5800012794208542,0.02090807020337987,7.3874972432069255,0.1061797541415693,1.5118737798350053,0.05450053723919861,0.34367768031975643,0.4010851746654315,1.0583729256587953,0.06658805526835244,Attack
0.4495495569673913,0.24248179726922622,0.12147707550444031,1.6843106687134723,0.481053192296313,0.09803101949326702,0.5730674793876915,0.19590621184668472,0.0011048458009492535,0.11004941194774075,Benign
1.1951520043158457,0.0017361827096279091,0.47728212285210014,0.7004496130916131,0.298575618298007,0.8048646424148327,1.8274022241538015,0.6259158847687486,0.5873030373434314,0.15164767118159445,Benign
0.6316855185327809,2.319150898786695,0.5830359787072296,0.7289844249422187,2.876447600222137,0.3996410745643562,0.04509769226189196,2.100988245919116,0.6911265354644027,0.14291854913393642,Benign
0.0877572224416011,0.6679382330150003,1.5695289148270823,0.031040168658025308,0.07280866110344342,0.1116453912416248,0.1699464939322498,0.9975215766130063,0.05649287720012371,1.9080836232278577,Benign
2.5185068090031733,4.996501216169816,0.009796575092182463,0.21646430042030604,0.7342285508396904,0.06990547826754297,4.114415672325533,3.35614678678174,0.6837042581339856,1.997870009775918,Attack
2.0722063879010753,0.7551356906558371,0.48876825751333364,2.006799243086612,0.5984922093403856,2.4826681439650535,1.0109751498506496,0.6845609640059754,0.5000068485623455,0.34246559036823204,Attack
0.22055664587473675,0.010633104910896498,0.31057307774889914,0.01828425400777985,0.2502957401631655,3.30664526461572,2.473247731011129,2.4041140991010264,0.4003782637299135,2.983477860659325,Benign
1.1492288499157028,0.04491575798474018,0.2623603033555177,1.0812846487754566,0.1772135543815329,0.11860020575551374,1.4305970258061056,0.0059671543491317015,0.035270008169557145,1.9500632776643796,Benign
0.3496241895916988,2.6895583141062374,1.537710662516413,1.1490112459940387,0.42783092841568066,0.1722813184400204,0.07760721860219252,1.4343330046163643,0.10505068019238147,0.20428442757792764,Attack
0.7675185192389891,0.039489176734520404,1.0795377815202531,0.06719346234012974,0.204306814065224,0.08232151833304038,2.3365191126469,3.5860470738945525,1.3148954201049832,1.1748303080400484,Attack
0.29118943094502203,1.1295696857317759,1.1831997305054935,1.429909885522213,1.6039388542886386,1.6590567022267817,0.01960401032539986,1.1759480396226825,0.9778721885762207,2.0619547618277143,Benign
0.12607059594580391,1.123113769152831,0.6402145054024182,0.6556897341749097,0.1626520194423183,1.4429900066983359,0.7092357090850083,0.10911357753263587,7.470674843099635,0.9351124710336877,Benign
0.5117837297294192,3.2609037639327636,1.866661373676643,1.5455731628745515,0.07200435324713812,1.1242325112982776,2.1848847073978663,0.6866992281945955,1.4610188920335898,0.325584563176516,Benign
0.14969827111294468,2.164373396969421,0.5458600656217983,0.715390610986731,0.36034663993720395,0.6920967292832878,0.3496700966390588,0.05667469495911899,1.9940324107357865,0.1872101107595205,Benign
0.38441348020238764,1.9441702979611533,1.0960869399056874,0.8720654709677087,2.172490721051354,0.17884767555560133,0.6681552119612089,0.6294945688072223,3.4932087515925927,1.7261542250989992,Benign
0.22056953727511372,0.16722592346169926,0.46310749885616054,0.21899739932817083,0.46766336527531743,0.11304010767710931,0.8984176796720937,0.2232461563048766,0.24413618682185334,4.01097298534929,Benign
1.6926858457772898,2.1406711778523206,0.06558347318663053,0.3056665532716318,0.46791617471401536,1.7493154811851401,0.9467467002068803,0.006202493967234204,0.33673697840030864,1.6880420919316175,Attack
5.675036140461937,0.4228241732596236,0.6272266937379913,0.9317931108921264,0.6270689887554523,1.6630263277636934,2.2139616251259073,0.21079528449211887,0.7925930230987768,0.11118811453900541,Attack
0.17547100646637034,0.6336788361148733,0.36783554602929447,0.09108379761432356,0.7490627070354299,1.3411048629676596,1.3083981554297437,0.37847066539017593,0.7726545985007732,0.22207360620228458,Benign
0.26225310114951866,0.38867869871422966,2.847463314585223,0.5364634387572692,0.8822336813718822,0.7665735040215873,1.3772803507046227,2.9189312422209817,0.4242164059474793,1.3149750278914965,Attack
0.40445467248477907,2.066893806527818,0.14948488023017686,0.14538099040378658,0.7494575852469069,0.08545468313185117,0.32320065009779353,0.7809988258051282,0.3034154649466097,2.6446255828682377,Benign
0.7826420698659634,0.6468800595525971,0.7445691194975216,1.2684099592891818,0.3610902401465315,1.4106791756023602,2.5497391655298944,2.041063375534503,0.7229780996526993,0.24353190429692764,Benign
0.32787890276881027,1.6082998151517072,0.9244406924870417,0.39491968962703006,0.03187568725540099,1.9694949725915476,0.16586787394739386,0.5977559545065222,0.3141667059364938,0.41974535334091595,Benign
0.08081555075092535,0.33312212938511143,2.5053915441625305,0.6043829259343619,0.5841705700100861,0.886922607186738,0.43604734119337496,0.3957613964387292,0.019629851511671667,1.566161468318576,Attack
1.2116320713106787,0.5074064255627018,0.9827751062509352,0.5083109386804946,0.12272125094080245,0.1564397342213113,3.3393521312566823,1.2680455303234084,0.4469656381442036,1.4172232246347856,Attack
0.7250433876655662,1.543041419280274,1.0975803798558934,1.4100277175150062,0.0057415003705650405,4.305699810164589,0.04755089733458208,0.49899693696657565,0.13221553484727253,0.2162223700785473,Benign
0.5258587641915745,0.44051465024276787,2.889951067411244,0.4864905345951457,3.008085621637801,0.8730697087458978,0.49835561509564263,0.9141161768970368,0.8654562665749459,0.29826963620362495,Attack
0.2912711947537714,2.2932186330584177,0.07962079871260616,0.7232424803561354,3.052975798364769,0.38171478301838807,1.681624388437709,0.3716508817711742,3.1252401052402834,0.15014759556199445,Benign
0.5297677085662857,0.7193520033818542,1.368041996040159,0.8575951860348902,1.5352335075435388,0.15307723904881948,1.5954774485315641,2.4587809397891704,1.4343231656478288,0.3851944546516976,Attack
0.2277689822080013,0.31720491778634213,0.12784685825878897,1.094158416828873,0.7977316115687806,0.7988434936635606,0.9683758116861374,2.2912366026720905,0.06831941379507203,0.5094393562098956,Benign
0.2475426286686221,1.2421841580225512,2.123953253414556,0.3389215599094161,0.6272588363533766,0.04808313794329854,0.6346356843238881,0.3698711264694949,0.9698531965908916,0.669774808390651,Benign
1.6136738642876742,0.5534152910062085,0.6369865979196994,1.8710126520228882,0.5785728054627862,0.9887655990231258,0.25323097810432216,1.4214359056854868,1.0332890052209482,1.0733689231990118,Attack
1.1285756156470017,0.9417296784515168,0.08113017425012324,0.367182469023376,2.095260619836372,1.7521851230898327,1.7195762208143366,2.9341068357194415,0.8385845212259807,0.777312064528853,Benign
0.6934465795689485,0.06725531014673204,0.7360446832448161,1.3279606685983356,0.3300130050213554,2.23531488506716,1.005997668594923,1.1970669681785053,0.9396658287587425,1.7056147923117395,Attack
0.6193481281073715,0.7814168193060691,0.2745554316334963,0.7231074733293756,0.2719058567303003,1.8057802826730915,0.8522544896496407,0.8391785701284767,1.6012054551768895,0.24892335776558452,Benign
0.25954743479859677,3.084096832296985,0.9186250215217417,0.8476017520828016,0.016564785957988624,0.49655426858384116,2.3093902228569734,1.6719741886720019,0.5106004144238893,1.055138286718607,Benign
0.4660805154072182,0.6038573014955401,0.4347508637802992,0.2466311509339405,0.789107117364585,0.6733771980028203,3.0748143219624033,0.11632423410722027,0.5981424669681015,1.443502552869705,Benign
0.7277189479337774,2.652231483859749,0.48628647321688756,0.1652248214701753,2.1518915749403233,0.0707567683762502,0.558079425950026,0.4169769182178218,0.9208748795446655,1.299216649838619,Attack
0.6409168696272745,1.8846613361705102,0.04725568871166533,0.3913817192316213,0.8732769578438936,0.47622146605381793,0.1554862531459194,0.22903812606289037,0.505606204900707,0.4208347754313769,Benign
1.3081836586295752,1.184594229153902,1.1203980723986093,0.972321186096754,1.3973141976008925,2.9580895519050068,0.3490929702473625,2.15434518516167,0.015087172922619248,3.0383542751683867,Attack
0.10566810444525124,0.11931460243564079,0.5698535153135041,0.1666291307244439,0.012345797745313069,7.122615778493983e-05,0.3342927843463022,1.7474227138504355,0.12859535653529777,0.9183949456194906,Attack
1.725678364029638,0.21765469750446165,0.3412669484295025,5.0633555540131825,1.2063909217821505,0.7222631209305467,1.8616799155816142,0.10899587400641043,1.547575650022053,1.3667209208888007,Attack
0.453012707285662,0.3636769194512094,0.8233601718382498,1.4519753510883904,1.6060874836383734,2.2604648475752263,0.20117519063012643,0.27692705549721314,1.3518694219836815,0.20161422215754876,Attack
0.00901426126263332,0.23823608422353196,0.3622975987306779,0.3649065459678578,1.1252732358980628,1.0148390418190567,0.5928247228650507,1.2994074691830626,0.671180749277201,1.047289696189831,Benign
3.145397985697599,1.4147005673118938,0.3140409346134167,0.17159633027196847,2.8437152790648357,1.0795909884203396,1.785895155204189,0.8701226338434449,0.8727447307861234,7.205969934838762,Attack
2.4817756200938073,0.06609410058704623,0.1892073841668139,0.44760262969277886,0.42535722715179464,0.1964758365201012,1.1079607599692838,0.5555199735556164,2.1703833741171223,0.43616270654458816,Attack
0.7457981519280207,0.5472366041689236,1.062802456812635,0.28888197846914454,1.768403764785807,3.419996348636889,0.06912304642099401,0.004359581924965882,0.5319560581576251,0.7729515042351877,Benign
1.2970679204649143,0.5341757564132746,0.6226172131777596,0.9295600205411058,0.5031142494589464,3.4139754662768094,0.06669109856791261,0.12030629933427976,0.7459412612641837,0.3096879754609264,Attack
1.7293191984972012,0.4265585430716227,0.2287042495933766,0.1766239575064678,0.9678249981614827,0.17860522595574072,0.566152835491067,1.143277102267336,1.2906267532119802,0.47943255849907773,Benign
0.0471631805683511,0.4511480331657338,0.543173120166599,0.6190352916264008,0.27295474671539666,4.2066262900387486,1.384234371746549,0.09376355712517138,0.08464704824408711,0.5975624722698889,Benign
1.6014401978278763,0.08667249383536231,1.6139451350124603,1.0706617012465984,1.6694079965553537,1.7289990155035666,1.3869052656871252,0.9460655567977417,2.0932517620256763,1.000137206492488,Attack
0.8519495597443653,0.7504019641154718,1.4003699644553151,0.34872979067961146,4.293524039049301,1.609593725587538,0.17903530953907298,1.2695986888971489,1.319104896639893,0.1312139571346444,Benign
0.560822171103395,0.34248709645321396,0.20134213186265099,0.29509241947027814,1.3694275780423117,0.7043052043928478,0.34872453110870816,0.23061147166416895,1.8028042666626898,0.6165668324245531,Benign
1.2084692885385186,0.5557089993822878,0.29867334581138943,1.401125914782134,0.7232268941280693,1.0341317148857774,1.8915208337401972,2.5749017653721324,1.2747179575668754,0.9762488240683841,Benign
1.5913442558710482,0.3237388317697231,0.38876576595702655,1.31040896304023,0.3862354520870944,0.38029847192036004,2.1264915195159064,1.6918516656690556,0.3985164868235727,0.6060061223473301,Attack
1.7434232745268083,0.0986463383188162,1.275885528997134,0.18763452263140254,1.9536150632762823,0.640955993439538,0.17550290942925065,0.0004842279774812031,0.032472033409462836,0.3969071456226856,Attack
1.537553724579715,0.03615406478417725,1.3374225924087062,2.2374260535126,0.42895663248449256,1.3373591525702946,0.016405003101758516,0.12989759681487031,0.2857732761602934,0.5541788184925759,Attack
1.2382057996534177,1.7395246601626833,0.4756936621737537,0.7194696443981307,4.015175445550363,0.7927208098277226,0.5325428091107335,1.7239779608220058,5.4600390117700766,0.539597599835619,Attack
1.1035449350282374,2.461680066953715,0.4471631909866363,0.5886982143083128,0.7782260361607599,0.8569923469077677,1.3381012250390774,1.2006255907098444,0.545878367126246,2.568073939571269,Benign
0.5690632505588277,0.2690688814150858,0.9771443776010835,1.8349676492538445,0.31272837570232714,0.8948980719706096,0.39947181629493583,0.03293358952370222,0.27814176437219335,1.170922317839122,Benign
1.4053314210916856,0.26481979542274486,0.9951162731737331,0.5609410416289043,0.9285004272962205,0.03894373142154104,0.15730883129269838,0.2170026465361294,0.3421350325390756,0.5477523218419943,Attack
0.5699269745329212,0.5577723336371255,0.139644964681963,2.8901685073336427,0.4193200913057089,0.8030207680929746,1.9842426938329978,0.13688783985204858,0.8370576951745997,0.4978075305847674,Benign
1.6784823790895362,0.6590602552529551,0.4325099140990604,0.013343333955029402,2.7020264239767426,0.11407632468108542,0.9777113467321862,0.3710193591276713,3.2951839693903637,0.16652759854787286,Attack
2.710055342589248,4.13610601341718,0.31596454712775335,0.11163338166536303,1.0629453187222062,0.3058524116763631,0.3920603803005333,1.352801180159095,2.119151375918324,0.9299545988512617,Attack
1.642643746850211,0.1221494477486327,2.5039959510039234,0.137721656958815,0.1194191859090159,0.305344403653834,0.7494767176700021,0.18246998773111603,2.577041600505125,0.25227539426504425,Attack
2.1454035443740946,2.4966330564243666,0.5686968285232804,2.247088306862382,1.6647965273815781,0.52208334241369,1.6774052152784968,1.1524860484972523,0.33144266207795736,3.7172335146002213,Attack
0.9709023000562794,1.867164982219469,0.5641235888989345,1.0698365427435554,0.2839840253902396,0.36667868041374535,1.4341275860108165,2.03397510207137,4.099932923892363,0.6995556992421782,Benign
0.029636129125470766,0.18339727831292,0.19110836736453238,3.3377474025416705,0.3735894012653801,0.38946773323392697,2.7109322608120254,0.7914847994868891,0.4314790779460125,0.03154609946047228,Benign
0.09865169247950699,0.2452976484460075,0.2680870400426235,0.6069261249970149,0.9057390178523099,0.2803665048330901,0.8671573970606349,0.5606875321104013,1.7795712993283574,0.7663336904095286,Benign
0.6999142994471341,0.48316227954641233,0.6684025217540344,0.36487133755862244,0.2877056704338214,0.8660386642512351,0.4062169774508425,0.38764948722381304,3.1928053811252717,1.1581747837498657,Attack
0.5077524834951318,1.1085638621959137,1.7994777992504072,3.9578207709093847,0.8352798595873943,0.05799786936665772,0.7165981697945921,0.08599217630090032,3.4180908393033205,0.15627618183348335,Attack
0.07139342779257862,2.3113207154339515,0.5768861091471665,0.7213618437423627,0.585200189335807,2.653742323798009,0.8724977580551073,0.6428983924518529,0.11330403768037697,2.928480622854924,Benign
0.26294839341444604,2.7636802148673465,0.04937384217213469,2.042537297278573,0.5612993438135577,4.3339646733384285,1.7759969423218605,0.12928149126100738,0.135770168106541,0.39354878422045175,Benign
3.5024371074721676,0.897653927834829,0.8837073409775447,1.782048768557624,1.2302070254719115,1.189304015224442,1.9185185945174803,0.8481574141559746,1.3197792034464444,0.4970783630396143,Attack
0.7535131948183018,0.9719384834165158,0.5020431437704219,1.7243759090523685,2.3819787431602117,0.1838856700471719,1.8390915818964173,0.06844792223653762,0.23550525043008347,0.8470768229246325,Attack
1.931515943475112,3.653951236768931,1.0427876649564567,0.059173023682864326,1.5261631353275844,0.2317415201187388,0.2517159029837535,0.09454489032434779,0.6624894017454708,0.40335138395880327,Attack
2.04507759655352,1.264582391881328,0.4389938777741251,0.36269219995911195,0.7179385299413434,0.2873940345861748,0.05194034791983483,0.44120733018667807,0.28924264779551184,1.3075731739885892,Attack
1.0580302989774562,0.2581317143494715,1.9929758858485394,0.8266087217535338,3.0130602287585586,1.487926638163377,2.322553139736032,3.1783603034687067,0.5159040902777902,1.100793339718115,Attack
0.173175365670106,0.2782882096546001,0.2286994761358321,0.6179067696094199,1.2463493111155781,0.8439213186499531,0.028600398829982703,0.2424656357761595,1.2494837845844735,1.0155825869539734,Benign
0.3190903626343747,0.36534821272963797,1.5095007254495056,0.7329596961854737,0.9089811345653688,0.5694583495059922,1.3632895481929936,2.229743533547649,3.3538557502848954,1.1234373559235287,Benign
0.5167545833673197,0.15820264378966978,0.036455305910541254,3.0914863199033817,1.3507701405913857,0.49640088536397753,0.9561688712359372,1.8888096602639566,3.885642480312963,0.22126259706246776,Benign
0.9070625986702383,1.591514806492346,4.648596812971634,1.4205698490035534,0.976487010754563,1.153316760901879,0.3532807753840578,1.147998900833804,1.982594068559233,0.3089257568153325,Attack
2.6919560474766624,0.11013224530371772,0.48755753393213425,0.18123421168957798,0.08560084154607409,3.6770103064198607,0.31751984150487683,0.7207677037480847,0.9827918956183915,0.1406710475852858,Attack
0.34454515747815245,0.32578158553661984,0.3727206776422603,0.6592184609255727,0.4055651256099823,1.6853389040435058,0.7213220628917058,0.5229378992986946,0.25942012069440246,1.4361279240852816,Benign
0.48657699486769596,0.4912913808327341,3.3291233288499114,0.05915711641694492,0.5249805962374795,0.9237395270632976,1.3805564010369895,1.322998789266866,0.32479031602315134,0.007409990199945112,Attack
1.105369221546447,0.8910615083907023,0.0922113421645814,0.7070919816458135,0.20544824164618686,0.12133187746731018,0.8531519003925714,1.1211308095138541,0.9678971577923591,0.36812012725161974,Benign
0.925720247544553,0.6105453419197535,0.7194574536060682,1.2731314311721156,0.9043073920144709,0.995878606187879,1.6419325764788681,0.46172161307958465,0.7417413061726458,1.0359468940924708,Attack
1.779762657180674,0.29570088144099343,1.4678768282843169,0.3226084378647237,0.39723630935552184,0.5500651633101259,0.11612344716089205,2.1578301838274667,1.973540557498716,3.0708312903846995,Attack
0.9007899634856005,1.13555810166036,0.3528646295797501,0.028718755881009413,1.3288915949127322,0.2198478273098823,0.28860958345853066,4.980241307095585,0.16587130469221498,0.09293558580340837,Benign
0.07828279661937566,1.0677717764271546,0.4472481950752916,0.40525657605645427,0.7968181400346438,0.1070552126352378,0.1415232249101093,2.4906887344454285,2.12256967154564,0.8294411475289208,Benign
2.450193700033807,0.07940537416075828,0.8084592867920564,1.143644904470715,1.8536317098511026,0.860125255010995,0.8421393973455257,0.34485442520008686,1.1002267514038677,0.13548819580915666,Attack
1.9521188615800844,0.6789446020933954,0.11446015953370434,0.35767276645386553,0.623789130825955,3.507144109784595,1.127580414472972,1.5703741604718087,4.62860866654467,1.370362689400733,Attack
0.07595010220491646,1.2394949694107464,1.485055964156195,0.37757200052445505,0.1770718036409971,0.8148648515901844,6.223300669428093,1.5331474028819776,2.0483610478695757,1.479779426959508,Attack
0.4246012848722887,0.9580954737584887,2.9315973842908734,0.3588645904291176,0.05662112974772025,7.6146659199396725,0.49981695042271806,4.633911238409699,0.8961256804766731,0.8256420644094692,Attack
1.0573973281234499,0.8652004310800835,3.2866007721058237,0.541839969733569,0.16524186914290526,1.956562186501158,1.1492041486277225,0.035552056131649704,1.140745312883801,1.6666559412473205,Attack
0.38133818512483253,0.5290392046262927,0.12925087839464033,0.341995442943243,1.1303923970986762,0.03132551049452673,1.498239964655119,2.909525789246988,0.11648848407079415,0.5826447774447809,Benign
0.2364407702246564,0.6639697866287033,1.5871012136049227,1.0696394692980504,0.5248480295072961,0.21316245202446574,4.037777301333368,0.30747286389886563,0.36275839846482716,0.005163482460343287,Attack
4.4518165049200356,1.5214784623056745,1.9924428504444318,1.938160518658713,0.5333808122969064,0.5906182244799995,1.6787911432782539,1.2853241981638621,0.08374063794559447,0.6901677891544339,Attack
3.2699078378836677,0.9251095979186775,1.0106242552345774,0.30665667275050684,4.027789598390453,2.4474135097858536,0.7164661158763665,0.4414302018234544,0.3249491602454103,0.5266391163856333,Attack
0.16672159325055236,0.2811884915478233,0.04986771594142374,1.9721284106344315,0.08782682803792576,0.05317782844916595,1.9511916905632947,0.7776092633146209,1.2935477418096084,1.7380989833144236,Benign
0.6855952442714304,1.3483326739047288,0.7351651273206926,3.79403112784013,1.6908184490631526,0.36200471165507825,0.7183971542486646,0.22175873616415026,1.2715889926083863,0.2782911781728329,Attack
0.7270091795499397,0.7515935950272835,0.8178911523596042,0.28532846004055956,0.747032816294225,1.875913026465372,0.29741451045496914,0.4277255928656624,1.206990853738269,0.22891763329991333,Attack
3.034809090507148,1.452332950940178,1.4570341078894973,1.2551710486544787,0.3722866994069895,0.6095027334204589,0.7172839401436035,0.7704952858774533,1.3860453731024809,0.37518495314397843,Attack
0.6067611255970965,3.496210389637782,2.869132014946973,0.3579785179705903,1.102755389024073,0.24834822528284609,0.4105999456464052,0.39127881292710265,1.0718471367891558,2.6513028086310966,Attack
0.6374503687411656,3.0279196512307984,2.229068204092858,0.7548298524682964,1.139992548018889,0.9590742601583391,1.7945510389543355,0.9013250837489306,0.7151062241587195,0.9165641487194326,Attack
0.8683577632509016,0.2959018989920517,0.024479156463488937,0.5063880743184056,0.4471687635204305,5.971024179973087,0.8367475748695001,0.8867425246826688,1.0890890722800681,1.1830511473870078,Benign
0.175690558380058,0.6501806879732169,0.08327718487513214,0.0013809508462037995,0.7269213800746753,3.9858206512322703,0.6416913560734607,0.07360346771526352,0.3460686661343212,0.20331328072565982,Benign
1.2929728988285383,0.38317243784700245,1.0388818809867946,0.5531418813682558,1.0319632371898158,0.9579644243026572,2.1997346736488432,0.3682393256211731,0.42593890428973674,0.6480501785063669,Attack
0.7424585601173995,0.23156268125597457,0.8034262444314236,1.3330779863092823,0.30037051325973746,2.1499206649732017,1.7836728315321144,1.6517344132245033,1.3938114558103905,1.0660184944873716,Attack
0.6635759863125155,1.1000411490580104,1.9209277216683813,0.5699264556988975,0.18274688906899925,3.14783518252673,2.5989871358650998,0.4495421194260241,0.5005519386906965,1.5714482546292907,Attack
0.5866087072525246,0.6049793776185496,0.7897550093001079,0.2716516481692965,0.8318516004243274,0.24447964588544407,0.4468692660324377,0.3448632846355066,0.08106018626446736,2.099003921952493,Attack
0.4000341067908433,0.36932047688565905,6.604078746793234,0.9046912958530675,0.05425890979372839,0.5691079311302746,0.4206208682215165,0.6580539844911873,0.21072056340542494,0.19131466242080122,Attack
0.09666365813060007,1.2930881631225695,0.029601171530599286,1.5494811462396911,0.17588994643892336,1.4522951647377231,1.2877043648353141,1.1097641077608855,0.03926012237168835,0.4389610859361734,Benign
1.0687939131454993,0.021320344717722737,0.3799424610062796,0.5163709203357599,2.1021039810567443,0.26793106662271116,0.22081648822308775,3.419710330348553,0.4570946283321509,0.45926290550633125,Benign
1.4416110455641407,1.2286469355172485,0.5811104622341081,0.9647670537703462,0.407096897492483,1.1945861076370208,0.15106705178749444,0.15129074228258077,0.44031717716061186,0.01790838424664921,Benign
0.2614379553776083,0.7428297245860497,0.42689373226775196,0.14753111917873246,6.238665463290679,1.9606777942395661,0.30022337378369013,1.839960328442852,2.5748795346435616,1.3914778990912884,Benign
0.056549509590666604,0.8350045137392269,0.737277611381728,0.7667783962685488,0.11955117661709545,1.2566573604624942,2.1350841363295605,0.08648795032366655,0.31670222122694514,0.011677584053589077,Benign
1.738644370696949,4.811322726987763,0.02013082883084768,2.287061030310413,0.5890639210115802,2.893232370886784,3.7599658912137675,1.6210958725826419,0.13450218388374457,0.7981409818353679,Benign
0.18895656564864857,4.731700933223162,0.6409755884994002,0.2535134831823861,0.3568730062117203,3.3731568072739075,0.11523989629132318,1.3128148605944518,2.2116507143548874,0.5195353403493256,Benign
1.0925034927698372,0.8133409534779517,0.6113742085038543,0.5127197514854673,0.07009258207061073,0.3407717489165095,0.19446615671454198,0.6061889775537609,1.4034445768814658,0.27287643024199526,Attack
0.3306525932913391,0.3927221708351918,1.5666354818785195,1.9939490416780348,0.1495966914780095,2.3380861048385766,1.5362925787667348,0.09585717752787706,1.1061374541786482,0.8955893846041308,Attack
0.7437713702117205,0.08113696453484852,1.0437240070308198,0.7778057037015934,0.3138524193710004,0.5948055857790499,1.4694101795096737,0.04708158412035466,0.5471558139001486,1.838930224441778,Benign
0.5607265533145667,1.9582544845962644,0.17909801675311118,1.4753042818616167,2.7770983191782057,0.15273075702405883,1.7634636759250082,0.3028240610038512,0.12239088444606568,0.10332595837339487,Benign
0.5191843648834451,0.014582818716896982,0.28142563476497057,0.5220407956379246,0.5861726646654472,0.23166543653096308,0.3825159468502206,0.2018443239631066,0.27868686098665063,1.1976921144220525,Benign
0.5347692696750135,1.3655174494623894,0.2765451208085388,0.02725123266302192,0.7712985358727665,1.2577418533090041,0.09995965202382914,1.1316873622324302,0.12261931704564659,0.3589514388671927,Benign
0.8154488520043791,0.10139572134639983,0.9753804014403124,0.7608939717920911,1.0721101632090957,0.08013526527854117,0.29096825545432475,1.6460444022417016,0.02377110258153524,1.7414238360078629,Benign
1.304794391858336,0.09703294323358258,0.16749063593871538,1.502709660858254,0.660273234584127,0.5484803644175335,0.3111727764883643,0.5721839245115528,0.4437364966923777,0.5286780610895262,Benign
1.7766955570714025,0.03477986291898165,2.1869435653932663,0.338085403473131,0.3318976959586898,1.1316695690908152,1.9628808483529836,0.8172354939157793,0.2764831024306219,0.10922681910078728,Attack
0.5400855883432074,0.07722506538912856,1.9049941004011126,0.3469822744891066,1.2925251777758584,1.6366145374975842,0.8582192158847152,1.3233041095981553,0.8345066887849488,0.42508458740721117,Attack
1.2597486840951841,1.1677300785748204,0.15282932059721618,1.4182608263028962,0.44971624036793867,2.682428621370739,1.849007276307264,0.7223276891416833,0.9362676412898437,0.1416692069308745,Benign
0.6743299731562152,0.5846409711473809,0.46018206717524657,0.6139608858597804,4.1461606693448125,0.15051490083398636,0.09010397444867221,0.6003689491338353,0.400736323182896,1.0369766181989197,Benign
0.280788717733249,1.9376352850202296,1.6422784431159199,0.20769093460560745,0.13472570192956554,1.1323584619417508,0.033774754017687085,0.30630585223780127,2.0089510196771583,0.13677469116066113,Attack
0.8613816714298854,0.6233114345633207,3.325549168620417,0.45623242511902035,1.695745912470398,2.359279184944166,0.1633981352501143,0.6496947640878176,0.7447490653608109,0.6419845489832676,Attack
1.7457438273071826,0.050968095255538096,0.2695136043388416,0.21140971106244616,0.08793611264164819,0.25918045779583604,0.38060022944001815,0.39194419486140625,0.031166716505324196,0.7277396615529123,Benign
0.17294718734860315,0.528790778044332,0.6530574929023721,0.9043282281129733,0.47680848157527406,0.08619610871974023,0.011852356065090908,0.4987986999791612,1.586308118344306,3.4998035033705572,Benign
1.3124902477191256,0.4429386796314665,2.6749922833323954,2.3974654579800165,1.4529437617318475,2.4670248402376,1.3743041974033041,0.7448556878492357,1.5492892842628263,0.9944983656109116,Attack
2.29328069769019,0.24576649552671354,0.15002797316287378,0.6093241802921376,0.12066411748111797,0.6238188686705368,1.1344686310329775,1.9060581842032716,3.499461806443837,0.37914282722090425,Attack
0.48194062712115765,0.43768582420448987,0.046687554160817046,0.17328839745744434,0.10640753163317537,0.823365108703153,0.5601974326345832,2.808628174003871,0.028342143884013057,0.3185298368070667,Benign
0.5051694432476741,0.9104879590779532,0.2622535267929425,0.37445255610963074,0.26647645501577294,1.1508550936390056,0.26318744408981204,1.242423869714362,1.248455166075124,0.7602296360376641,Benign
0.3652633088562723,0.11729279462615162,0.5656946369682568,1.1228927125586847,9.518119700398211,0.37311361357725215,0.14346731632622925,0.09083956115327854,2.2179165966579,0.6864376521692187,Benign
0.35306175157550723,0.5862373548262396,0.4066431542214342,0.5536943026821871,0.9743975735204082,0.255075670736474,1.3486638319157638,1.5789979458021366,0.14470269283810197,0.1576852673072193,Benign
0.5663537181429976,1.3597922322881721,0.44851393085687,5.1377505067332105,1.6453449907206839,0.054030767980157574,0.8762561747227207,1.3256068228217592,0.13640218053426442,1.8889205520421555,Benign
0.24570703129073682,0.23322257587663717,0.9407385956109385,0.06623262812152057,1.0439925554398117,0.28028222230766786,0.23904011859043298,1.2043916106515355,0.6839100404106953,1.2677475110297647,Benign
0.7836958342378373,2.142461805812101,1.5920387499591018,0.4912219984171485,1.0459376936764062,0.12244927202826779,1.204742596071586,0.1164316824367753,0.01822239804639749,0.5152218967061499,Attack
0.4354597634704917,1.1364078576431866,0.0852864522219704,2.291418441437154,1.8332608336333527,2.772556281183408,0.10002782215800445,0.42906390832466756,0.18756526207706364,0.24542711432880515,Benign
0.5829436308017915,0.3064452623869342,0.24962131641399943,0.4446069445009663,0.7633417792324477,0.18498879855690853,0.40544272126343295,0.629037287942188,2.0661779916146616,0.767732886205857,Benign
2.7664252453662055,2.989738257988984,0.2164348807430836,0.09701569701586428,2.947777943763412,2.4243324043719365,4.148437728298577,1.4277509940301152,0.1064085438612493,0.946836273407895,Attack
0.7529067898660005,1.7490763009246286,0.2155465348706431,0.1903217470684048,0.8500236175702385,0.1310407877918079,0.14275767089630045,2.3148736207027776,2.7340431855089586,2.0659254867160737,Benign
1.3090143343683438,0.3933428096112614,0.4032558585333503,1.872644784187459,3.500729887639664,0.005002047323879265,4.837252346997427,0.21236933681464215,1.7647435641479898,0.24100432664019003,Benign
0.45307177091826667,1.0313549093645815,0.27828164654729926,2.4324899444205244,0.15432006373855414,0.06963242267951335,3.2043885580753813,1.6496213220252722,0.47124332774293914,0.6402905951520605,Benign
1.0897971566171596,1.6093909055042634,0.4744760951541993,1.0210335465455218,0.31610318870363346,0.03372617611889763,1.8116028112883775,0.10987605286981078,0.020727438104261142,2.1865761381102704,Benign
2.3064258656739693,0.5962196217925062,0.8116654141229455,0.44609970921999315,0.5314641527860424,0.277023963282853,0.24533051387881316,0.41416477856829637,1.7929382045824283,3.2052336348784247,Attack
1.6126779395671509,1.228585881047289,0.6520654435158686,0.33824788208692386,1.0040965839174936,0.06747919290519204,3.8618608022775693,1.2341804546814514,2.10455932522993,0.013076566651796096,Attack
0.10529675328053356,1.423683137485114,0.027350200570970915,0.7673086925744048,0.25447867079779257,0.37504912590178,1.2479591970490458,0.27294488410659457,0.37798812189305725,0.9625618993867485,Benign
0.17494587985856203,1.219788497734169,1.8848519430233266,2.391903871761511,0.7525727354029739,0.2516974449188843,0.18297678771568548,0.17998622950691343,0.03431935733730695,1.3483509599293844,Attack
0.6693643370165447,2.1885315768726477,0.12756734174028872,3.045066204915077,0.5748958545789923,0.11718970854334883,0.018723117292873855,0.2208245313867893,1.8974854308085936,0.2204387554889162,Benign
1.227728098814762,0.08096879029524158,0.5830905166091259,0.9811904165851917,1.7487270365325187,1.0770122843557726,0.04621482503816182,1.505381149876917,0.005425366096022145,0.1984698318497452,Benign
2.4025311667775995,1.2503972331135145,1.1704799851914767,0.6968612782705559,1.212087018077201,0.2004539030250505,0.7703117129390564,0.4440174031050028,0.39478529777266763,1.0669941856934615,Attack
0.2893451306770929,0.9584822980457092,0.5237212401405609,4.941700683953454,0.2669363051030188,0.07315710998838405,2.2160187323475817,3.4145773094009724,1.1247891275285469,0.04635982593064092,Benign
0.018331384861202383,0.10817690417487484,2.1171578050449957,3.523095523693106,0.15352428938362372,0.17489187088620287,0.21730382395125908,1.946158320157724,0.9795387242418644,0.9284585301194755,Attack
0.009566512669621594,0.6098833112632088,0.6707787766524549,0.27115127216146856,0.04606228093947929,1.0590404208795239,1.0264474236874634,0.3619781199568772,1.7762250239593484,1.6413230866695003,Benign
1.3158851676605883,0.6341669082761962,4.834531089196092,0.29522491214911933,0.6475806490962085,1.9538122480344104,1.429588090440791,0.692554717766844,0.9267309066982659,1.66949019955725,Attack
0.6203094537236221,0.12374977013158014,0.250136963413266,0.7980356694919767,0.0530994327724289,1.07439053972378,0.08521202408482756,0.4181009958838887,1.03423744856371,0.1931328636218806,Benign
0.7291872005832354,5.5858056198394905,0.0688490576847735,0.982052400188478,1.0789445318185205,1.1012025996965982,2.9884929938940057,1.2640103196641743,3.3215153194439733,0.7011800438313956,Benign
0.7293924825101116,3.660922949694985,0.9450396306896311,0.33829236748167557,1.4801310437818078,1.0218042210434048,1.311258009775344,0.9422055367911741,1.8884657694850355,0.4938960827630896,Attack
0.19505000780113463,0.2549507556639809,1.286381768476672,1.0070803759732796,3.1126360388921674,0.7688026856497158,0.3266835232443802,4.332816790151355,2.6260649435716417,1.7496128702777214,Benign
2.348051959387126,0.5386614498099863,0.30623840582444783,0.41565741037276976,2.274195370709704,1.5431846072478836,0.06424497965363776,1.1886613302017814,0.35396634574554897,3.4091339557026905,Attack
1.6013303836574306,1.1485045218508407,0.8058122191280892,0.21746237255089146,1.2706348911685894,0.7930917660852781,1.8696122219092242,0.426630751254334,1.1438730570412332,0.11198622356340908,Attack
0.24247112600290346,0.23311071007969217,0.45499517622695224,2.0986826277634094,0.6544550833049493,0.7794456499479087,0.08680316097602202,0.6266884923924432,0.687261504740617,0.42976926573501917,Benign
1.1054120018841156,0.7108991783688429,0.18510946753705204,0.9422683564775081,0.7242517861230626,0.42926680265084094,0.027857253124963503,0.5496315513561492,2.4952308381981574,1.8634315890416733,Benign
0.8883093396593661,0.21696854023089612,1.5179780442096213,1.7415289887678111,0.04886743322006363,2.645602201456699,2.7998905442518764,0.25523984531330174,0.44927346196272244,0.07206228974295813,Attack
1.6546432208650386,0.7487657588846914,1.265215868129666,1.0890585005723943,1.3865895344197037,0.6299386025146602,0.297046683197077,0.5944657394213215,0.17574534955969512,4.228623694811964,Attack
0.5578857566351404,0.32962478618759716,0.4503203083058447,0.47820281529043773,0.7074101831605459,0.7111377066744119,0.3575239295177721,0.7222405896571067,4.086873081344909,0.1304738601678753,Benign
0.21355209657066354,3.5936334360198243,1.7250598746823715,3.4001962959094656,1.246089314359924,2.087987774165292,0.09037010316967378,1.994054970442241,0.8312437989372717,2.1705261721729303,Benign
0.9454497126612951,0.008247694610059511,0.3849210229961063,0.23172849136588514,1.3826574251032293,1.10579508282575,0.36615103073673366,0.5405688353619512,0.24966734550570732,0.2267608434731955,Benign
0.1089089340081463,0.7480960713554484,0.3169272990891393,0.6138641750952761,0.855502999321765,0.892262866920315,0.2403017170831736,0.3615471261622086,0.014304649576202514,0.5382118674879927,Benign
1.3899456060512452,0.03709417064890832,1.8194778212399119,2.27379824860305,0.8371680550763215,1.8236711823664093,0.6188547741682275,0.32940067211123053,0.0633719784886562,0.05089668262786207,Attack
1.8342796484671695,2.765160963720167,0.7914700256820895,2.231493155383662,1.0255694078778577,1.678347981183336,0.9449384916142431,0.9026469716744043,0.42638057785182526,0.9412769332180565,Attack
0.3005730903538639,0.057409196482314254,0.7674768266722368,0.09857169584195338,0.5684168080891395,0.022065830647604166,0.954130115354649,0.37845248843587226,0.1326376613209319,0.5349589155400089,Attack
0.5035338103751883,1.4748646909230765,2.5219546436348947,1.4086289895993582,0.12748181660361063,0.2679484235331698,6.339373012638374,0.5219490936613419,0.5091463613538649,1.6830643679250101,Attack
1.6239206492625784,0.14009547542324405,0.901904759905109,0.12446919796071602,1.8176458038230678,0.07853706463686906,0.7673615507599061,2.079698917515339,0.5827645196294972,1.2428665969009385,Attack
0.8869448005999544,2.000124995917413,3.0595478470870603,1.2639831394413517,2.5908595171924835,0.4328247397143329,0.7890002471449982,0.5971654838041534,2.6742473778132543,1.7006065224974822,Attack
0.37485597032420354,0.46893938914025335,3.15389752240667,0.2757547925203963,0.509540275322908,0.45643142913675605,0.026977225309375494,0.8925041280584751,0.538445545763621,0.13195553649657385,Attack
0.017530085036120618,0.5513648600567727,1.7180681138199598,1.5433675307609658,0.27188939497899234,0.36109397033901247,0.6645323924084936,0.09561606621065559,1.0208073972472256,0.29771176101548485,Attack
2.129321090455043,1.044166173655216,0.37384893598605484,1.6571686571645718,2.2866571932910897,0.784346014519418,0.3212588229081283,3.3202565522048824,2.0222850316036673,2.43961699269483,Attack
1.1173850201442186,1.0445390857234766,1.1906492960598491,0.18020801694386182,0.9374649369911914,0.19058148269313172,0.29752505524544987,0.3953283577961515,1.4470984179097865,0.7194056791195422,Attack
0.7183940296088751,1.0768424326889727,0.7136552441768934,1.2604133598653084,0.07709913280019022,0.5090781765421425,0.7459211128395408,0.11668817537442422,0.6145254649806736,0.6267132060971222,Attack
1.229283674263809,0.3938408870195394,1.097373147118126,1.367211240499975,1.1796963830205935,0.32028857617747236,1.3059534723410096,1.2014198172146136,0.39002175742045997,0.2661183136767172,Benign
0.37423128408142203,0.1732289520166541,0.820745981398205,0.7417601353670262,0.5946147437525164,0.35052340755558603,0.10870571631824387,2.2885117155695767,0.8538478237125163,1.518318461437113,Benign
1.788516581202725,1.528052681465173,0.5560076507963526,0.9988135330991371,0.0456349277027255,1.704744864257344,2.3793770186848326,2.7375187232705733,0.27802926540644485,0.24910798194356518,Attack
0.6843685861451694,1.0235110571619686,0.9197806807850432,1.9985070636389781,0.7557683500392224,0.727101886160254,0.7762947535670575,0.566991236732968,0.5496124203198788,0.3865156133682249,Attack
0.15189889524802017,0.30670464478663406,0.15061914608104948,0.6687023139422127,3.6575095710879904,0.8815802743163742,0.7869668778678901,0.8187561807293,0.24847057899180638,0.6650675316906427,Benign
0.2288384057272046,1.0943831254026695,1.8508419430726066,0.24765789276335134,2.730998782269299,2.220493430662472,0.0017700290110401389,0.4483454000442148,0.21458932591883487,0.17012459659969706,Attack
1.7624117029192263,1.2571042443697478,0.6624133121208671,1.6303878632688555,1.4495763765593104,0.0949970878007219,0.08346041235322564,1.4210553099073675,0.10206942172330251,1.887482634024235,Attack
1.0353136830701721,1.278305966240949,0.533166737812664,0.3117910362682767,0.40797502087560855,0.12599769315746215,0.42658973116890575,1.1734548103217102,2.066582077762055,0.06366903514542507,Benign
1.9752038881735812,3.050925525883118,2.6298361714525855,0.790533065499766,1.9688817541652166,1.4348764046185074,0.7600105437572234,0.8337226145338295,0.176878607267673,1.7313020960879943,Attack
0.07967283579765921,1.151314254391222,3.87252606318932,1.426210380881153,0.8079822148017753,0.47594072718121544,1.8878037904510077,0.09458757774252725,0.6759441671897318,1.491021807194578,Attack
0.40902763323782904,0.49379609104332006,0.09257207637265286,0.16183121496720967,0.02966464374791945,0.42799849584307714,0.7356560304714334,0.39775277769717937,0.3484588847971079,1.1556902325784082,Benign
2.7667732897082065,0.7530149554704665,0.7877116392155028,0.3330382121482266,0.4673314766440783,0.41198115550929665,3.0646325745246408,1.2421498848321313,1.5350747759770589,0.2145019479740751,Attack
1.7292128452652389,0.58175635746942,0.14901169086566288,1.0254369749495982,0.15951028369563408,0.6040566423633349,0.13191132654207827,0.7881753493628295,0.2259917566624879,0.24100840124726478,Benign
0.16225026819328447,0.04221378712363364,0.13397094213059801,1.4903050170036696,0.4719313241125632,1.788617388311651,2.670279619816159,2.8945284297439287,0.07300516370281229,0.7833571464261075,Benign
0.10691795275063147,2.124727422441563,1.518314170438841,0.4487337592490305,0.49161746698257713,0.8120400230898666,1.1720239711645422,1.8595182341477166,0.1158344953873488,0.8236994434461519,Attack
0.47916972447637635,0.3195051757796579,1.2301796710386936,0.5139269987402357,1.4130165956231366,1.7522075454966393,0.4733498450271588,0.01697231283463637,3.5256629204918952,1.222668016090708,Attack
2.2707264734277275,0.09485914302382455,0.13932906798450193,0.06162637381047769,0.24575249216629946,0.008816195140376267,2.0973004632825454,0.37772139401989113,1.5982494442540516,1.786667343630854,Attack
1.772273409314638,0.6629070405757439,3.520693032041605,2.2160433994707045,3.1939361676645337,0.8854652738323167,2.043419646687113,0.6136514258952526,1.3235803724083066,1.202605268568952,Attack
0.07428045813391276,0.2250340887109474,1.5492768013878215,0.026340830011808807,1.464793900894612,0.8822894068614084,4.704082810664605,0.03440814203392879,0.7235358225891936,3.1771553238874417,Attack
0.00870304484221815,1.0648825772414376,0.432375851576935,0.2905368002573937,1.3560412268751108,0.6260701817458615,0.8509696314457507,0.000188057948990471,0.7823048658369671,0.07984178838946035,Benign
0.6578421687190502,0.08967724119396323,1.100602316382891,0.18928559692505748,0.027163760202227653,1.7059218359186035,0.24432511781639057,0.008100205556217781,1.195757266282028,0.745929676420047,Attack
0.9447920735434874,2.0535911621277,0.20247542135573743,0.28311975193469124,1.3748502728038492,0.45292199813685646,0.29417240421678453,1.6752292409809661,0.4321258616441405,0.41667954899628024,Benign
2.9268507498783833,0.01673471540075095,3.003967160715225,0.40349304526511737,3.271565588526011,0.1385209138623922,0.8579635297831768,1.3419120781136942,1.3919603552167614,0.09592597615576569,Attack
0.09073714273451328,0.9670649170583818,0.09574339446687943,1.610930772460621,1.8785452517132732,0.15297973842404033,1.4658924076322695,0.04989334754598986,3.1395054634521626,0.7374692066503262,Benign
1.3170142961100657,1.3032803947698695,1.0711493428939225,0.8918529988616168,0.028509617956794017,2.0097323559311504,0.9225308937733001,0.28643419700893324,0.4228997608378008,0.44913182458049783,Attack
0.06674772244124226,0.20874449345224783,0.02027235750288461,0.8949664781445047,0.536715475915214,3.196809253011542,0.27126840587119444,0.857580808553056,0.06906913929670225,0.3602064596967325,Benign
0.9467838630161528,3.030193043590538,3.2688125399877386,0.04984048955389593,0.971961503760359,0.252722134058108,2.0911329491163713,1.3385938056521727,0.2352523123395434,0.49226533330299577,Attack
0.007856422707975872,0.5198184410627262,0.789808945571028,0.6457486707298418,1.2996696004359876,0.1476784716145892,1.7595571394135863,0.4728822270292533,0.4925013803325376,0.3523781489516617,Benign
1.5089127792088628,0.514377722321974,0.3705933082830383,1.005295001219689,1.0153195131357777,0.39818339012310544,1.9227760332136763,0.48039556778164916,1.2982888639688763,0.3494587547619854,Benign
1.521444307357529,1.479656014523139,1.2622983756937907,1.5984869139050395,0.8564581754034714,0.20411441921098408,0.7123933867048802,0.23680156254305595,0.9590464169338654,0.11834336016566399,Attack
0.8431887395837161,0.15744675604733277,0.8875455608412751,4.097857616792868,1.147857696988376,0.36709525902902623,0.2724944675628366,0.5408296628375938,0.71522902358782,0.9299109665580736,Benign
0.29102498835830526,1.0034186723243852,0.18301887262441593,2.5995575775027833,1.31091379570722,0.648000733783299,1.145489124802059,0.16954823727864618,1.9556407570571,2.314548901015669,Benign
0.21589808363530305,0.03843310779360022,0.4379836410321647,1.1070841740857682,3.5822933140317135,0.40726544924695307,0.39885326752912126,0.12729143925207054,2.0186209502631685,3.116269572214689,Benign
0.07216067401685151,0.0947593655389144,0.30403132712781944,2.228316559920603,4.809111906475442,0.43526704121630927,1.3978327915277369,0.8945123654777636,0.24315063423573136,0.7931473611457035,Benign
2.9109079691903172,1.431565681013855,1.5023560736237012,1.3695056847360443,0.15089995103466372,0.7110078678290802,1.163007723060405,0.7528173806066971,0.010760525611615501,0.09385286154837046,Attack
2.3459107135131254,1.418072796371112,1.3546472193552153,2.1593711269869273,1.2126954164592532,3.7882649240402766,2.35306228188132,0.3171829884310707,0.4126660812234784,0.7440795007871316,Attack
0.3084674536007807,1.9562512207543725,0.19294076711985023,0.8909223666967745,1.367339294029362,0.8936508527931928,0.29498621203113484,0.6854763583018371,0.15378785365254816,0.7299300655344625,Benign
0.8089916916603289,0.6959673606864747,0.7891186273155929,0.28198955222214284,3.3772130710651482,1.2923983291438303,0.9698732302802803,1.0842615929578743,0.47771652402556636,2.582874477489632,Attack
0.1527881518594574,0.04268530219726196,1.1119372347809573,0.8707960253513686,0.3956568165675644,3.962830412031903,1.2458896503446317,0.7231987491259162,1.56692824354443,0.17687568809559684,Benign
0.4170089965648804,0.22269035985520633,0.23535298510788885,1.5094615259674429,0.6325113686485065,0.8204375806099772,0.37164908349045755,0.1318293623971253,0.3017832264650854,0.312376658075496,Benign
0.9417774342621843,1.302574764003133,4.176985123922735,2.2324821014312,4.567526392960715,1.5450165883408509,0.011098851897415399,0.11575502101515792,0.9068838410616007,0.6929102007422197,Attack
0.24906895527362694,0.2597605970014487,1.3508298958757128,0.44381838049499656,1.3835426955137602,1.2431528760192179,0.5131565949955208,0.7806704721600226,0.3774140490971087,0.9508385822066056,Attack
2.624732129340477,1.501043892755112,1.001334921815616,1.3863058289123327,0.5450201166192722,0.5396771298724101,0.14979945287602253,0.4860151663732476,0.7903256487290508,0.42892795977002435,Attack
0.06506897052188984,0.04563703619103698,0.35714535038527023,0.23702923695430395,0.6198244961635192,0.9139375838871555,0.8913969281295991,0.2088801812346126,1.497971416970418,2.3837538209044054,Benign
0.9486994479772773,0.7980454161796051,0.21378441423409295,0.028085910700636825,1.3460884121106806,2.5768460185922364,3.0087275507716176,0.05397197507746049,1.111709939527374,0.6289514548992219,Benign
0.0193687642132791,0.5071831572008717,0.2817587203893733,0.7445343527144054,1.1204837888025563,0.7368929969175019,0.9439505168238803,0.9077080631757097,0.0011799799288375284,3.3915079158256636,Benign
1.5588491090403869,0.028940299938543624,0.2515436186819136,0.26508633745397797,0.11731430780995514,0.07883950089572749,0.6917280515844529,0.11600614047064096,1.405516428668504,0.6960898373737516,Benign
0.25272630031603105,1.3051037011091926,1.1293280205314213,2.8608955946747456,0.17303960309338473,0.14654221992817726,0.16067220357735845,0.4428078222596706,1.8409982133818796,3.182010075769426,Benign
0.9051080739609181,1.6693782381497488,4.165814634127829,0.031668136840355826,2.4081133853768946,0.37757821300899735,0.01101947256757423,0.4980872505634246,2.858729711592315,0.5202159443329119,Attack
0.7089890903428108,0.27319625087448046,0.0036838019221707434,2.3894610532903338,0.8577204174727966,0.0692708726468639,0.9965249288653145,0.27238268269076626,0.05754861233567051,0.46627165814637717,Benign
1.767516528933405,2.0888085469306983,1.2393490835660985,1.0432482054742498,0.25713695437130746,0.15811314933434176,1.6762209677385278,0.4533168691267177,2.6273712829180895,0.8019805413330034,Attack
1.2751750640881327,1.040657210943924,0.650091938624944,0.011549410361855165,0.14219654154089834,0.2329110381288534,0.07200520512820255,0.1359744671875864,0.8088776333583249,0.9034366200968468,Attack
1.228396648640097,0.20285196550873008,1.5679683882944695,0.23197126159167097,0.020741633841652157,0.493723997886307,0.20072618331781383,0.8926821912991485,2.5451632909467294,0.5738508078586726,Attack
2.4823036597096357,0.4659657392250838,0.026752184828723897,2.392245022031387,0.6371684378187958,1.9354634206220813,0.2350651147361067,0.7900516784046938,0.08311157046605477,0.9307270635763413,Attack
0.5009284406896913,1.641965012405496,0.9362625480469257,0.9785521056901131,0.4461649195429651,1.0555167388200097,1.368400305744194,0.7444806597848725,1.7642015799810264,0.26290731183344535,Attack
0.6899588737860004,0.96765712337173,0.4285533509037307,0.22307310262779173,0.10050292244878693,0.8706971035629081,0.27450904536570436,0.06333860964050332,0.8290650881962518,0.10990546540904711,Benign
2.0781531104581683,0.0843617909403252,1.3601259167808548,0.9947315223568955,0.05143208657076777,0.4348858831263922,1.692048874384747,0.1631176663078001,0.6180881097722734,1.711865441605426,Attack
0.18473467817274267,0.2810838134909531,0.1048201731353431,2.366313549438865,0.09165021352630026,2.954263678056557,0.4817324836693878,1.5248226276695604,1.3247364848383003,0.9278832097498906,Benign
0.5454089688357123,0.8825783704484997,0.36698331389997174,1.044044021330204,0.0067209251210126825,0.06504472759418735,0.10656546609954923,0.17201785468115496,0.2620457549310591,1.7175216767343096,Benign
3.561206367400397,0.19799655705688957,0.06709441723660722,0.22067919113966625,1.1370013652256514,1.69901489539218,0.5042083097766207,0.4671093566817839,0.8641812771365953,1.208007392258794,Attack
0.7649960157506392,0.027698819692654312,3.7461030358871468,0.4789818824830816,0.5903201288791006,0.08968103852486613,0.05746207546319781,0.06540396631625396,0.7111027996022745,0.059518966492558695,Attack
3.0093183277798645,0.6233109368572526,0.6063155608173095,1.7856308096218005,0.5900894424608226,0.20431281290500317,1.0467989831435662,0.03303251705341178,0.12046728821786822,0.8436125936772154,Attack
0.015736810148726157,0.7581055529792747,1.9182654192197222,4.265652888648556,1.4468863904886826,0.2148167243556242,0.3991717711057732,0.30250216762957144,0.32528550246353133,1.0779201666873253,Benign
1.8139348202329812,0.42240405718151025,0.010512420065011328,0.31979424637606335,0.7096433918756229,0.23775958430788802,0.4249585018357897,1.6843900922780224,0.27457058787758015,0.6232516738202979,Benign
0.6876199217677701,1.786903615347592,0.4808248834953067,0.7967306945473036,0.39642357099511566,0.4315238066931395,4.507772087926634,0.6546947365306253,3.6643666627077267,0.5529455376235105,Benign
0.047790309702173614,0.10032194657310572,0.036369131361000305,1.0035708992677752,0.7909662267905068,0.23296214522169617,1.2189949735297527,1.595164578830392,0.7892980410001328,0.532940236857721,Benign
0.39803091783068534,0.22635673501032896,0.6497236285636022,0.9091425524974446,0.6270096745740066,0.7078304235287918,3.427733607707775,2.6440590195395264,0.4819727238873187,0.28835537725314714,Benign
7.734098596181432,0.11741826937260195,1.1275338198808507,1.6865701447080923,0.019746259443598403,2.8963647527251406,0.5843432614326814,1.0595795190024826,0.16726566390286704,3.0915868671859768,Attack
1.6838342772927475,0.9798028381952382,0.35927296611194437,1.0772838192790906,1.2293062163669757,3.6133260233862927,0.12762081402221992,0.6057221552244492,0.2506002868320329,0.31919648416590174,Benign
2.7736417053350766,0.10462255683458532,1.586682924668684,3.2723569870608147,0.023020220636329573,0.2718891005388694,0.42012605741807163,0.1230862738084918,0.07494548164403536,0.2707944789744348,Attack
0.19455253292230854,1.1153975336555644,1.108387039770412,1.1626525425830667,2.7461765165278527,0.08575692989060664,0.6667711675615685,0.5929870729042431,2.855731524552018,0.22885917659525473,Benign
1.363591694441718,0.19845045626777405,0.08701675144358013,0.9478285095186084,0.9304764855431865,3.1693409561845254,0.1092940673075264,0.43297464095746974,2.3907875633931956,0.8577094480442957,Benign
1.4329707387941348,0.10971735978464944,0.02117117614017127,0.6557771054490109,0.36299680414626795,1.0896971433091636,1.6263811210683858,2.484473914636783,2.564980320463624,1.2036300287704638,Attack
0.09172055495867859,0.3802674280227228,0.7872077730478908,2.8034181722894447,0.015634322959363327,1.5779296882159748,0.3131240610162139,0.1562387304535298,0.12335337583939607,0.525577739975536,Benign
2.461503430300294,1.2148526426737376,1.8556467674867372,0.9384555443611797,0.6928919986181918,5.322899667358794,1.8310387374242774,2.283973956961778,0.0006716039642016211,0.0555904766996163,Attack
0.9624143610411212,2.331555438411535,1.2807874423009862,0.006964852419203254,1.3830750420242823,1.6100603297167257,4.3290612766015055,0.004922419115610318,0.09818848776438098,1.92692318797195,Benign
1.1530695294273878,0.488413108533387,0.6846224120786198,0.7959882185303893,2.498856515908745,1.9677635646234297,0.681553882324702,0.6014295873870084,0.4990085698497976,0.8755373365710342,Benign
1.577676486067945,1.370579954877309,2.2264467877127467,0.9252558989421723,1.0684678658231348,0.6326895127864203,2.19075000495486,4.596436561550315,0.5106801123813918,1.2499812648249098,Attack
0.2307914012390408,0.9064695125342159,1.433505139878449,0.35640685247832316,0.6401531300609663,3.3333709190077547,0.003895577994886223,2.2474485686169494,3.5882521948451225,1.1231138464410817,Attack
1.07578994283512,0.5493876168154814,2.1412296077145823,1.0889003474866796,0.8844185808008663,0.6915709526521258,1.1449786423075377,0.001977255001875777,0.3991354771986775,0.7897194508580021,Attack
0.8711806218065073,0.6323349989512198,2.2312933406949242,1.1726029283421633,0.9512213145664514,3.385831844264093,2.0480673993952414,2.4196589705399854,1.893389201293383,1.2521398389168872,Attack
1.5494199254053493,0.4602044836868358,0.18747490742463377,1.3409391637949057,0.10509000881928716,1.0485462556706049,0.057227774607041475,1.075670899509051,0.16420018600817388,0.574541460672243,Attack
0.3198649570099082,0.6654597438716409,0.5085645506939626,0.12286811843893786,0.11321619948044526,0.059507534059722755,0.7386597340818701,0.08578679985972781,0.411319505279539,0.3844605481329115,Benign
0.44181823345189597,0.8203181868253652,0.26975975612082403,0.48461719600557307,4.731138856634477,1.8423354219341121,2.5653102121919087,0.5516766816521422,0.28517555470090006,0.7178727723775129,Benign
0.4611662220499755,2.0022213650195484,2.202128400110444,0.9682821805740157,0.6801567193360161,0.5408640109124905,0.8100345118383866,0.17060451729769538,2.395231040785215,0.36522002435969225,Attack
0.34412826570388516,3.4141485358113566,2.599518285536405,1.3562243423066485,0.2167388840928335,1.0285949832464814,1.0253198535251307,0.18305346431827296,0.1402982252294695,0.19572975463794567,Attack
0.8315529042211772,0.14473867756025013,0.21743139634432013,0.5014380144029001,0.6689075208672638,1.1762076700902773,0.21162874760595973,2.864492733439371,0.3411110647463958,1.3113974442972858,Benign
0.033678074394941165,0.636852073902236,0.35112597412437874,1.5965943900875972,2.264923801951962,1.0952260615216747,5.557775676920597,0.12019230293801306,0.9508223266449284,0.49148989970653545,Benign
0.8619000951869751,0.2474615991614623,1.5237237594647872,1.4287240365034026,0.44975539323310443,0.21456946063328253,0.7628725930910466,0.9138020972269443,0.9324248811547687,0.875103730184033,Benign
0.19056771198212363,0.908278806182129,0.6111855626375237,2.2066230486947,0.0011630305999998933,0.12527922678632458,0.5901344484314915,0.8913681963304999,0.7349194923220301,1.2331673004102712,Benign
0.2865320857229124,0.4914390315841311,0.5820550703668379,1.183206186602666,2.506172135740626,1.0955533540806057,0.04917276446354466,0.5517065784091585,0.8019773296521545,0.1181184757830287,Benign
0.2126207256620963,0.8292024992012511,0.5843264708518383,1.811907270805916,1.5320470370949801,2.201240179906697,0.15720997241700496,1.5861953058658793,0.13485133541251168,0.12616895564429828,Benign
0.34397641913453625,0.17855428945108892,1.3093005159365856,0.1001827563500323,1.591047117077391,0.3484783436215355,1.6146769762267548,0.7221467018569413,1.0712789248366215,0.057619509203328104,Benign
1.4461716427088334,0.44220042624737277,0.16391415010326543,0.4133291553783678,0.5171078824617091,0.2982960789558931,0.7405561734933155,1.68711953719931,0.5838489498030233,0.1702470954093196,Benign
0.5441561063382918,0.3708522165992555,0.10308836832372557,0.24016238230663614,0.4710446763037453,0.8807433502497691,1.9986401644522553,0.04199197888921139,0.1974733109661202,0.2796187331681675,Benign
1.6729532805122718,0.7252874198429218,0.3496537945105916,0.4887663863698633,0.7538108215855767,0.2676281617664786,1.702473270763078,1.5608428274842987,0.7329446133748049,2.460528673467754,Attack
0.01891650589440992,3.6722770804093434,4.33780066714811,0.17210077153798167,0.33338100519852054,0.5501974039748574,0.11597345885610172,0.9396125977171026,0.23882743503229517,0.9892272865319974,Attack
0.7598301688110337,0.6512429647203589,0.17135086987015413,0.44701644972630394,1.5201597452586133,1.893621229919009,0.12377872464481195,0.08039679155431831,0.518698906595046,0.11041277725142137,Benign
1.855906739772161,1.9588859203711344,1.3279141680845576,0.4635200141190107,0.11176211505066913,0.03985566964157581,1.1563241108647264,1.0571764422043468,0.37783446738231613,1.0633996589035872,Attack
0.8563520156547137,0.08844795458466065,0.28778152022007997,1.1953887264961194,0.6723215877053198,1.793041925410413,0.48844980396445087,2.491189288108358,1.6611681859440484,1.908253254094345,Attack
0.9780976217787714,0.10026912657100645,0.3444091116062641,3.2305763178404407,0.2996822554349987,0.8914464772914283,2.231977221915441,2.037628582063978,1.5741155284790873,1.6814255280779793,Benign
1.3452338646570934,1.4890993398916186,0.5915277170767067,1.4555732484838995,0.5965478367476854,2.1595140393475187,0.6137041021527803,1.4940767020046974,0.7120677970501076,0.11699720856358944,Attack
3.084834012554011,0.4621363440538505,0.32129576119222764,0.08342996063212366,0.6013447545980263,0.5518637692231425,2.3030832199929443,1.3517017006648897,0.18623930341423317,0.5095219610627236,Attack
0.892816773984434,2.6040560515552116,0.05111885304007942,0.42915564850625815,0.22818093396859015,0.7858025996542677,0.736087121762014,1.3025933172255113,0.6863428419523326,0.8886830772875837,Benign
0.7912176464110202,0.1416356556710147,0.26956575392486337,0.3194734468493195,5.418063256546613,0.11255915211170632,0.16828966801376907,0.017981871053801265,0.6911771886632109,1.4120316069551815,Benign
1.2891522241233213,0.7851409081860987,0.8100541048126897,0.6036384513430821,0.7364890784852289,1.1455227688942686,4.634080485242205,2.314298335621385,1.7344566678758344,2.361449167540769,Attack
0.1387243570755988,1.7483656665880676,2.5454621631025796,0.07159210915096516,0.3820102994750687,1.4111069588470069,0.3031271719775577,0.33706311333949107,1.5038415367712301,1.4636733707900786,Attack
0.11325640760639863,0.48346109381072316,0.5039278464776745,0.14739979914921772,0.3223823971283559,0.03279439223764779,0.3313912699512797,0.5882323230818595,0.4042212480795556,1.5191539564762577,Benign
1.5508092768231818,0.82740875609274,0.363457232530444,0.042576017816963095,0.14450914781792668,1.4792321999534368,0.0790040654031607,0.041926202528280256,0.49817263491025876,1.8500956041747103,Attack
1.132571764129779,1.73329173391068,0.43645448500326284,0.6487477916317077,0.5328131870558199,1.1739890681540326,0.5356994803505077,1.2915270447032974,0.4840946983957779,0.41095910536334396,Attack
0.7464563390559179,0.24442980711103812,7.313792817954264,0.7053565634861539,0.8063362614007803,0.7827650842939765,0.02652465953785458,0.8651982616915814,1.3449656039287379,0.7165080583741389,Attack
0.8607948518385533,0.7271204830947506,1.5176362723058483,0.46733033098719073,0.3547122960199688,0.5778421373099467,0.7505646770475237,0.6042136520987038,0.6344716857410199,0.8655004982993191,Benign
0.025652939457615192,3.764647962505557,0.6063901983013601,0.7799284684233323,1.538870215182057,0.5779866298495209,1.0157881071215165,3.460850707215007,0.84276490365561,1.727273539065506,Benign
1.1872007239198168,0.5920749156776831,0.6834461034704439,0.19938949285977767,0.82513156965797,0.6218182508497538,0.5108528344438514,0.20573453095146432,0.6421946499501574,2.271099292230752,Attack
0.1999046038379758,0.7387761421059329,0.30062057554774746,0.3857629194494758,0.03316022689967342,2.0083501218896243,0.12249818904014988,0.7377256928373127,0.7644907355141751,0.9775028930993098,Benign
0.1800072135429318,1.5539717159843112,0.4486421480020922,0.5737709472753153,0.1560606915477689,0.20810100560528438,0.05637187704926432,0.0024573560758202936,1.9833077019446361,0.03312397417785303,Benign
0.5989730088795316,2.3813421671941035,0.639636396758977,0.15161060450697303,2.4679218541314687,1.2624453330210879,0.01900704840917676,1.5160415520946757,1.215431143996138,1.824086635598395,Benign
1.0553542237835187,0.22914643930152415,1.0750791896013314,1.2538986792067388,1.6251632310229709,0.5056003749065909,0.5757592502142626,0.756102347393948,0.6833915736718811,0.5786301787625515,Attack
0.32850982546495205,0.16844789716434103,1.067796562221353,1.5327114145633796,0.722667426883748,0.6685220935980954,2.7301649823996286,1.181982112208501,0.6262140614849684,0.5254652721417704,Attack
0.46837357340693536,0.8476751464629275,0.8473854327313037,1.579857214609479,0.2391409130231214,1.61692769564344,1.1387002290870647,0.4201264713141575,0.2911776005963202,1.128196231857481,Attack
0.7244923647695485,0.16690042248043926,0.5865951165535406,1.2214923592628948,1.195725929717159,0.8352624678583983,1.1741550169756285,0.9303606227782029,0.8314035394775591,0.31554794440089257,Benign
1.2604982653650352,0.7003125252018454,1.4687612581314804,1.1340193203968878,0.03652945813450467,0.5895120409880158,0.4501941385207831,0.32186038779571446,0.8481554918153338,0.284318103600645,Attack
0.16646311220188562,0.16972585490664951,0.19619544106044273,0.8145532063069643,2.72531619680524,0.3866484852964466,1.6939987693752712,0.19476755272318103,0.4082881722773933,1.6825223929951127,Benign
1.1738107755306477,1.201276644096355,1.461844788156366,2.7818420029688484,1.0728701828126643,0.1445298375191718,1.5336440892447012,1.3813692084094609,1.6055102184003083,0.3483975623352851,Attack
0.7719037123980623,0.0737694882477029,0.34883364996407834,0.5778518311523507,0.4472142101502004,1.5724973838258913,0.436699006164671,4.3308823550124425,0.3730602681652805,0.7003176873230517,Benign
0.07299157708510084,0.8242260822043914,0.46743522260434495,3.6224362856172045,0.6808278353510144,0.07335335548369827,0.09779628812262199,0.08284435024924014,0.3778555783572831,0.33394249032441314,Benign
3.2944636856724645,0.1844465399929863,1.024794038932838,0.4834131733912741,1.068007496623043,0.3375116137060865,0.059743828308319535,0.21851232553381553,0.4083504036542777,2.114607337611635,Attack
1.1751250384241452,0.22781922594073328,0.5735763636392127,0.35673610344230233,0.022208518936664083,0.1508682314145571,1.2186148446098326,0.8711337224738469,0.4661717745217841,1.041224981814799,Attack
1.6910291244467206,1.6247696739133297,0.13473047139801742,2.4121168385405296,0.17097745868853031,1.2802351133638876,0.10490627887772733,0.22199771232638263,1.311919066230949,0.3156957973506994,Benign
0.3032975323172175,2.561417805286291,0.1645102007981578,0.8953025721855978,1.734736049836764,0.8753361131355504,0.49787622728839787,0.022255422463849546,1.1079989371624284,1.0949127964131042,Benign
0.8252222225156033,0.7951640035226093,1.1590779111439051,0.1512957608359128,0.4452659445636327,2.101978477181363,0.06949970184988247,2.9464243056304547,1.4074150480668908,0.41338032876131314,Benign
0.6425045948896614,1.1875524807136428,0.07965246559353062,0.7221953179042876,0.9391562448647266,1.603439234476549,1.7595311817133998,2.810333712440554,0.7334212740937514,1.8882353122857523,Benign
0.2877835786738918,0.7690157185971697,1.000177706920831,0.5649180379856927,0.8713980536779277,2.305408317400358,1.0441960951214704,0.6662332345904812,2.1740609668019277,2.3619134699877216,Benign
0.821128142238069,0.6470853056905868,1.6500987790546868,2.663623379999503,0.5468140228413327,0.5901065453895751,1.740596847035416,0.6827202256429745,0.7086428827136646,1.0559742071260894,Attack
0.1413366702032062,0.8590562025423257,0.09490959393803512,0.0827324737173052,1.4575110716447899,0.8157770953882849,0.018976802598972848,0.7941956465597818,0.9409248372459535,0.20831350866982432,Benign
0.20732208226564341,0.08713876062446368,0.5540454317992889,0.99730027024428,3.3762579473404846,0.25902654743930387,0.9944861877161575,0.5160118414448372,0.9284590525732099,1.3509264943172168,Benign
0.47937342358259877,0.08919235643593224,1.5076908897456536,0.7348370844154184,2.304289886279136,0.2068265444442202,0.14039212681177912,0.18160280541545543,4.071168544071002,1.8310341087456454,Attack
0.30449499623319565,0.3662605590057105,0.9860698928108728,0.5614735995810693,0.33229900445194077,0.39232009101411136,2.0723861969776105,1.1150366445756297,2.0843485919294946,2.650423685506813,Attack
1.0682398295452014,0.9880752879924447,0.15949071274676788,0.7219730454709282,0.36130780979170785,2.4811171254618656,0.32703490847011896,0.4060201980455767,2.548100501458255,3.895897535424708,Benign
0.9968313208473369,0.8278817015979018,0.3381696234446415,1.4659957563157653,0.6913301840940144,0.7613468333472405,0.669841756345669,0.643575446174912,0.33166833068205753,4.200345308732719,Benign
1.3315420608005808,4.069778611439281,4.511808702280634,0.4655116418941656,0.664042350183049,1.5291129065335212,0.4087804537198397,2.55994967055316,0.6414396428606047,0.4464713184664781,Attack
0.5382076905193297,0.0779201952899848,0.3631035378121073,4.053229736820113,0.5356011655546489,0.47367625917333706,0.9006484972580917,0.8573421064549979,0.12359458638713712,1.072564430965756,Benign
0.12033959751148583,0.2287616053123077,0.059153298929777574,1.5346684886863626,1.2599043836657922,0.4348257589477132,1.083553506161899,2.227876840565888,0.1881517495512844,0.47556072162575636,Benign
0.11034156018819069,0.015728255211950665,0.1724247244118089,1.0023346940385969,0.7933110348318159,0.525524222260965,0.8866630167595678,1.883791744991505,0.8370432191375389,1.3889413858329316,Benign
0.6383028657374947,0.04509403065304474,0.5325921699827937,1.9577440919623945,0.9156040318977786,4.555371778903536,0.995247151111654,1.6383123671330992,1.8064916164134075,0.7695921273400763,Benign
0.6464832613870195,0.9996606896446236,1.7585452170838876,1.3914616701062623,1.315186641000447,0.17501960865814156,0.520421400001254,1.213671019255184,0.6529080073668648,2.5293766605384365,Benign
0.059488743547339004,0.37195152335219483,0.05179557752599745,0.3505052587980741,0.013337648568237291,4.100658284333068,1.0009705717099655,0.8743887535433724,0.9020838847083449,0.392023963539666,Benign
0.19770657081038956,1.087626402151251,0.14744349234737208,0.053421328827093266,0.4362016102346151,0.9299440557426594,0.09825119991249255,1.841674496741829,0.828528457718771,2.680477422083744,Benign
0.044434426490865195,0.01563144257376121,0.3037088812530872,0.03343592366432077,1.612858931371975,1.3166248509679273,0.5328998898142931,0.19968819392765644,0.8056175306961132,0.8172874294270988,Benign
1.6014793833122194,0.20964302504706156,1.3740838774802062,1.169305360850986,0.5697110837964988,0.05263686072854736,0.1243172299370068,0.11200641857885964,0.7881217475424661,1.9257836765816645,Attack
1.0851149789852714,0.27107026835244824,0.9508826412315524,1.14595148800937,4.043756733527083,0.052690609636550104,0.8288921227560219,2.2195558424010953,0.05585811811841737,0.29358633808262236,Benign
0.9630535658106856,0.5064187692710066,0.7076549618549927,0.6854925351379201,1.138517747192909,0.4321849041161498,1.2215289329476786,1.5117911772950283,0.9064198771353232,0.3618139554370807,Attack
2.157846682486125,0.03343599093156354,0.6837984239335749,1.3873529207945452,0.47521251881624255,0.3996901659555495,0.12849868876567286,0.5836296055515809,2.677363509423562,0.032279382338206423,Attack
0.059419873123249145,2.2973617303624017,5.089872150793844,0.9544223266858309,4.9699299487750155,0.7861566053024854,0.8129838688783693,1.2942017974395263,3.760535404981159,0.34050834219282883,Attack
0.7663981835411896,2.7066923596240633,2.5329037060448045,2.2491059474790815,1.2014742662757796,1.2045573122803008,0.7902359544921924,0.07567402808284741,0.44072647225381034,1.38857012501969,Attack
0.46856891575242043,0.3383859526487627,0.021833729585404287,1.6504872222782592,0.777036233520886,0.484581975534556,1.1023765807319035,0.17688243898146572,2.0984268553029444,0.838166171938168,Benign
2.010019189391448,0.02450454973728629,0.18743470188592365,0.11243440345237848,0.2615158928687633,1.2340423133830298,0.12404521142312677,3.0876199647249494,0.9696360501310969,1.5435511418833596,Attack
3.1373805851644536,0.4330120966494755,1.2194130429609236,0.07913639224301797,0.055693083369807994,0.6684624167933951,1.0502926459417474,1.2387028357054803,1.9852729083845324,1.6776665217619993,Attack
0.8775390699819955,0.643066298074794,0.48798099513386956,0.006098960570052577,1.1479111146716299,1.9313772963724432,1.480933887504051,0.4237338082279379,0.6336695140678992,0.4708607709202684,Benign
0.5938908326078759,0.7945037940488059,0.09621301558015857,0.2792012154588007,0.11717443455117527,0.009709678882653531,0.3680453311781355,0.5492334555275521,0.5032726615988258,0.03627025445354903,Attack
1.7154716502620928,0.16561485053365038,0.9174318863097871,0.9691837305960374,0.12371954486988636,0.03352570291249643,0.025830205132649702,0.32836635866547276,0.8663480563943033,0.1442309256244497,Attack
0.07268861449726155,0.8938177638477608,0.15587361620944404,1.659453668343617,0.674821401173279,0.8835777601501263,2.0844933486767068,0.17702114142502653,0.8173101343883014,0.42186379020350656,Benign
0.14121910018808942,0.901233627947147,0.03515644466114367,1.8710785594412436,1.146501931033004,3.9443399771762904,0.6163612374641961,2.519023095827241,0.20212040401713127,0.7541659850014523,Benign
0.7506007207629495,1.1603992309905204,2.9083613266095028,1.5841981366312554,0.07723453818609757,0.8363971835367894,0.38494126990739147,0.136142928920797,0.6533369328182268,0.5109028259147771,Attack
0.03452272290943427,0.792693962447721,0.09859948230767902,1.3928622346019488,0.3008100731118328,0.8975803232005409,0.189635502116085,2.298706096316954,0.05494765946219892,2.194118775503275,Benign
0.19812450787240712,0.15741007750381353,0.9193484744161844,0.790843542354127,3.1635026458964313,0.6740739174287204,0.2332892905304866,0.8854113809289357,0.7996254834489829,0.7989600040332298,Benign
3.4062861206254174,0.2964479972078664,0.5504922194081924,1.7366638977432343,1.0592775573453077,0.2296538026768403,1.4013953485448523,0.18280115996086352,1.0869954743944106,1.9397163675879252,Attack
1.4344031456474282,0.013802047834017046,0.7115319408329925,0.16691545925096,0.3893698805253252,1.3794694133041638,0.1912630616853327,2.645980829981084,0.026986689807393525,0.1890604730869146,Attack
0.05133921209557593,0.6814679438552745,0.2852537879075923,0.7023361425159355,2.0845709645197634,0.9761323878993502,0.047312123178467544,0.005351726362785657,1.0863220661274215,0.10389727041567409,Benign
0.7364011972982182,2.407167367364546,0.8152498518607156,1.3067459459244488,0.48297024689653023,0.498159351263752,0.03503142178362729,0.1602844152618607,0.045827411765896595,0.37884154386821917,Attack
1.1089516641761206,0.1372808513369739,1.7978717396610775,0.7396479124632179,0.9056930025135571,1.6999084372112083,0.6784748938913128,0.9123933815492528,0.7621000806872629,0.06826718552350808,Attack
0.20574449211609525,1.5792938157222944,3.4466484619046533,0.17635047773441462,0.523401612943113,0.30055093440618497,1.0410077858227047,0.7874047177723137,0.04095481222439712,3.439760556303647,Attack
2.576772723853286,1.2645217783446858,0.7760846617589393,0.33909821067587215,0.505579459317853,0.4005953637351963,0.510982338846697,0.07394826790890503,1.8737305868994054,0.8571185220542401,Attack
0.5745418427436991,1.2076534295001757,1.2237248819370043,0.02888362055720121,0.17126137693069904,0.6579225102664984,1.6889281525604396,1.7654221077166188,0.37026925425016793,1.3985541066859344,Attack
0.021135797619173034,1.186738908660517,0.5937591614149389,0.31926504091039315,0.7816916976202345,0.9021420104656531,2.801407312980977,3.426001795819388,0.561147616855348,1.7349015691207441,Benign
0.5077731564255005,0.9623761038854094,0.2419769427290466,0.15411901101557163,0.7697264942116726,0.390579684254832,0.3456562973147349,0.0634479626698288,0.13291644592395402,1.0964558554088741,Benign
1.0898459345905482,0.6275590225949986,0.8555967701027762,0.050691136102186465,1.6795768187464128,0.8491901615864832,1.1362121341259057,0.1794974309059176,1.0436234662788562,1.0640327471564444,Attack
0.393544594015249,3.448561579886151,0.39516155632995115,2.1995900548507112,1.6787261374783877,2.322084410002196,0.5777703515843431,0.21477923909429733,0.17877687066713283,1.3518325597653238,Benign
0.7424206444942826,0.593121991062909,0.5372398599528337,0.038732464415984685,0.4195953344149032,2.5418596520016163,0.9718964995355871,0.23799175610825804,1.748940626836509,1.103886068701097,Benign
3.0527694000299026,0.3246583857787572,0.24416676440147586,2.194202933508854,0.5178810056219249,0.4124181493347957,1.1703336755582663,0.4402010324436706,0.23277100348734397,1.261450325972594,Attack
0.8223292540768454,0.15400310983540147,1.2151220722875775,0.16314056158107995,0.045167910706061506,0.9823809494009413,0.24461881868477905,0.8617228287084262,6.348892842695397,3.0061315442199534,Attack
0.2695461220194895,0.35627429558995183,1.1846361838828965,0.00497553675257572,0.8679867930546976,0.30783757670194994,0.9915399802048295,1.1371277991468034,1.0866620684887323,0.04878093066386765,Benign
0.13368088610685064,2.0458198762647357,0.15016968461362323,0.6372475873558215,1.821699819268219,0.022023280261064253,0.21437863692727716,1.0803999308763912,0.1326199087891354,0.8051821675130411,Benign
1.78889881716611,0.8862129582883234,1.962366104316152,0.3617669934291113,1.27207299503157,1.8864568288505266,0.3208327070870007,1.8804883390808596,0.10068939765427307,0.8545088445548954,Attack
0.1686851575199972,1.219492127922312,0.7763446143725906,1.119937965566464,1.6886954227945412,0.6886063611074815,0.2620166877662936,1.9347931723794531,2.760022837706215,1.964036021364857,Benign
0.14589874312752965,1.571704843139361,1.0276032071962578,0.553960028149549,0.12580816633538208,1.1918166642927308,1.0807974598941812,0.2707155377944122,0.4858013152412039,0.17616791983926058,Benign
2.6588558795114876,0.6559044168709409,0.9380013581486523,0.8450072279172923,1.5533216250202122,1.0526062298153693,0.2979130904665172,0.6250794606591005,0.37118553214266475,0.5833766055917902,Attack
1.0942940848519869,0.6575734720577027,0.9200626410743343,0.18418244615684176,0.6875219507015902,1.1516399826569859,1.0224571615961473,0.5138897105386929,0.23219189386178377,2.9156899214854626,Attack
0.9285255327893608,0.6793244261865544,0.17047181354003724,1.3249831807339556,0.8613590614420031,0.2608072271182468,0.012460313603049935,0.7339077889282801,0.1982557628298525,0.508529455036472,Benign
1.1575922468573914,1.1327198892182921,0.0795852652874176,0.40734306274446946,2.1824120240389764,0.2981558039655595,0.4498838188121067,0.5227511955716353,0.0036331745890976867,1.27394238650093,Benign
0.06410425069523874,0.3089334545169783,0.23650135659237598,0.8403037817527461,0.42559510560152475,1.1986151226939845,1.4652407038742123,0.153834430345598,0.20477279435060994,0.9128265676199098,Benign
1.5767653637188193,3.048779333402646,0.23517834084872372,1.8003868841357176,0.1445479675506809,0.5105294127489509,1.6125567961534018,0.2597948333539565,0.1704195876336716,0.03698663380678664,Attack
0.9178351490497932,0.8272747232437099,3.677467400854955,0.6553179026440253,0.19712026569870023,0.4563363500462169,0.061892821232549904,1.0759147201181687,1.2775129735477653,0.24486075404196755,Attack
0.29707430377502503,0.07722400914897999,0.07946626014677384,0.5515754273792463,0.7440815457135231,0.012688527777157708,1.0788949742639389,0.33679493284469925,0.8198002438467039,0.7682073164437896,Benign
1.540907451333673,1.9591589342579656,1.8997990772833435,0.39938883347977383,0.9499628322671699,0.1623248041004571,0.6096460247595739,0.3573040173816565,0.39299501904400097,1.4729847331036539,Attack
2.3123812369919183,0.4048397064723679,1.6450448821928634,0.565871085843841,0.30684090748682,0.4840084927692816,0.3515443658131135,0.15496788850570586,0.045115612733797605,0.027321974588021505,Attack
1.2499840832362832,0.8131694960862896,0.4200923107653909,0.6204645873099564,4.2673130041646115,0.5445937143846956,0.2361504827725609,1.1916267118215513,0.12555471112184194,0.8718483893582422,Benign
0.5362840994240807,0.7803939991664922,0.32328140398898764,0.4880193800277141,1.3815752784633748,0.08702980454611807,1.5633686359703691,1.7746923372880112,0.4698695088962442,1.232344664946266,Benign
0.9671104573366558,0.7191742895815774,1.374831657004382,0.42203966303060225,1.8217222160947442,2.4256285302848855,0.9499110827125046,0.2098804203642394,0.0459943223502273,0.4958591020936439,Attack
0.06692260912542472,0.4594752224897249,2.4425516075809055,1.41211958560338,0.07795069471548309,0.22384388336653308,1.1021035993786374,3.04786047852376,1.3039292723253233,0.15098610222902806,Attack
0.4966587516269818,1.5606412859743268,0.8336049299277085,0.45320994442409307,5.9868292515999135,1.2474977672613914,0.642649713264724,1.1305857134486659,0.2627023187342514,1.8303377570843522,Attack
0.7294272640470897,1.1705775312800886,5.2242280773590535,0.6912981224572642,0.6425398143454405,0.7630891437521596,0.42312899531611087,0.8548619316102427,0.07302673610041734,1.9385506959762941,Attack
4.470628537013504,0.6787236374675781,0.01137534371188546,0.3421571301760102,0.011222259215393927,0.166709829683024,2.360986998432077,0.5033292578356636,0.6700595120990708,0.8131015506809588,Attack
0.2364518518389436,1.9052114296007359,0.9908190067937943,1.0388321141627341,0.7465666726908475,1.2241449528575363,0.5367996406525251,1.4994681146850781,0.8264416367053966,0.04831339643892048,Attack
0.09342913549143807,0.47424031162058955,0.033111301538972904,0.08044381645832659,0.4628096165536768,0.34590096982835944,1.026829775116207,0.2930571097116544,0.3104318641684106,0.45720349888301387,Benign
0.03781157202155015,1.0208257275640873,1.3205605970971563,3.5265091051523907,1.5082275989375524,0.3750401321338611,1.4771461815738933,5.035771123943473,0.2433512909748435,3.1627438485234047,Benign
0.43323659223421507,0.059439893588093894,0.06867311997460641,0.20800924294243087,1.1088222850849183,1.2460882641768507,1.1669153218627861,0.5013737901772634,0.8174978736916984,1.2206214696031368,Benign
0.7618702506039915,0.5988128193115542,0.27486022187348713,0.48198671654711417,1.4575248696230136,0.785447759744554,0.22064136057711353,0.26513119695040965,1.5620626497332715,2.363847803555439,Benign
0.35818224753325084,0.5018436765703329,0.004705638346180289,0.11418116424682961,1.2008145795494065,4.007685286142326,0.9241010416367343,0.8029452333949236,1.49868972184531,0.34118383355030435,Benign
0.7915295205528949,0.4921395138341769,0.48076155065370013,0.2050011585737139,0.5855540089255661,0.7197892775737003,1.920317047089335,3.0445282011447583,0.0932515390897091,0.12016531878152502,Benign
1.771921333005112,0.8268793226292567,1.4112629610928844,0.1008210676871946,0.16922062015369915,0.8191315921502061,0.569178994011725,0.6078242168915731,2.2639666267238967,1.3682516507868183,Attack
0.484519199110672,2.258143167799992,0.5915248912772384,1.3746628578212827,1.331972021771712,0.44411996738932635,1.077253967763599,2.483469729881313,2.2359113670947592,0.9137852349122941,Benign
0.268007260407298,0.3149801083078518,1.5463196130661592,0.7499223411079959,0.7620067263688962,0.05565502909995266,0.29626291799006965,1.116395752943201,0.2880445309808286,0.16494167760725584,Benign
0.39705271469130893,1.1702121438743107,1.1970648060907632,0.7953124276023551,0.6385666556344576,2.0561390992254953,1.8627579795622162,0.5368898170474373,2.1608209402239824,2.389914475602457,Benign
1.079747153584447,0.5271419561477622,0.7634870088066399,0.30500011359241447,1.801741074121708,0.6365723515262414,1.4789070052297661,1.4689636201653542,0.060405603908229764,1.9932279000323523,Benign
0.19425441885637001,0.3216492443224702,0.8132521482956798,0.8548092347731252,0.4792568794281277,0.4748320962827047,1.3816786159458239,0.743320430361698,1.2103951319369912,2.091664217868681,Benign
0.6073825088663517,0.6508872474711146,0.4824210632117666,0.3481256094520466,1.857935274471902,0.13782127119630924,1.2600037550265153,0.5333438160553773,0.5962577526577622,2.7084726458625554,Benign
0.44382895776631137,0.5127494731888397,0.2705215222611352,0.56847060439058,0.22759964328733853,0.845672734494447,0.4235251979470982,0.5941068167921042,2.477853604491778,4.384431506924747,Benign
0.19651423583170807,2.055120503788601,0.0367087373470181,0.7976786505058566,3.084217115556135,0.8549351737025126,2.5814296532317313,1.2941906778848444,0.6342684292909865,0.8933364341039614,Benign
0.8648944327401569,1.340018067437581,0.5519679597563555,0.6054536890297559,4.062146286239182,0.3103911184281151,0.36077764164487003,0.5514879296870984,0.6183714706864292,0.24832318491082242,Benign
0.29694311313536864,0.05900560034067005,0.26970847068434894,1.0890843725029056,0.5834804823456564,0.17010029019126113,0.019653843629871992,0.3716815316548354,0.13223761492711888,0.017419232075278242,Benign
1.3409913871146144,1.2216096066686526,0.25836476411018894,0.188731223145934,1.0540609638071698,0.534321773736082,0.5474964383429337,0.531449754612031,1.1801998781483158,3.3630899184591074,Benign
0.7303411060225787,3.4009011785458667,0.19108702551974413,0.9075251203191504,0.08583968299214711,0.8820862795621996,1.378593293255979,0.2054612458279262,0.2868350029783805,1.2424517960992267,Benign
0.3601097113012224,0.021762393909721196,1.2332258874689723,1.1755418658290573,0.2800683065856718,2.6679647774727315,0.31987893177195353,0.12154534749577868,0.4978910896551025,0.037027684958356566,Attack
0.5909916548442526,0.9455553543869294,3.20388962946581,2.5204377554798167,0.8422271397236967,0.05828574561395961,0.7565043779344474,1.1798456172618281,1.8686257996129814,2.4515589022616835,Attack
0.5353559114572513,0.07624667034803526,1.8006220109122302,0.18318728009200644,1.0391920830905217,0.28639352454639955,0.26732584816973937,2.398612614019193,0.8252237623647986,1.8496428326791574,Attack
0.420210469445037,0.6533878940437341,0.7798979441480997,1.7643294952135757,0.6114407842755202,0.7876929366990688,0.7623616601397434,0.8985492985659904,0.10453277611220663,0.4273136576525139,Benign
0.04138114654285776,0.03399936671119401,3.2579808605423013,0.08474770323835415,1.0156259711821365,0.43009936774459046,0.23932542775837706,1.5074254840736112,0.1785421917551949,1.8954063497214853,Attack
0.4358714037023603,0.05628341139763432,0.3609251141915987,0.9734845184534869,0.40352411225497004,0.18015099361271944,0.37950612206781476,0.16644725724638634,1.897048589167494,0.6643276974509954,Benign
0.8220450486007462,2.823143933582179,0.2327866334075874,0.17371435766446924,0.23439383739416544,2.551079600894416,1.5019362963802125,3.2079107347770237,0.10429655361124157,0.27745162368669946,Benign
0.1720664693300313,1.2335928418277866,0.21747154151108342,2.310289437707621,0.39865004535582427,2.029766606221044,0.4046315422309862,0.11478418589700885,1.1102951520130775,0.3650917139692392,Benign
0.1277304913683817,0.3318494912732266,0.4041096268414272,5.23959257079693,0.9936844468042868,0.14202347059483172,0.3212346094922439,0.7120359065557533,0.28062557912389063,0.3867649681935566,Benign
0.19038521427087632,0.08680321852354635,2.0740793053588806,0.36185099206128735,0.7446637145620458,0.2958369657355697,2.40405188459885,0.6409428392213958,0.10456575193729276,0.6883642973806982,Attack
0.8546385336377121,0.08518321571366023,1.5551277107777162,0.6524743242357589,0.15727138610063268,2.5169828572960675,1.3088370777585012,0.9234152852969989,0.040119336857417615,3.034400697859698,Attack
0.4815188464542299,0.40385037249035255,0.053451938340763325,0.30751644290277086,1.8200613768428915,1.792904493189293,0.0896353994970293,0.49581552011171004,1.2210346182934089,0.6546365162518906,Benign
0.25008159432390714,0.9492622731794996,0.6484849690544771,0.7036903570625561,0.1717434036775169,0.5132370763750755,1.363832299944749,0.6527238447044603,0.9249730722251184,0.4368566994799731,Benign
1.5602435983536016,0.11439133329711124,1.1723501255501236,0.19166018274451366,0.28218895442298153,2.154891145173624,0.5118552419813954,0.5702367558229039,1.019485247895605,1.1612716136662555,Attack
0.9992557708593186,0.7921528876457967,0.007605605978047012,0.1652197620702974,0.3149952557695046,1.8059547365042015,2.538158485394684,0.6493411843680624,0.46010152665404286,3.212403532255747,Benign
0.7045113975164675,1.2334372146196129,0.8222738504682299,0.4539590324284676,0.5639698316983899,1.0337298747270673,2.349833847110274,0.5698624566772804,0.5211468715575842,0.055128029247197535,Benign
0.12874018691739908,0.009124510408510547,0.1349391059888609,1.488744198445298,1.3071320374228546,1.4903712967565816,0.029376547303584025,1.089922259774401,0.31365357574728703,0.6338127757321149,Benign
2.1550538884665706,0.8126187746648228,0.12456287724434693,0.49017639266915125,3.105339251024817,2.2832388325068997,1.5508762618729257,0.13454356859666533,0.1656573396364638,0.10093060412142116,Attack
0.1408125554392884,0.011993772925852844,1.839961971886946,1.1917894570072738,1.5517266196056598,0.6673449711182791,0.003458439688044771,0.6185075325780383,0.06379640799988999,1.9253604485596787,Attack
0.03163908521131258,0.37696148481882474,1.80915287002999,1.5271582966380752,1.718001761650425,0.9989850013989147,0.22020332903505715,1.5225233492442092,1.9713460246399352,1.9983241196662924,Attack
1.6167833693073608,1.0701661031741352,2.277931066684168,1.5854786286542568,0.07011891102397619,0.3480318561307478,0.42333200746889094,1.990277004464349,0.8222010008181514,0.05388423557820185,Attack
0.11080780880704624,0.3730833287127014,0.2470496870976573,0.17654086470787728,0.315544270713442,1.079737257437417,1.2259273123537588,2.5939055196324508,0.8005710967685626,0.3974098553623495,Benign
0.5324605450542383,0.04326780253213792,0.38918067572338044,0.21745481709868705,0.13036188322694267,0.4725316811315532,0.14019321754671835,0.06965399407425706,0.9435572424876061,1.4396500222206186,Benign
0.5785221798338837,0.004511336177311732,0.45515628353763316,0.05016756204303875,1.0814372875689071,1.9760614637829153,0.8326741262375964,0.2554239020565874,2.570937993134178,1.0629553831063125,Benign
0.0765128567639666,0.21146295755074254,1.2672136558772527,0.21837279964978015,0.6850459321210112,0.46105796865449217,0.3364206059064223,0.12287267662987787,1.1635624485260487,0.9495687006964985,Benign
2.024624121722378,0.26998212884725664,0.04563574806316881,2.2827502622784284,0.9141790100320588,0.003967721364646993,4.4084292677168495,2.087924487499104,0.4233710667575052,0.9035484902530383,Attack
0.31467234407314354,0.2690508272643517,0.5344505667066699,0.33964224960786804,0.37576389585880515,0.07486168748873476,4.85599292346415,0.9829161918936228,0.11303427055702314,0.14083926263648427,Benign
1.3156346634103573,8.371243539011614,0.6688282732678624,0.22201240489163523,4.524649764329954,1.0102286825186442,0.29258152759227835,0.7589845993353842,0.7098372625858111,1.2385344271379632,Attack
0.9463715413182515,2.731411696448315,1.6357543264793664,0.4435905330294018,2.5489941110549816,0.3228746895497931,0.5202942773201786,0.04977961464678428,1.3309143248466373,0.8722461381781671,Attack
1.3530017082499537,3.336066829856962,0.4983816545132025,1.4186278676721042,1.0795526527414088,2.23979360788339,2.9165906665259436,2.1537920333310034,0.6595633825273449,0.22098301809395873,Attack
0.11786772164975737,0.32317492896112016,0.5167615060525534,2.743605514062058,0.4570908297704887,0.02645748216770035,0.42783198356132,0.47542711803281973,0.28270398171032585,0.7938335833166856,Benign
0.5298845841014159,0.07378851272347137,0.6539627054908249,1.4723180823393855,1.082275677193754,0.07579728073214553,2.5706469108836445,0.8225546909316904,0.6633701208803616,0.25697289309837423,Benign
1.7907591917005008,1.226168922612442,0.034226410201426555,0.10647929607880695,0.052173299919311675,0.7869688301264577,5.968079876673247,2.5750167119694214,0.881761816337128,3.7823164294758436,Benign
0.5770983950985344,0.336238897920741,0.6862850851886899,0.27807729420998223,0.3543629836901192,0.749397323280566,0.9992414480505512,1.7773629413042062,0.5684503644114484,1.315736944580736,Benign
0.037951814002614485,0.25239493408584407,0.18901540759868743,0.9177337650609667,0.13239832258764928,4.444747108214805,0.807267223581481,1.9290853453511267,0.08175991682356393,0.9748227338567976,Benign
1.4789332368004051,0.9037111169365125,0.7578644719659877,1.2940845853637646,3.081095442390115,0.936407088178056,1.8999029556457032,0.44721027158084564,0.5635763152250111,0.9447488517632658,Attack
0.18088589225262036,0.17793401041117432,6.92883657957707,2.304182189993419,2.85300635252198,1.9871503459255335,1.631847051127458,2.4397143851721395,1.0375985490164377,0.403676386242874,Attack
2.0902560080848023,1.0904445619733845,0.2608747088002333,3.4459600237091217,1.401578961543754,0.32968006140938383,0.7402484506042489,1.0283770674318018,0.6239042647083959,1.7868448276012816,Attack
0.9205740471980502,0.49221746141912665,1.105326310649251,2.1999749402976536,0.08444815674472059,0.22003235583761147,1.2549417274719146,1.6610592966974709,0.47945991396761084,0.2623429831285141,Attack
4.831952435040483,0.4305665133713576,0.1676897384893993,1.0808293835799228,0.9877544070403259,0.14880567272876505,0.9684917017247394,0.04754303297623286,0.9913763955457893,0.3335694632137143,Attack
0.4390161307163203,0.38781098931204583,0.7594412178430158,1.485204084902426,0.8752559326100474,0.29397282190840346,0.16095736961301577,1.560388798438905,0.5371554228392643,0.9187388576260208,Benign
0.4815711638860084,0.276610901255778,0.18448789891165976,0.25039884191634554,0.06141734575992992,2.2140945749268006,0.17362221786709223,0.7355374139340736,0.41075335301542937,1.5203596858384172,Benign
1.282686967607013,0.003911518422002577,0.3026143314630432,1.3154529372507386,0.6861879533104117,3.6008360699549016,3.173901060302971,1.1133135636343314,0.15840502890784958,0.928564997986997,Attack
1.1074026165472068,1.5943893660835298,2.2523670206671325,0.09313440485445187,3.7185159342438605,0.1609263490311344,0.15587182458596618,0.27881330323495096,1.6293880685748263,0.27892883173977795,Attack
1.368502709583119,1.5804927869005747,0.3033045607507927,0.8558901417736873,0.5407967255133982,3.0451210359019356,0.6530819563396748,0.005557025327923497,0.7315398258595252,0.9027403558117697,Attack
0.44079790053419937,2.697840383180005,1.8143633531525978,0.49916801604417516,0.345205932239696,0.3229867382357797,0.2267394186076323,2.3442909897047763,0.4459020747799991,0.1065706774661453,Attack
1.292417727429873,0.09359618816712488,2.770016588980879,0.05083582095829276,0.5145686862040185,0.6259765026492093,0.9051735442589242,0.0900492799847603,1.496238102985291,0.4169034872113491,Attack
1.20162207230641,0.5099078736314832,0.7921217772738974,2.1719771841329325,0.0007819048586269195,0.08191249232162277,1.949083485070577,3.300715695838614,2.136427972971864,2.348865516357115,Benign
0.3819399093962088,3.5841241615787904,0.8926659238697786,0.19348638496114165,0.12598782680363002,0.29156672241512094,1.2372498858457357,2.855806851618334,0.4539662847530426,1.2067716681624863,Benign
0.5841296201041905,0.02663085388200724,0.20368014179694088,0.13680236669339885,0.9320203099246498,0.023971496098326314,0.4865430313745706,3.192677765018099,0.14015631704843626,0.2276971742912949,Benign
0.2842621826444923,1.009560227107027,1.1281459076723201,0.21993076008213175,0.4757487719635394,0.4496440867187052,0.1788715647799446,0.19963030993717026,2.296860694043188,0.10895962770650473,Attack
0.46849982455008843,0.11473748570543453,0.7261033379174014,1.1649161497645464,0.5975120407332982,0.32427476666225036,1.0669872766667907,0.29166524603495275,1.797215675632327,0.31063680737628846,Benign
0.2567522567332862,2.673214152797342,2.8015672402688585,0.3075782781304153,2.613814699097688,2.76169520392069,0.34790563337386776,2.072080842500436,6.5416679434490135,0.019019953248815977,Attack
1.7156298956912097,0.001351239808082055,2.2856302085612548,0.1691939424627548,1.689809279134675,0.24068524572574654,0.40359963730859044,0.3693568562787274,0.4307267701835003,2.1032974439194954,Attack
0.5049828258774841,0.6259399372964835,0.05768049815533502,0.6254186477029434,0.2897573030833517,0.40199101133405546,1.2376593495885493,0.3459435131855682,0.4498499014670173,1.0377937041799847,Benign
0.4046205377362712,1.1529168027855907,0.1989587423406225,0.08416584236551615,0.29839429240701637,0.8360856146922145,0.2532201379767716,5.0975607798925875,1.083948068318308,0.4314574916786454,Benign
4.982124383189008,0.4683850071649087,0.010937736873571153,0.6549416653867487,1.2544236101901953,0.3410073130652172,0.11074560822799276,2.9185297305387,0.5481296801229822,1.3271458524223243,Attack
1.884821477821744,0.8584876160268795,0.7717976849107946,0.6849498075830812,2.888058742140908,0.39191309683764625,1.4377391213274742,0.8137199523139017,0.1182063123546679,1.2362092259992017,Attack
1.8395353301367376,0.4738228931958479,1.0074560063362925,0.5803142037181139,0.024012857056677887,0.48009600470993097,0.5474999490580484,7.044873368993876,1.048698254130338,0.21702008470736853,Attack
0.5846192914572378,0.12930758910104712,2.1646042596346344,2.1962758268424305,1.6006224971213256,0.3574510972789294,0.05528848420066199,0.4382754067674005,2.2844138182332765,1.985637242552176,Attack
0.16120248102990029,1.0336462014395367,0.5799803479136586,1.0562621732232498,1.09536560374941,0.09743838511551124,0.49379532952939914,0.22772108131637323,0.7445738331270471,0.15737234665866634,Benign
0.36355401047904523,0.45332250355740844,0.5405931266774429,1.613623068727502,0.00943209794373161,2.243126326897814,0.7294458676164133,0.9535679817948881,0.1350215980776743,0.9101805619221784,Benign
0.5041748665096705,0.14560748329548215,0.9704171446768719,0.15021324196249836,0.1581218861171328,3.6663802478699474,0.7233606622895086,1.6408482381177267,0.06884057549861322,0.5104268605540273,Benign
0.12050079871549085,0.20215845893866988,1.4628689574292284,0.4782505072276856,5.415816930817693,0.09129594633662229,0.5264859282943394,0.3108804773834612,0.27912719190121627,0.2448826084921074,Benign
0.9146294060812741,0.2487443078198193,1.047223966706252,0.4992220598687505,0.9776873790146515,0.20576180123654914,2.4132407537799696,1.6044812627604648,0.818778414933542,1.7481420369578573,Attack
0.7584511316335713,0.006825766188340218,0.7199725446387077,0.4974964823187577,0.466650914005862,1.2247543236587604,0.16216268757569424,2.6047829381096066,1.2084904765242805,0.6741144372089362,Benign
0.40927707418083153,2.2457709880815595,0.35129934842374916,4.226799527903839,0.9077612288585866,2.8075255702177726,0.3238349362181295,2.9216858618843085,1.8618637999034426,0.15895263221909836,Benign
1.6912744926977086,1.053291235984904,0.02861806349116037,2.572901032459266,0.20330320339376515,0.06292259137798227,0.07081672555766017,0.13436263781780977,1.7227320349095703,0.9331299211695627,Benign
0.9251420268345715,0.006740583205658421,0.6743247970424502,1.4191000304420154,0.5236613685254027,0.2541247162828106,0.4586379138866526,1.2717021059020446,0.08187837987619503,0.13601141027150102,Attack
0.1867692651748387,0.10256799357498686,1.156336036495963,0.05622600519430944,0.5278996472946671,0.6925122005882469,0.7433119733029916,0.17121822063079234,1.1082896715946013,2.7866719491740337,Benign
1.554434178870922,3.5871792591970864,3.248601641718403,0.11005406612159034,0.5418716533233613,2.2762233980055537,0.062097471957882934,0.2720709630810282,0.2557829185269922,0.07538997805685865,Attack
1.3338399427015468,1.2973422478036098,1.585858824456674,0.6457297903613873,0.6107072825214725,2.7899765939442793,0.08140609936813833,0.8481271172658543,0.7659426839308789,3.104372007438961,Attack
2.8339542673144034,0.35958427485375444,3.361908516319002,0.6803632222513304,1.3022760377516198,2.6695379523084926,0.9468638695107827,1.0798605651917916,3.0947276356252233,0.7482982639756933,Attack
1.6254175625821896,1.9363787340081269,0.21401515956080164,0.26841482805211414,0.6455604397624548,1.1487464187906753,1.7022613673381226,0.052657855186721135,1.8483489497649905,1.752175108345065,Benign
1.3744029191424474,0.23475575922790612,2.1516883023398896,0.04636535115360723,0.051707330375393275,0.36819976992784015,0.11904183949641657,0.03762827665212453,0.9918621893614907,2.0023229801221976,Attack
1.8701164600276745,1.2148129729606592,0.21569117713862693,0.1870474083384538,3.379144400621809,0.1606228577131195,5.179907613773194,2.7411049272897707,0.632193465079698,0.6325141328830731,Attack
0.2616074449934872,0.6756736189134148,0.10968276951073713,0.702620243911284,2.1536878490514964,0.6489067068589448,0.15304600197326126,0.4317629328834889,1.2895248840087767,0.32641854146155,Benign
0.6054183546232509,0.2706546933295194,0.4794054730762589,0.1917058459952774,2.709678150626959,0.919349608776953,0.6260605988550062,3.9015171668162347,2.055707924186314,0.12142519332783078,Benign
1.680642149073964,1.1351167495981127,1.7748213006936029,0.4153083499594688,0.633123995682573,1.7150546650121175,1.5297564446387288,0.8308433633646586,1.5690848714000316,0.09683633558265305,Attack
1.112789800489104,0.008588671822567727,0.07914805481110862,0.045350392540360086,2.7351939973740955,1.8377135922286985,1.0432773793287138,0.7710060250983041,0.1528899346200845,0.12967611455455438,Benign
1.1997725892580136,1.723570945861134,1.6537958325442648,3.5024317914067127,0.6384663908163895,0.1652734231023383,0.13051968122533983,0.1947693748572055,3.3188966751677667,0.11338646544653402,Attack
0.7946334710906163,2.9571114285735507,0.6373354006060666,0.12816473961108119,1.1879432696938617,0.16573131563452956,2.128318089607988,0.06078907660031185,0.7268838051229108,1.356615563687616,Attack
0.16870575161924733,0.0422023934901903,0.6831788826655991,0.4877960002491887,0.2918994137408482,1.1061096155935755,1.2530602778060842,2.6888426615907863,4.1468910374113275,0.6301881062791789,Benign
0.0595916189707267,0.25486490214454144,0.03363762301120229,0.5423764686266016,0.09996839240376135,2.6462580171268155,0.06095383968284264,1.5398111961444276,0.25332085504019247,0.4344539746804946,Benign
1.6177813218147632,0.029458782671231826,0.17604671275572867,0.6267048798952818,0.9708148319242936,0.6380790220309628,0.7317627832768908,1.1862738122035144,0.037273958924188715,0.4002802953620607,Benign
0.6051989515591953,1.1353975804878507,0.6036485412763266,0.5044314040644292,0.3299764949863909,0.7569120700073425,0.19711426489039033,0.08059587809134984,2.2132916773865094,0.9612734154777073,Benign
0.10110968755242437,0.023431261876428203,1.008583140272462,1.567445495578898,0.7333114939050622,0.03722357447500838,0.20250525111500833,0.05632908586352618,1.4077079434965394,0.16184222067080126,Benign
1.8166774597541901,1.3374321770279118,0.5915965210079536,0.5734051895631012,0.10410992605674231,0.28886157267613544,0.10951712219503132,1.7626830547258694,0.6622201783888845,0.08607172012977873,Attack
1.734212796715043,0.06539789277767644,0.24891735998651385,1.8265728701861546,0.9466347719198657,0.7616120380614174,2.02940726190893,0.1811525341972287,0.33707725836564173,0.49923377777431655,Attack
1.8199339328891455,0.1346107443271303,1.571863881291105,0.028575684272437053,0.2932907276523075,0.2554009074430608,0.620126156790812,0.5609759926885582,3.961507261489797,0.48559256860218214,Attack
0.9980476746046897,0.03486023340371331,1.445379208155292,0.5478987164804086,0.4669845351195926,0.14629315328880915,2.8321174101283875,0.9869950539564504,0.31272400845598275,0.0321266122709897,Attack
1.772269182529452,0.9597531622519561,0.5325174273140693,0.3092874716117351,1.2929694099592985,1.498063820645864,0.5214558006339923,0.8195467304458443,3.313624803598723,4.450243146826492,Benign
2.0406186092773373,0.6599111899115472,0.1196538902940381,1.748834915588449,0.03500940677689437,0.37804328855692265,0.04054669692478769,1.1065057053531149,0.4408618503128041,0.7945688016538542,Benign
0.5927964474581766,0.8319606874505611,0.12480041370532186,0.10206706663858284,1.1661875517133518,0.5539466681480809,0.571205288752651,0.07231779003155289,0.9254302782520343,0.817396003619557,Benign
0.0261583928908959,0.09993217395293279,0.7702738985547241,0.07256895380716445,0.2982680157532962,0.13747746520069523,0.6760999445649303,0.706998196279976,0.8600567706549211,1.3450012966094504,Benign
0.48249153874888084,0.04094846721256896,1.953945394382302,0.8561112715738086,0.4765684301261023,0.8513080229062362,0.2519658469151845,0.42768768559627235,1.1992245395974521,1.006214750514187,Attack
2.830302090143747,0.34485222341756594,0.8495013070061799,0.6883270958751032,0.04881855559859643,0.2896238774035882,2.9782999552180347,0.5106919780837267,0.1062787231148085,0.6386628830362581,Attack
1.3454779674787083,2.0182192845162037,1.0441220186374134,0.3251459238932784,1.1237743348977012,1.0210700971045439,2.559018422220087,1.0067670790916732,0.6781851089093245,0.19853443737746415,Attack
0.7627780982659386,0.3071703243272063,0.13853139969058867,2.316058705880359,0.4583436020737952,1.6172870562424955,1.5040186594693388,0.4581246585380164,0.3966685296734315,1.1746558940737555,Benign
0.02049396114103277,1.2936405876988983,0.2778896979091712,0.20068549655117393,0.2440155458866284,1.8435675915883527,2.2102203509185485,0.45863799591584276,1.055503999250459,5.4884839055793995,Benign
0.17665292366524066,0.7779216367013513,0.21272732308513898,2.705931587427045,0.06515563765174082,0.059471798153668945,0.4936999840954053,0.1055399315054235,0.3659110363113081,1.5926810523193362,Benign
0.40900428203142875,0.030242101206781447,3.3676227594840213,0.14125370578278126,0.7452717262573111,0.7493551922000068,0.44030286585984363,0.009925739916952477,0.5798202002715059,0.2974722081282028,Attack
1.0998798282766378,0.050141219080461194,1.3145138896779922,1.0527164763972034,1.0739279705505735,1.0780638481531077,2.686489016755688,0.1118075864051854,0.07747199967667927,0.07451717071468035,Attack
0.7141926936973482,0.10836820024533854,0.732568443631264,0.7974063479230287,0.10979985914383868,1.5954797672261698,0.41964516286359343,1.1079207448873254,1.1226118476695315,0.17579144831727672,Attack
2.222935736780224,0.30559257618710134,3.208469845636201,0.09326233295534482,0.014678794528460383,0.18946188008540307,0.6033484215615496,0.7430425638792314,1.0375623376752083,0.8828474506781542,Attack
0.3765538832849148,1.2251137803130434,0.0683910725804543,0.03316913983939811,0.13389277659009544,0.13704720151124147,0.4840080256344549,0.914552597928714,3.783976758423494,0.25780090864101407,Benign
0.9011169658703421,0.15508878058458267,0.053020689260902955,0.02954628240380111,1.2919873242627349,3.932192630935961,2.7010196947272282,0.5709261144507218,0.04551285080717866,0.18313711249389417,Benign
1.5874532109943533,0.24746425079225395,0.8758389807027833,0.36102647705262153,0.7116938182501725,1.628074474877361,0.5805908501889251,4.886198980576669,0.460728156465695,0.4440768914935751,Attack
0.6665718121094517,0.059332381000242546,1.632883821187623,0.47677306827537935,1.1914119422671114,0.7680271827250443,0.8796992443420959,0.9841213082345655,0.2887262953298823,1.5989308237799693,Attack
0.0007390399015904571,0.07496919473218705,1.329709940012673,2.730149973572412,0.28788940604054575,0.1540909533506843,0.6615127941272126,0.1458343087267702,0.025664069132105265,0.6751408496901051,Attack
0.10705939147866207,0.935814021071581,0.45563657908693367,2.646088920060651,0.8259172820119398,1.2293832763281491,0.6283560182209665,1.041946391577728,1.656972445986739,0.6761564438429744,Benign
0.6731038017349625,0.1757752678152683,0.025876894822146505,0.32140249938784426,0.731493102684631,1.4545339941008968,0.6731613845865446,2.7903980300939217,0.978219942982434,1.7645167310993892,Benign
5.643562021037964,2.350172585933923,2.9864710338169664,0.5337253311983559,0.17517912379095008,0.4329481173342191,0.08488942369779201,0.12297988702605588,0.022514634188394694,0.0014666823478940228,Attack
2.316469598126138,3.4841073601892347,1.1194266543283362,0.8613864776059043,0.6766150630870374,3.6412412176828592,0.38835444635534466,1.521450434350746,0.27395448705858527,0.27999998015937677,Attack
1.2291641519265202,1.4491724013541158,0.12340398427770802,1.0717448964705256,1.0097634444694328,0.21669208758753805,2.560531073610719,0.6789331107119281,0.42207070478037545,0.4125006731899835,Benign
0.4276290188507756,0.05002536321271589,1.3968502540080983,2.9608877298706475,2.150179417408429,0.4610700998544971,1.2622350701275253,0.4110031873955753,0.1594023182006024,0.45654387379780376,Attack
0.4680908895826391,0.19633435424887377,0.5022702657907244,0.5997869974579665,0.29505940773035316,0.05475966693243736,0.2523306027431728,2.0533680961137053,0.8153847569530821,0.37754092062101746,Benign
0.29664648378036745,1.0200850234355168,0.2005445535879742,0.24397753434561045,1.7645582142386043,0.5708785968037584,0.16911057034764157,0.02712564332526038,3.3627174387979712,0.0020642680378775316,Benign
0.723277059434047,1.0150838781131835,0.7764553886562549,0.469912662912411,1.8435664536842171,2.0490910573701315,0.49368007594793856,0.6807550777023149,0.6883719619176795,1.0666728725061012,Benign
0.2100244408949367,0.06268578991971317,0.5168885285525212,0.10532374281164278,0.6022890681678966,1.5059394555739436,0.5809022173473848,0.7190969503486808,0.8527510539779055,1.2763179731723369,Benign
0.794996723596015,0.520464278791114,0.4997690571860078,0.19408831434296028,0.5127119834504366,1.332320983938949,0.4686196795270354,0.4084830935928204,0.7452075644413064,0.16649319589107972,Benign
0.08331410100935234,1.1695360862792763,0.3071718993773124,0.2732700113211771,1.8544726761994696,2.173544035369064,0.6314713733545143,0.8930671454021092,3.0406539964406507,0.4584218094839164,Benign
1.7786893853145704,1.1849573633407549,2.6961913714961243,0.2304807822764751,1.4711171680524713,0.1547125769389561,1.4670688056545909,0.34683059986914566,0.05159015534863987,1.5774017993231093,Attack
0.04752183560002963,1.670362375619851,0.1914029230054426,0.7438174414435601,0.029424484524330063,0.06980504911190656,0.2635346115655994,0.4010186067254122,0.17249188208350466,0.10694279015078624,Benign
0.13707847873611304,0.596867195464935,0.053310151158534214,2.157441021639311,2.209056506183592,0.05889486839144545,1.1014742583537827,1.026853265866496,0.7216079889569473,0.2552143159063943,Benign
0.7246640303581459,1.7107218562301743,0.30641066328064837,1.397103540611057,0.5545646733777319,1.980062058871322,0.8534955577294727,1.5509669287452106,2.6973774398864463,0.5046442516780738,Benign
1.004901385127778,3.15608163546524,4.959818741032613,0.7379971498731328,2.5542359108522197,0.40729168518951575,0.4585178668457623,2.469368198795114,0.8872925980602006,1.594309710546081,Attack
0.41274282291541803,1.4637022883553192,1.7155486451713906,0.44108256439472443,0.6435142553189497,0.3642954294927899,1.9511702546291816,1.077579850045025,0.16299459733902819,2.786954244750975,Attack
0.9508065618896807,0.4477936890490735,0.8841133264746421,0.2168673911315889,0.33928196379539,1.7491572058264835,0.33530047558902343,3.515023924360763,0.2428522699281324,2.011691423286572,Attack
2.044208070793465,1.1476253710221105,0.23196790167774922,0.4243012457696443,0.6697181321916671,1.369243253253441,3.6137160764906393,1.033782194421698,1.0883821180466409,1.4048109500271586,Attack
0.5544264126164032,0.23183952565731966,2.1395595678585324,3.784103327404486,1.570078350929985,0.30008646150105245,0.9402867284558295,1.0735631201183773,0.5097369128003134,1.0293353324114864,Attack
3.31515978619274,0.6411045830729835,0.7058137931241505,1.0877526104169575,0.6635378285372789,1.747338103393705,0.5090338502217584,0.9659174395080597,1.472508615538056,0.255048284250865,Attack
0.7014844677943601,0.6189935593858511,0.5598232182919941,0.4783972148032562,0.18576560561622013,1.173149238715991,0.10872505343175932,2.112781982261345,0.4063572614374728,0.34565446664880134,Benign
0.3894207312283445,2.398673363708266,0.4179253642077943,0.7993033728953469,0.12172364783461458,1.8295640045438875,2.1666186121802737,0.0390356254443944,0.365137917927752,0.18672331129335548,Benign
3.795783950001705,0.24864819128901988,1.3633388783269063,1.5687445430325166,2.660345169825074,0.4605799620814112,0.12435913115495525,0.08378643187298074,0.9272086199891517,1.1950892729757574,Attack
0.5102526296874702,1.0107774011559283,0.7910460300793346,0.5743910998376885,1.12615949585175,0.12327822609811749,0.195439753121178,1.2152176371175076,4.161432988767534,1.0452715635240204,Attack
0.5740282824021565,1.4737319687714752,4.331283609712192,0.39754728794404465,0.39900842562132455,0.005861379732485277,0.4758946373933298,0.10160146741084376,2.380362403980345,3.07307810595905,Attack
0.15068181836686761,4.205096121419857,0.7399033835610729,0.020575577524907823,2.7371888107236906,0.4819006119449371,1.8190092402747118,0.4616788910456267,0.2710188838979131,0.8454373278795269,Attack
0.1687416236572678,1.4776355182476901,1.7582702656697151,0.25011530659044473,1.3858656386994348,1.2221448731236824,3.197231083528997,0.10921150572881509,0.19584901412398156,0.4674306878564526,Attack
0.22084266829237834,0.5232292365383555,0.08764329537409321,1.5176489108695588,1.2067840064438509,0.641682909755855,2.847502474236887,5.210842513980924,0.5382221726392219,2.779316645285396,Benign
0.5820299545498655,1.6898434581737436,1.7862204358092795,0.43829431521418544,1.0901361241614456,0.48881678070078344,1.4621629535478045,0.5281690035570457,0.16181422639757698,1.7977517686229105,Attack
1.4691648199450114,1.7265827155545903,1.3089953520020214,1.7370766686055297,0.24289705644269177,1.5247138088755467,0.2627722123486558,1.0014048003616787,1.042901078242554,0.4281856229320335,Attack
1.0692467106710308,1.516677318686636,0.7762388621997233,0.13924104896720954,0.3173655531582234,1.5779705107964017,0.6529704132307577,0.5043202200180854,2.476766853704964,0.5628816145099362,Benign
3.634840092978236,1.2253530674969535,2.1541871780041215,0.5978464611785262,1.8361339484690207,0.3417847082585148,0.39511661106760115,1.3702139733714898,0.1443286797438041,0.4776522450451155,Attack
1.2016702505633066,2.9712210913685078,0.29340110692358595,1.916404068237605,0.7609224289634416,4.612193684487694,2.2965723905223694,0.8986320663017202,1.6264949500192951,0.0394681962212652,Attack
2.062766514504217,0.3764914020605016,1.5333411468941986,0.9064385659555942,0.4456915870133233,2.7336304629836135,0.023356188732311933,0.5726066332889831,0.42312037106725153,0.29483056842304967,Attack
0.9576087546608012,0.9569831306611849,0.8386303307066616,1.1457602435748278,0.33924278742199165,3.24914214488377,0.06652037118931178,2.7070954709767974,0.07389760742190518,0.43807852804316977,Benign
0.6885759323193408,0.2284683459442215,0.6062490404248241,0.5423976809316463,1.2657208044261152,0.49137609936814525,0.6449847229279166,0.40007990026463935,4.52029212854107,0.2589374668316221,Benign
0.6419113432280905,0.9928968325949797,0.4741367166032729,0.02593327804421621,0.8727634735688397,0.6343382371136365,0.01875718184301664,0.856758533329725,0.31222672588263806,1.3245521894638765,Benign
0.04541604728017371,0.5713730297235836,0.3273646535011915,0.06260489221737817,2.1669764937937788,0.6439195226639962,0.45978720755607366,1.570102869834899,0.6087871550904755,1.0745976871838445,Benign
0.636869949739519,0.558719991370744,1.1051550394956648,0.033370492039038836,0.6212557741861279,3.178950467613021,0.14256799311676913,1.7583614737210118,0.271971830501982,2.120938213262333,Benign
0.17079201884108497,0.4879214934127482,0.8919150649690745,3.966653898889433,0.29657384932195124,1.4404788555555958,0.4678110558753155,1.632844343671319,1.0572800890376663,0.08658211487981388,Benign
0.7853662038633914,0.15616663777452194,0.34267218558504065,0.8565492974303925,0.215509031798502,2.7162018171261684,0.5976546865432141,0.761474226152714,0.7990886895630918,0.5014156953430432,Benign
0.4444643730881605,1.006442829189261,1.9953449949966982,1.3905642028073866,0.20645990747816068,2.2347839100710574,1.243560409364444,2.1720526064574894,0.4276165222336761,2.22651093755145,Benign
0.23067173870556618,1.621973474057599,0.6160619941766761,0.004961001902168346,2.685119555645955,2.2861492716527865,0.23470213898356004,0.3695429722353808,1.442272586540245,1.4290573207930317,Benign
1.3119279638696688,0.07523531100539352,0.22527251470240386,0.13143383745295134,0.7140807798353958,0.025336406844976574,0.13071433849001468,0.8929802856178447,0.1569799789578306,1.2883078330403825,Benign
0.1127290195820094,2.4053039494862136,0.2598273801205891,0.2967360921086846,0.005016817475984587,1.3740838243904643,0.6237578981802535,4.431169219751142,0.1323682147670608,1.920748443169212,Benign
0.2047623588297066,0.9788884721844403,0.37755995651254215,0.680175004587206,0.14267449587480552,1.0654353066825728,0.5289889866967248,0.003880223581738995,0.33255939959514946,0.0038587506327947716,Benign
0.17282295006482698,1.7323264736532014,0.40457840730320704,1.3253146117415073,1.4512730370210827,0.023376304690118036,2.7614000174469373,0.4881617562456196,1.5674778571071948,0.483481091816839,Benign
0.4262931506611889,1.4304248153347445,2.6349343220626604,0.803442280228597,0.023518051931025123,0.6805278292116166,0.33656627364439495,0.7704700317035612,0.5224889473007464,0.26244501167381107,Attack
0.04707119042927514,0.01797625346259455,1.2079419361627461,0.4455710494481351,2.661271484151812,3.220007534858221,1.3050359178276865,0.8640106362853043,0.3100976897527011,0.5790116258757722,Benign
0.8105283920953225,2.146985985831575,1.0122283688291545,0.287075665399486,0.4988973541609703,3.2612925454040003,0.2478788074003509,1.3769793308819895,0.16969903431238148,0.19501840266281517,Attack
2.27654545328985,0.6074236966313701,0.6577550955143985,0.39724297129854746,0.47205785049675786,0.5854060256910394,0.2531659359413183,0.21597160885363922,1.5408522608523623,0.3939448494886752,Attack
0.6234471882626645,3.1823279533248923,0.03193819805896264,0.3094824818415308,0.7263332285571661,2.04749395621497,1.5590682910107543,2.147841663423034,0.3237976004284728,0.7842398103459288,Benign
2.59547944449982,1.81731428670492,0.6921104642897203,0.09032314157825748,0.8729420560069442,0.018097395224513892,1.6651931020489261,2.68900558450631,1.3675594019045252,0.31629081716211527,Attack
0.6588343978206048,0.724448340122248,0.4296731932580142,2.054780381417598,0.42735887188809746,1.9352976948789005,0.7931350756662181,0.13458796611557225,2.171037935610458,0.6901536826383518,Attack
0.10323687562665675,2.1710008573107027,1.4954937307589249,0.32274549714122086,0.5462242390990802,2.5009889344298086,0.417306054022955,0.8518179995606593,1.5950664185196286,0.4484679213248094,Benign
1.9737236667870435,1.2028172096309881,0.8030771373598604,0.6904459569883559,1.8636331137446467,1.3677019310546525,0.6477158626424464,0.4169033174714198,0.47986742305449087,0.9834669338366537,Attack
0.027246822190944764,0.17670436750444682,2.743855560491309,1.5295155950721826,1.4080873406141772,0.7765558172647725,0.31745622708095655,0.9010475881404048,0.03653160272900062,0.6942715219212702,Attack
0.013851131292083077,0.47038349721764416,4.218610490945146,0.39360142285592015,1.1753771957760226,0.5140201071609833,0.03963037251324654,0.005822042409591719,0.16204281762477676,0.25239149210885586,Attack
0.5014382482955566,0.28103178254727934,0.7550956860678919,1.504547967578361,0.0300470375185086,0.1481792212249398,2.869512897271537,1.2916802738325577,0.18213506679110567,0.07740286947815576,Benign
1.9268506647178045,2.380187612736498,0.7441403982240753,0.7772177654961063,0.08889247978093043,0.6754021031234183,0.8058072299299144,2.76852947893638,0.1888544687092209,0.42770469261327715,Attack
0.6466541191672459,0.18396445538929063,1.5408745106717714,0.3470867571809746,0.3422210941940991,1.5676329139824088,0.09882556242077806,0.7807673160121126,0.35530749170517895,0.5075771483939289,Attack
0.6596772254858249,1.3119266511644874,0.9467541180538748,1.042765325996324,0.8779940401795872,0.6610902098043121,1.9704631912677064,0.063649688720846,1.0946720571414834,0.6710860502899949,Attack
0.20083910052229037,2.6860710759233823,1.929674999554424,1.966454569491144,0.4081193559613589,0.8793911711684895,1.2021663675497845,0.7993591247105362,1.0008943440708338,0.9847372259130195,Attack
0.5749390233305665,0.4193383357987401,0.41964045112807435,0.16876752953444413,1.7378427755178596,2.878043831675509,0.7112370740365664,0.7618181058907489,5.014603013913201,1.8928039153253775,Benign
1.4738480659691418,0.27601700092639186,1.5251423949621288,0.10394186032328867,0.24387158200345974,0.7974205045388817,0.3906056777526807,0.5410314953767081,0.45009619093812764,1.1492559971928005,Attack
0.4691297041208349,0.5736238100108692,2.2762296831845696,1.973370189625848,0.06278633575542715,0.3069542239456835,2.1100761662436898,0.0366782380806087,0.23469981298792914,0.9597788448596266,Attack
0.8993411051563407,0.6235323903536124,0.5742007537410447,1.1739950144279365,1.3159137859436765,1.6599188629539003,0.6926870542518292,0.17858030934538496,0.8957459171021113,1.351095035981185,Attack
3.514257798405387,0.6969415752056295,0.4320139959198008,2.24526648953388,0.04748417167891643,0.46475517087938617,0.9419013663647497,0.34731792245834736,1.984498658371328,0.9563736839215286,Attack
3.775290082193355,0.5976384397866966,0.22440313084608324,2.070134032601399,0.6535444598441305,1.5535300955217968,0.7136671910803014,0.13567581796008923,0.12943266189987596,0.40154733210223936,Attack
0.12990347778612715,0.07592501262037524,2.9944138551997446,0.25589081237169703,0.8137348964510587,0.0318252834365663,0.5253139841325661,0.2574460495747713,0.5515538868515454,2.0244440252607347,Attack
0.401914556233135,1.150807466009585,0.3188263839877645,1.2341191684090353,0.153244284664883,1.1978149579896888,1.3310989725131182,0.04669874559652117,0.03361020446877566,1.001862070108699,Benign
0.4033458043063092,1.9939940256190523,4.856666600147539,0.7751623077361177,0.9460258846563069,0.32210206947251496,3.4486550772625906,0.9575550475293038,0.6977168497982621,0.6364693136878504,Attack
0.08831263911372111,1.1178747637150286,0.1848072174472183,0.1992959936157168,1.1795608954152912,0.06998999765956204,0.7399830044554366,0.8898885365318702,0.0841769946039991,0.3137754752862319,Benign
1.4801320092147394,0.83277312841221,0.4639368036386639,0.2373912205332319,0.8758530377589903,0.41167212753167554,0.6111008171953384,1.0776507812028722,1.9251479751163272,3.9210654423922757,Benign
1.4009158380095323,1.107554578812107,3.8392124647326105,0.33929133683422835,0.7185802464401471,0.6417086500074027,1.023218258020881,1.1272826562948184,3.1439177158036116,0.1975590417298618,Attack
0.7997637631574827,0.46626245344241224,0.19497420761619136,0.16429131174328312,0.37900585015270727,0.41753431269133245,2.2991015366376377,0.4707404600980112,0.8653623278196951,1.0709147528122749,Benign
0.9183307353194468,0.5495002694647815,2.369126579596684,2.119957312356283,0.7933790760961161,0.08715053970226101,0.5719363418021023,0.3959656466169267,0.7183952892162294,0.5914329447069936,Attack
0.7531308801023188,1.0371687186876788,1.116314911652275,1.0604298607697071,1.3328966517718588,1.5900218577526275,0.5614906378512392,2.7148345227004493,3.2417701363541664,0.34810536792287483,Attack
2.306141863531148,1.0590931186618637,0.93029955749586,0.2015621322272824,0.9050522177100937,0.564667198304546,5.3475989869843294,1.6894987726887345,0.7872045326512624,1.6833596351136817,Attack
0.6321336817695923,0.09109510326573607,2.410319274838013,0.8983917279971891,0.39652466199224173,1.225876852160823,2.0942360628587466,1.5413496413569288,0.5468647018555807,0.09617490403243248,Attack
2.053299341396785,0.6838846282609317,0.03546271524224576,0.19187458108120428,0.05361916594958652,1.1611868185887724,2.231171545596576,1.3201408479275034,0.2257432513522084,2.6770839577829655,Attack
0.20350206743298413,1.9196137100502313,0.8622260323069175,0.0034827214944888074,0.2326854971639798,0.11468341514062931,0.872420467541758,1.469962650838401,1.1277403074289813,2.0923500496331258,Benign
1.0767963478175997,0.2002816849423223,1.2990258073836711,0.9221364080557373,0.6492006787179291,1.9667279730443834,4.452674628242152,0.4848921036281369,0.7262242434742899,1.0171462293480973,Attack
1.374245685666329,1.3054264476173432,0.09335654930664254,0.0004394795370380619,0.9930270581075807,0.16006530962867258,0.4194681337982258,0.8908257393865068,0.15631527154481292,1.6899685679361311,Benign
0.8543720624121138,0.06435164567219501,0.015387522423826645,0.34250295099169675,0.39632295170451587,0.8941764180101428,0.167796350564931,0.7897783169968995,0.7438973623771448,0.6340071263384782,Benign
2.6531755483834973,0.7871185758432652,0.0017826708236723125,0.9349772809590782,0.11478824189102346,0.41948307430437126,0.5022730426827838,0.4795554854451224,0.24403988235455593,1.4188999400503957,Attack
0.8710269592704943,0.5734989179090145,2.088831502185781,0.7645987450216858,0.7418343372704855,0.3963437977247176,0.8312316338678908,0.3720599559821997,1.0604668790046012,0.46262962133191143,Attack
0.6159946547184871,1.42445057981409,0.04704748720040931,0.24134732388541824,0.9614742715715329,0.1510360554259491,0.751731171791466,1.3365688760698822,0.21561940600485377,0.159153682208992,Benign
0.9591086094729563,0.362780674976488,0.038673121291535176,0.3602099947611453,0.3291211536721959,0.9892580023036502,2.6891249725144886,0.5354974466816362,0.5863703126299986,0.4010624109279869,Benign
0.24114544579302336,2.4008382406097377,0.30313190635388626,2.640292709885105,0.41176476256193256,6.131964967828246,0.3538271148261248,0.18693767875966408,3.948634759620621,1.3241532994100365,Benign
1.4131155638176456,3.379238042525668,0.9686652567707048,0.30752440775269096,0.6144185594528857,0.16093912578364095,0.9331639637525891,0.5693341412099643,0.13275375069323145,0.5816410319093418,Attack
0.268281329933481,1.518493512538826,0.5947461765268357,1.1360701639444393,0.9213473198461447,0.2474750250010715,2.1454860365117248,0.16650635795522573,0.3497981466776073,0.02668991108264975,Benign
1.0264982056663177,0.155502585401103,1.3901220363796984,0.4324386827089803,0.39021424715884595,0.07092342457070958,1.974528186963899,3.6809470166512006,0.35302551251089576,0.4026083908988643,Attack
0.9099425882282476,0.7121249701170502,2.630489714284747,0.8743011319569128,3.293923166937344,2.007230587740995,0.556469480694436,0.5438267987436933,1.4124665596532875,1.7115360516437612,Attack
0.7781190775066866,0.013910433032007447,1.1228223319489212,1.7302872586188358,0.1554282530222509,1.6026682521384261,0.45492804515214535,0.371172948172961,0.8045459762139963,1.4262710761005755,Attack
0.49910746894459845,0.5660130917890558,0.9114333064097175,3.2046907921263843,0.3460266824611978,0.21609648107313975,0.8902283576330274,0.5904142288061427,0.44597265422167137,1.4203470995698226,Attack
0.957920238400654,0.1863127327074754,3.7532857730691442,1.5178008429345378,0.12611313357024986,1.4998358858910759,2.304376470527618,1.4067339204164826,0.7297453509478632,0.30527971009259636,Attack
2.3221233928519145,1.4828946595330914,2.1120530216577937,0.5336754088851946,0.1284555820593278,0.38447820538870653,1.436092272503621,0.6901969462674907,0.5543350990496708,0.7410008621717636,Attack
2.8942676700486154,0.6512022824079589,1.718938307702876,0.1286682890406896,0.5648925843045842,0.017184909433778484,0.1277805444137068,0.2564386212150522,0.7771884787703629,2.909829386276912,Attack
1.443696787504546,0.0023812704508747,0.1943511839861494,2.401420328000721,5.425296744453995,1.3095430573300948,1.7967069610748638,1.037086649168456,1.2594945822129215,1.7622923333386729,Attack
0.4670888601521401,0.3086095613874033,0.40967436590662626,1.9964234937329808,0.25422641880223074,2.902380049896185,0.4379899090000376,0.05145280282847281,2.481421194709601,1.5167420886200618,Benign
2.3651021875138465,0.67933298628894,0.4337016223560686,1.698214087133383,0.8358360224680492,0.47651917688415196,0.6393788109041785,0.5365244638701173,0.0010712691470309219,0.40366657899406855,Attack
1.1737771457017687,0.015668479974247827,0.6266071105018179,0.7190116795439205,0.053914432238247975,1.1262594389093528,3.119306711493871,2.649497181807954,0.19060136283152582,0.10004802412050656,Benign
1.3765262925917225,3.4584067965629903,0.02884773588496577,0.38981330972316125,0.20085501812595946,0.41540038074311614,1.343346346301758,0.05635465414313168,0.7961996859980774,0.10430555604245889,Attack
0.008277517426852345,0.1415502618416354,0.040803097275545916,1.172478646076365,0.32019406812951734,0.45882455524362165,0.3698666227492807,0.31092704476216815,2.16216884482447,0.6925137754122203,Benign
0.6903076811996474,0.8040484502997624,0.1400518766714213,0.5436666816028775,1.0087011964762345,1.0826088247740038,0.38473567203352466,0.11259893889757962,0.5382008190854751,2.1674331200939254,Benign
1.0731402325092787,0.3860321911688166,4.469784259915623,0.9384267562644059,3.957465138099624,0.6435197188283085,0.1846548283026337,0.34840512482980757,1.645530479693772,0.8286427772888935,Attack
0.17797397321506386,2.181608133552168,0.29462399951225515,1.8700691186615868,0.047662869852397934,1.3069165079192326,0.041222374297950885,0.9774409694916351,0.46096727571387625,2.4352631892715713,Benign
0.5581899907799364,2.40844876105771,0.7137176762659181,0.06916475715912158,0.2581441971106385,0.5980663354590776,2.8603149585191114,0.27885575032739773,2.0036860914748527,1.1257180503531248,Benign
1.7318717365970546,0.705698898467622,0.261982360307596,0.33911058838172314,0.752086456727357,1.61669462705788,0.945857786912243,2.4547381541281736,0.007452732656532778,0.09050756393504582,Benign
0.6626920432427262,0.2879701199744532,1.3333507872796364,0.5394579252892123,1.8554156100610908,1.3966036284066492,2.5360566267584272,0.12648256107728506,0.4851710073210291,0.1631225385694833,Benign
1.198107916407752,0.20307508484614228,0.7119887452551947,1.3038038920737594,0.7849045755575135,1.035852019983012,0.053206805917496186,0.6460528238268959,0.39629308726100965,0.3958821638722211,Attack
0.9693590053009924,1.3534202731841467,0.31722627832170097,1.2769185701426078,1.3950810938729032,0.1302706619046797,3.1026207366321295,1.6338143275269887,2.4410831989685895,0.5969787782952937,Benign
0.29173770454245695,0.0473351402275015,1.7029248831356514,3.603215871435064,0.8665652322304773,0.5921913725199027,1.0333520243143914,0.09118459098036245,0.23917788464676495,0.7955834803508496,Benign
0.6693340577058468,2.7263328680480936,0.7196035016740835,0.38381153111814936,0.46138064108414784,0.9432682654038351,0.1366160848676195,0.36329442159797265,0.3140206062443203,2.5467649015970673,Benign
0.37624343380286834,0.298183492331492,0.16676984195379643,0.5691624282811957,0.03427765501410594,0.9637589809482896,1.079481136694565,0.11100211418591344,0.025774401822003874,0.38905659606214144,Benign
3.2937003132080074,1.9683093231187954,1.32539296501852,1.6658300364738996,1.9838912095913774,0.38290303427444267,0.6048456219825197,1.1973579307218278,0.29086690951449723,2.3706376358464487,Attack
0.9384338058181271,0.8349044382619741,0.42173285390356413,0.09275133324903649,1.0977003425531173,1.241262295347221,2.2212477115981266,0.8493910210081329,1.0416193383612622,1.2024808586475169,Benign
0.8691125960074165,0.41897546823586973,0.7973344455101009,0.2020998327505182,0.18967450763498842,2.81969422689514,0.21136329876392534,0.60771791441492,0.6041170552068517,0.7716385720041601,Attack
3.6151131655200803,0.2859164311213289,0.03863885446507412,0.43179734053118307,0.44499846118140307,0.13996238548380527,0.023319297512685626,0.32344953365677426,0.8656432193992906,0.023563253754337047,Attack
0.4947267262950291,0.5818882536884106,2.1111282674159804,2.2509347634401644,1.439251102392716,0.4718598872204408,0.273626118389159,0.38533487461096244,0.5612061296174264,1.2155564204879274,Attack
0.871950384309252,0.024068955197264,0.7979165854410842,1.5987498899480908,2.4404942721588423,0.06862854031169183,5.30980173410186,0.7712254571112399,0.07185759053166309,1.2937849236791312,Benign
1.9903104239513587,0.3589132460334176,0.26017216883291727,0.42424996990319985,0.953503338920189,0.34829860904997456,0.11274655865631202,0.47360104734558894,0.3200381497998407,0.8045579026563923,Attack
1.676650777176745,0.5229155010903102,2.3066228648881872,1.0624760737285732,0.6496660880280987,1.2104839572164856,1.7011231729276552,1.0238299049026753,0.0998586108924813,0.028712099883435437,Attack
1.6025304661562578,0.11104338106081511,0.7779147040540433,0.09919141522260723,2.4444226739897337,0.390153348065471,0.9979418011709907,0.28644493243799674,0.7446203491432558,0.017238139101693205,Attack
0.29875275769864434,1.3563377834831138,0.4786102667318894,0.6281799616380184,1.3366557992860373,0.2897539825040552,0.0596786779210844,0.4735642250776333,1.0303472255916402,0.8465016518341864,Benign
1.642857319282711,2.9452807079601158,1.847582113390079,0.23114090983810448,1.4625178360264928,1.0483251783376208,0.6850781081917388,0.29569966745681553,1.381345470261734,0.46057727912854807,Attack
0.0013461742942898912,1.2057644406927481,0.32415432102426484,1.8566687255298422,1.9657050482723282,0.13391173969682707,1.6217597834985582,0.4307350029019238,0.3274899891815827,0.6042294761021774,Benign
0.2721005359376994,0.31943213040581714,0.8230334077902974,0.5547506511071488,1.9896570879631679,1.009279242300502,1.5306859982354004,0.42753927243539097,1.3528116249112323,1.3902261929292887,Benign
1.921256757583136,0.3631593821851373,0.07054468097235693,0.7200996992317996,0.025443874993415747,2.5263596616719655,0.06944595765921752,0.6788296606960623,1.6291963343467462,0.415776473431059,Attack
1.4301665199855071,1.1136748370460463,0.1477700828267335,1.1482487639464445,0.5449547264467751,0.39749933700498213,1.0787210099374192,2.0891489799977196,1.9466516628246964,1.4247572420903987,Benign
0.996792202950341,1.0695971547148,1.154425321991584,0.6892326184871099,1.0627782013940028,0.13003076609607075,1.7102667845279906,0.27694868519091953,0.49776512464441036,3.0401226023986285,Attack
0.9087155843193601,0.1892692636763535,0.013102380512858395,0.12313170754500195,0.17462845151323256,0.671911225445102,0.7232934693807613,0.4744474140373705,0.5389430116026862,2.7554586443835225,Benign
1.0771985063703504,0.6590157844017066,0.31929355739623777,0.17436009688368567,0.16985099250114857,1.0273580715375952,0.08436432988019146,0.934326361438841,1.901886504809382,0.41105728340814224,Attack
6.331992559836095,0.4052408368145275,0.49297864265270464,4.574601928562763,0.4673860594246301,0.5462888753949956,1.4648658210960734,1.7266859398783672,1.2648470036551736,0.7920488056224039,Attack
0.21434514780732203,0.12235842792382984,0.026469990787145795,0.9060393067788005,1.5142970635834205,0.8638877516901597,0.09499854743214957,0.2327217943121935,0.4324000915594417,0.11565255050571169,Benign
0.5211722351027381,1.1736669222594982,2.0759354844006825,2.362568648294356,2.2564423758907624,0.10136458365280875,2.8504708077739025,1.0917275926630507,3.4235847655060803,0.0969532730848961,Attack
0.16078908251023066,4.290988965809757,1.0530178530931456,1.4033692415869161,1.6963115602962062,0.12637777989399276,0.28315655860428085,0.006290356464423126,4.252885800602356,0.5480959980045877,Benign
0.046507290923640525,0.010137975488931276,0.27711333797475163,0.2455891386829424,2.2592545062491496,0.07757839992873401,1.0068400962937987,0.449088916685997,0.07168884637038019,0.25830739307874395,Benign
2.123507853278198,0.2120130433231757,0.6231963923530293,2.1905899007538254,0.5673129055888827,4.74295203130691,1.101462061833954,0.5962837184876684,1.64743175914147,0.6309710295125063,Benign
0.6276368152640845,0.8183075978646687,0.414220430231987,0.7170105027047153,1.4331358314317217,1.349917378183865,0.038803563696002304,0.5593791672963374,0.24432505923170988,0.2617749949606181,Benign
0.57683727499302,1.2372833781748487,0.2762692841817979,0.2542979630077459,1.63532605660342,0.2538569029169184,0.3912220661938727,0.32194847501396845,0.1796129980699476,1.5147360031092072,Benign
4.363899733881947,0.11367383667707127,0.3931115778657591,0.36960509388455876,0.19289467116773865,0.7260981297962813,2.2601064949691723,0.05275890081015303,1.992138944366249,0.39547899892317434,Attack
2.241899522504717,0.46287611904785764,0.28640323795463685,0.03379627461391681,0.0043071819069221045,1.2945168363458748,2.3426138235421115,0.6112516453814769,0.8862414319901526,0.022664684312247687,Attack
1.609998634387064,0.6662015667122634,2.6961466822406233,0.9695877952106378,0.6124669292813416,0.006686338593611898,1.9459029825595429,1.042312020550001,1.0020271973038875,2.20436208436546,Attack
0.19221610948725212,1.7361329218296346,0.09228485824809518,0.05838753681490776,2.3449918545636956,2.686474833164477,0.14748477449431255,0.2963485530829988,0.42824468893672135,1.9632658007810824,Benign
1.7967469659646051,0.3736487389217775,1.48153876679493,0.03686932048608353,0.2683997124387118,0.7247110802665467,0.6425163654836081,0.54655350410845,0.14866378596014118,1.6444829199183544,Attack
0.23692505248926282,1.5858972980316557,1.3597334822405513,0.4995643458731052,0.7143403924955428,0.6120644588966119,4.7592892962243845,0.5641526562998543,2.3294160766940597,1.5611754039830192,Benign
1.1021743732511038,0.04250922579215935,0.5262041318451307,2.4559848215122546,1.3809105416560123,2.1194984050873202,0.4816653552447802,0.01888085899455063,1.8986663842626548,0.7027538868031754,Attack
0.30377750986623614,0.6103701085015952,0.4085253062888763,0.2364447423874394,0.5806470350310271,0.1959933377128732,2.9930599437866734,0.16399589103745113,0.8956396551644786,1.890120435091166,Benign
1.4069138808021329,0.5068937568054191,1.306651827205005,0.510960480573275,0.40508049219126396,0.342372954484236,0.1689697258070878,0.7538755699339623,0.9411874485823188,0.6046806964652153,Attack
0.26940445599823776,0.2482625122282457,0.012340820944831216,1.0525246176734788,2.902132037918998,1.2091276204080148,1.8134731969711066,0.32027874230774533,0.9959822166492323,0.010786050822607939,Benign
0.8129524378305287,3.0571097630767925,0.48341002775234404,0.5030032161967918,0.631994451512256,1.3636022034246698,0.12644565514892683,0.9828563213303164,1.7650076351962432,0.5256968237936916,Benign
0.7623010756833378,2.2317479784736283,0.9081619442720292,0.12194332544250414,1.2331902201320426,0.24702716225665952,0.7982740426463291,1.018899805124459,0.4642545590871376,0.27809067889098593,Benign
2.4689865446860333,1.0455945409643104,0.7229093945787044,0.40887051464875546,2.2280075419447067,0.8552381499566298,3.315624175864381,0.5602116054906705,1.7311339231401193,1.4411931190198144,Attack
0.7058764403673302,1.0240305249034094,2.566766870581481,0.21825656836019788,0.015303613809501314,0.5767154877952811,0.16427487754206407,0.21752064470790974,2.616598920634773,0.537903823261246,Attack
0.17734291986739686,0.901115312171847,0.0023914976251842015,0.29190656913917334,0.5143536584975144,1.0541795834546765,2.2082204021587444,0.02094940643694588,0.5691205095403649,0.1657288671723902,Benign
1.265993431096659,0.7595421755784316,0.38329320341991424,0.17107528945358408,1.0455609935742503,0.4789714881662356,1.3577036996723373,0.7903257637825194,0.41152353499609007,2.006837177511436,Benign
1.0356719122634288,1.3673406941114874,0.739457130735041,0.9134127108434839,0.8856121654746284,0.5308509680922436,0.355920089904972,2.081984360521974,0.38902370390572427,0.12765129745935747,Attack
0.516121823216537,1.00570818205672,1.6960332639148472,0.7993918858229141,1.3877471295197048,2.15069225219639,1.6659086416701436,0.3915945870927743,1.827526663254335,1.7491398874803452,Attack
0.30484819364926347,0.25460556774461784,2.1708287576436947,1.064264552703522,0.6665099081583762,1.7252548258515628,0.04205683345628364,0.12201719853642014,1.5832245931201083,1.0036734448694347,Attack
0.04139468607491427,0.05808798688344592,0.8493188684474567,0.32984300259722366,0.4536577488315567,1.7628987151573028,1.2059880523486575,1.0190664260289937,1.2477531465781413,0.6145578847352189,Benign
0.619804401329124,1.953981319686108,0.04399160424064454,1.1217677522509681,0.15961753862926742,1.0689477520933737,0.08233859429971987,4.674209780662212,1.654874436264273,0.1527967910388894,Benign
0.8522600176711135,3.910483768034817,0.403971076762964,1.1888875922925366,4.4161845983599965,1.2290754805469695,0.2968077982382059,1.3669848147587371,0.9700438823905441,0.12384385980204747,Benign
0.37128007518347406,0.07728461984499918,0.2330923381184431,0.4872046244837799,0.039318602489758304,0.8545257668953836,0.25061511328957486,0.8208776323805979,1.182404740511899,0.7789485802042723,Benign
0.8696812968921175,0.19728511722281317,4.216238339630534,0.372765835017534,0.3004712281936675,2.2629978111737867,1.3530566867638343,0.1554604861771595,0.060253013969175984,0.3848139943541575,Attack
3.848231301132399,1.5646922477685097,0.707429368792924,0.013249398465410995,0.42501633030095703,0.3574733647572662,2.918012087295451,0.02262105848535237,0.016752834903541777,1.0983683918354548,Attack
0.13739681583438895,0.4799635515470579,0.09613680253379459,0.1995432731401247,0.4153631083882406,0.921908509171081,1.3571165807320285,0.8122574594890812,0.025095714171058273,0.5021233401976759,Benign
0.1797119074041089,0.18921421701279192,0.6329507272912288,1.3352578807909359,0.24591048656327377,1.5242509471128378,1.351941364779524,2.5880106881428167,1.9659943967052211,0.7158902452962048,Benign
0.21938807237214802,1.1393546763974791,3.0462388676699175,2.040094145328558,0.3836512433884715,3.62214705920687,0.2636079126701125,0.7692339657988586,0.6390258923228557,1.9528828634191884,Attack
0.5940138672162372,1.3226079355050664,0.484878736920666,0.2108263652490686,1.6041133936153649,0.7401326831704527,1.622614756733988,0.754492553971705,0.4189195983180414,0.48733143285220315,Benign
4.6490475302307415,2.1398755581243645,1.9251201449676005,1.455961356389569,0.18185671966488162,1.0323737720844834,0.6992280299521071,0.9399359372105728,0.5283890349530896,2.008054741872243,Attack
1.3789172457342531,1.0119371287614742,0.4745848812902884,0.6263593150960914,0.9575769002056039,0.0029409043777209056,0.7099580206562255,1.349927154942808,1.6276073900756656,0.5388256281945597,Benign
0.4941430229066367,3.8269493042011287,0.18558496576727584,0.6217805861118366,0.630449041211424,1.0382090449236152,0.8698880972763768,0.8688898949594943,0.4699068103435887,1.4212986476686826,Benign
1.6252826339215862,1.5682439642678772,0.6192143508664627,0.9059331230664113,0.2705963136048288,0.9164933404925399,0.9073335460284548,0.5803437912305337,3.3661980188102087,0.30210737563127704,Benign
0.050584930934057734,3.1658178806678094,1.9463953406934555,0.14443439356268345,0.553358955148281,0.17769992546071262,0.8738088092111277,0.1652218223192985,0.9688807079143636,0.36934003461330983,Attack
2.652084798458042,0.6075885017921836,0.9832016921572311,0.35110883646951074,0.6313126160129721,0.050915986816152885,0.32966753426973583,0.839421705421284,0.28823242515985414,0.17036125029069737,Attack
0.03403592592894335,0.4918504434962248,2.029190538950956,1.239255214633943,3.420193732976373,1.2305911502458695,0.45497987873679185,1.9251928873534552,1.4088986246051038,0.6377905575454276,Benign
5.040737093002793,3.053758342736154,0.12501824962532118,3.136347635641642,0.8184293028833451,1.0075056017005208,1.4319580532188894,0.17274859582080396,0.7440908691757145,0.1844575182853589,Attack
0.5648637671693402,0.10058230496463973,0.6190443759277676,0.20627699994379414,0.7190342849099519,1.0589814140374063,2.8537255165209765,0.9134122419695069,1.0939506090815778,0.017754634916003167,Benign
0.9621580337134593,0.538140770923577,0.89082736000135,0.2646024561451785,0.539549195592771,2.1214072359865788,0.9588247505633912,1.6600061489290454,0.7008187811120061,0.1397321626228785,Attack
0.00042903663126672497,0.686050764602051,0.831825371589458,0.37936789174748387,0.7925627131993168,1.532177153728904,0.5655032829198829,1.2483413113788306,3.1138387655389312,1.7631416928561094,Benign
0.49167583316449215,0.26031935720884436,0.8054868136085137,1.9935202659311222,1.1097484614284114,2.6981670650989917,2.8569787325426184,0.66600899896825,1.530508985055785,0.6743671769465261,Benign
0.0019790300820604935,5.610898819966673,0.9069114198356086,0.6539641322966054,0.0909233086199728,0.29834598628746317,0.3225250926318229,1.2307888600506642,2.1219262747979566,0.07559260856790243,Benign
1.013922431125067,0.09563295085163978,0.4085891394642718,5.205974655413251,0.9984489929363234,0.7021989768399045,2.1943004507067854,1.2180280944784814,0.29212955012590874,0.8288860437154931,Benign
0.8559137997200238,0.866105641847847,0.40824657101967127,1.0816858292782896,0.566439263909342,2.5034526909537274,0.31492382726142565,1.116077927130942,1.0643786995363707,0.4662887199016263,Benign
0.20810931927120405,0.0906008417996716,1.019105010805881,0.5444545396544757,0.6328218378618106,0.5010848614900625,0.13825582163007186,0.6094629697530612,0.015185464544077475,0.4592142743001095,Benign
0.7280405642539001,2.3681135664457376,0.1376214303162629,0.9017456179792781,0.4357941459377957,1.6305365764592055,0.26786955583573285,0.5257902431297301,1.2486541753308298,0.4110806853554475,Benign
1.5828218906008475,0.06671622056130357,0.28205692347167355,0.02419632412310096,1.3065363307272022,0.5167829295866538,0.8709987170343656,0.08933732469127616,0.844452105900205,0.316195619787867,Attack
1.0544024241832224,0.347669178380992,0.4793150690396167,0.5151610639036474,5.5859480348150345,1.9742972563523293,0.01856621748049413,0.40868502536817863,2.170930668490114,0.8597938989064234,Benign
1.2810418306035096,0.24610876211576715,0.09272562638738224,0.2926150334713948,3.175108940739856,0.8199916698669505,0.5403025596677642,0.9952118989323968,1.1316894192642233,1.1378099324284683,Benign
0.4112624499101709,4.93160089989216,0.25095566538954056,2.0835340045751716,0.5513923510041436,0.8665040792508398,0.9835256170768506,0.1768690873533735,0.3274807220971393,1.069109879000511,Benign
1.6970389621021025,0.8800067409613977,2.4280316307457155,0.5960155984304814,0.4656879097200668,1.7523133148895882,0.042449820717380196,1.6861827881773215,0.293413052115579,0.966690069724409,Attack
0.016556355857330073,0.39353533088284043,2.863991252802876,1.19701059436372,0.334128476051761,0.19829171983046603,0.5114632057438586,0.23780792674445303,2.155555281136499,1.037168077197925,Attack
1.0177328048985808,2.289196376965225,0.9959706940088725,5.044870976459811,0.44370343098039683,0.9459926224123347,0.2703929118397971,0.7835195053964839,0.5647446787228201,0.19708732830172465,Benign
0.3142122087872754,0.443001645732866,0.7116811081147715,1.208913648495354,0.4177997472476347,0.2568532698628243,1.9787488081327265,2.7794991130871565,0.606900621825003,0.6050023406053731,Benign
0.06198138214915799,0.3183982112831191,0.28578510185713635,0.8378492914273657,0.1368487741331567,0.401589735499377,1.2871488183500017,1.1246425657421852,0.3563724035114116,0.14265850150903783,Benign
0.387634996481056,0.7114683541837231,0.7725337715675694,0.09660994453912261,0.4642718232371844,1.8628500375791435,2.8974070671730106,2.969103173485067,0.08606374729512421,2.6326487454364926,Benign
1.5905418737221257,1.041900976970534,0.6602019834629467,0.2757114649044046,0.8924927054121365,0.1254604988935236,0.06310304501486313,2.515726146342364,0.27940430761929247,2.326800965155874,Benign
0.17873562574923546,0.30018784399211695,0.20758581152207875,0.5430325210235468,1.944636562363304,2.3535240883407926,0.668704552038531,1.1083350950433795,0.10184652274433137,0.09295078696297712,Benign
1.6607725101968112,0.5206571226189588,1.4176055391120064,0.5401906066491934,0.7723573087699581,0.9720347765460516,0.6119869212442535,0.5035563656100632,0.500031420511206,0.14683368705352146,Attack
1.21033063767843,0.1651280304536422,0.23409400889296383,0.5439885548036713,0.5499722641002532,0.4790685457140169,1.7422603736976032,0.35537483052291763,2.087530969323341,0.8883454815438279,Benign
0.8145210283262108,0.9489258011034377,0.23505948262939816,0.9202309248568141,1.6489076230612936,1.129609194705827,0.09581654814957703,0.47617754943642626,0.02717509666202667,0.44708486016059135,Attack
0.15540712787092348,0.6156969791990453,0.03235436516484149,2.7281771604664073,0.3918798481045087,1.4419983119011268,0.24870214020772008,1.2713291325857328,0.4293753687120616,0.9587882242940113,Benign
2.7421982886780403,1.0896230795665862,0.14262123810819927,2.2430771469569,1.3230547019199184,1.96160359036443,2.275001553531671,0.3031463540174348,0.39918122063148753,1.435839781546304,Attack
0.05767987438395957,0.37888123927478606,0.43242394016001734,2.014070557486715,2.8486823374935772,0.1588874697758573,0.688126609079437,1.3123963429262522,0.41794654285844407,0.7598425003627733,Benign
0.26035291853289777,1.4545349234682547,1.4203104256289896,0.5628529477430332,0.43022649927277756,0.3087219092381449,0.07433472850317077,0.8108604207775333,2.079252726042051,0.12985364151109044,Attack
0.5275190842167214,2.1330278468325483,1.6824577255363842,1.2964389744547196,0.015940108095576437,1.1237976916905141,0.3541784421378676,1.433037844881647,0.2519161190471524,0.003227275334300719,Attack
0.7015107687333829,0.34069766972503396,0.8802839894764598,0.3263410460040881,1.4959950488073168,0.6905168968912371,0.2925153887340146,1.2628024193676646,2.3816342130309525,2.2778745806244216,Attack
3.8066895249251886,1.179036717285062,0.9476570318498956,0.07851447463854805,0.2530666381338157,0.362896498421053,0.7705443169380825,1.7269563502644634,0.6086814004170507,0.2872415690934778,Attack
0.4989966597224028,0.03627348256566296,0.3042421357406535,0.042881338199151874,0.7294514948949518,2.6215190597379756,0.5450832262136341,1.403592207778702,1.16512477707452,0.967775583271132,Benign
1.7976182095255173,0.844810702327127,0.97531387592531,0.4159714932682146,1.3584058724720973,0.21341216123283263,1.2503604584334589,3.8458397454237914,0.30172958870288985,1.3553235040774034,Attack
1.4092744632841168,0.07479377462815329,1.1205683537768159,0.7171620635901125,0.6335676941274057,2.084906615280264,0.38561841377857553,3.8523595411841485,0.7120117549364393,0.08004927138042714,Benign
0.09539167219136771,1.724049140397045,1.4523328245583755,1.2024695770085274,0.09120013777601009,1.0095346504379512,5.525875567828539,1.4352154315031902,0.28728034112466233,1.4958672016578578,Attack
0.07123498230584649,0.3654588605836068,2.3844922736408667,1.547749179263636,1.502086039547211,1.0559908776639841,2.027744345396917,0.3435025839201659,2.762254344672345,1.5527737542789235,Attack
0.08838858453638722,1.6770188739178173,0.8364645099045444,0.8186163748163617,1.7034746751787897,0.4445679623521428,0.07914918436059382,3.239912588111013,3.2397440974819784,1.4930330640097065,Benign
1.5434902849303462,1.6167563954463584,4.925641861387775,0.09009010910113506,0.051624732767695976,0.3184181228665453,0.9033118560074612,1.4379054676223169,0.7356470938831747,1.1185701779404242,Attack
0.5980589083666545,0.6427167534572796,0.45964098761033634,0.9318076143208472,0.1332372394370438,0.08431041487232485,0.6937237632638722,0.43734566939101877,0.44143456560147853,2.3177003618405574,Benign
5.523360735825129,0.9608772703132603,0.17363661818521037,1.532462738118963,0.8192540191774051,1.4212796040509597,1.0057011037031742,0.1169595586470804,1.0609953952457787,1.0342530691897498,Attack
3.625114949309712,2.3952205503922324,4.349970157654943,2.853788352625985,0.12231936009430946,0.0660810736284185,2.0902320826533023,1.5225580065807383,0.09683863373557716,0.14264982372435758,Attack
1.2648364548442923,0.5948880824912252,1.361129558233932,0.4288368919652818,0.2878050559500282,3.272607610928585,0.3967367374245231,2.397517615443285,0.38731254832531503,0.0032815494646319335,Attack
0.013127118548836456,0.7049401576676451,1.204107931661632,0.1047736576859119,0.47602019283085445,0.5587727026599535,0.5494933586665272,1.566007275800295,0.49023329167339,0.8813896659584095,Benign
0.8081507073318697,0.4862494382213145,0.13395096735128467,0.34653694983637023,0.003642065958024131,0.5815264579637411,1.1444522322470598,0.9602962112014479,2.096675347705571,0.8240469093946166,Benign
0.2904238034917914,0.26321487460067233,1.3054369615038333,0.11778120429743237,0.10579105222046031,3.1918912881098342,0.674055098966001,0.6368971295283563,1.0140439597919448,2.3213423634396957,Benign
1.805891728254947,0.6676179153400459,1.326365870618674,0.6763532187005823,2.256579105761072,1.1190322837743918,0.9252289991444623,0.9678569609171127,0.13411837599627288,2.3219198366487275,Attack
3.030491335500182,0.20134318371153265,0.05204832612199677,0.543749372123016,0.48584454973292845,0.9239315257714422,0.21127524211523413,0.3978908880153926,0.7005338232703189,0.10229278988623926,Attack
0.20287234916018038,1.4021139070613429,0.1171079347530899,3.0749530875244115,1.095211583084374,1.9892635005819828,0.191789487554465,0.4069799080728606,1.671720684696285,0.5994939212022502,Benign
4.038411000275227,1.3284871557486426,4.486239672501052,0.2764684889286665,2.7293377854536494,0.1549434021007906,1.7954127536757711,0.8617703048380879,0.026838798958780635,0.015206939004002018,Attack
1.250836401668269,0.2373377545278836,0.20398807809678215,2.8628011507747644,0.15276272850241968,0.5468843881504187,0.3521289079882528,1.6406817865669032,2.0594960294245475,0.5738978917180927,Benign
1.35625270699651,0.20802004591495926,2.38740442559116,0.05410211415296096,1.8126663698962606,0.7723893362585184,0.8436033909266638,1.5806445503860818,0.28644083228855244,1.008420472793232,Attack
0.7339048910380137,0.9398516041590401,0.5062064919449993,0.1073330001668413,2.2071558458668044,0.858678631708962,0.46228047509520376,1.260175428504374,0.2258859980184978,2.9275951414766928,Benign
0.10474091263714276,0.827591041912276,3.034613706593221,3.0621645804468027,0.29120399812617986,0.06090651495201341,0.542086664875623,0.20630548542321708,0.6063344275341424,0.23055951405012431,Attack
0.03403305855346621,0.29504239130698734,3.1709983140637505,0.13218596474339786,0.3297170415575072,0.5384239755571144,1.2901221356917127,1.849177757858513,0.8498593568106889,3.0055571133143304,Attack
0.2315347147823939,2.0337826979173297,0.6136796545447847,1.3424658778749956,0.1258115896904065,0.8110313480844694,1.063126125260987,1.5161168871495048,5.373547115220403,2.6501126084355575,Attack
0.6302484403705055,0.4077429779376132,0.4957544281442007,3.613673724898079,0.23630063056741082,4.0949257760234055,1.3526545864832002,0.4539426381417864,2.169800744459926,0.38123556562831296,Benign
1.2965701408709864,0.5702707187275232,0.7413561703947014,1.4157187155962918,1.068211708930567,0.02072180976932383,0.49232270415158774,0.6769951063650779,0.20664963956888005,1.0662238841255531,Attack
0.564122017484259,1.2989298989046663,0.0060446587161749965,2.9324265742913407,0.3205318760222773,0.5234257225543936,0.5576570458031096,0.31225026456627314,0.5576476111188907,0.5993924409742108,Benign
0.0027790748919618315,0.443400844330935,0.039203096275454645,1.205674248928456,1.078079971968978,0.907019872041827,0.7024602818186669,0.7886653061689625,2.2543995455329466,0.23498534015747843,Benign
0.8806441895223686,4.092194406098835,0.5994710341868641,0.24690267443172012,0.4436146260463647,0.503734835233701,0.5442887862555091,0.1517285412407956,0.7239005727313211,1.098045073260115,Benign
0.11572893903066453,0.20392848145759032,0.45041858852591854,1.050243656611924,0.2337174658824703,0.4393829430602156,1.6270213407549614,2.781449419343328,0.3577983908277657,0.22410840384046424,Benign
0.4045246995760661,1.0283471885522621,0.08672676442174002,0.03169673760015311,3.9893629050139277,0.05645147652045251,0.9229967222293861,1.8996030156091803,0.4910852382826733,0.014977956580856155,Benign
1.1545442578337815,0.129030245465543,0.17062582021677056,0.7290028729090972,0.7375590413954628,3.1591665147778967,0.06371858605306233,0.504461732804647,2.7713531701205967,0.10868249836177282,Benign
1.6549332966179255,0.1380646468293784,0.6195646826973991,1.076550408838599,0.2671102266155656,0.2343746651855603,0.736854791150214,0.3406167365537988,1.7193422248194132,1.1194251186180617,Attack
0.01643177693035717,0.28221857189795374,0.4360114086774184,0.2276167937294227,1.7916814243930386,2.921462989653881,0.12366381710549103,0.4026367724721179,0.09930066226681361,0.1873110570905102,Benign
2.0030638295773477,0.28812286604937193,1.1505605953758598,0.4835129344113378,2.2806692998285873,0.12228804721736526,0.34329363146799613,0.6329394762427376,0.35366941087702763,0.961985324065281,Attack
0.26444718747572127,1.4438259715436594,0.27647501052680784,3.0741289357802075,1.3469160352051879,1.0641511058189967,0.35234866900342876,0.04736501291426929,0.5106808217257126,0.3014650022778581,Benign
0.03135369573330514,0.978641059942434,1.6160131825637567,0.39446500022948155,0.047343249658620905,0.02510407260986746,4.106967395271766,2.537404814523941,0.1630308365597838,1.2263575354773613,Attack
0.30398492011952305,0.01549919950791214,0.692413794187292,0.3336375334253289,0.23092716966499977,0.4338548163612247,0.21188007891506414,0.2192072421038305,0.23139070498668532,0.10620472677910583,Benign
0.03254455793061239,0.5337781952191949,1.0534933491517664,0.027914262659072896,1.0723677546058552,0.618417466223022,0.0027579295699690256,0.11783207567351656,0.1685290996375277,0.21209613120119142,Attack
0.7542227192302219,0.20028761147875063,0.418888864572441,2.5542766904067906,4.472671498003815,0.7211269060855546,0.224662575977031,0.2430818597146481,0.49377288872356206,0.47462902023811776,Benign
0.26730711764621085,2.1996064745690873,0.5903151119228041,0.6118207339221747,3.7692133129686742,0.967380600379808,1.8016953773343591,0.5897500463167052,2.2350669240484384,0.2657365327438927,Benign
0.009351959759927897,1.6668305493433637,0.2950197147023151,0.9145850795243847,0.6975418672338445,0.1430883300884377,0.26833855941692397,3.317943569829711,3.095199489500273,0.6884938499910096,Benign
0.3398392532648425,1.0782776045995341,1.8750181153856584,2.9587413373570604,0.23980340863148164,0.28487291913425333,0.08311143074714583,0.022803847259320813,0.34341901167392785,0.08291624624043144,Attack
1.152535785920853,0.42092580169734634,0.2390483550240318,0.8474967768411211,0.854032964762336,0.30891645808507123,1.0073111557658139,2.875291870761815,2.1355442819990107,0.07510710623615569,Attack
0.44602714630949,1.3526305949557014,1.8264352995666966,0.30190165569166905,1.746689711877543,0.8190090353843796,2.1669073054218853,0.8348427647621771,2.2047955186162986,0.16330134312382946,Attack
3.6616873773916456,0.06303158946120292,1.576784644253434,0.11180918925363718,2.38822598879131,0.11172034197968482,0.9537153290528052,0.6755401405095907,0.25524269885534423,2.0838393539490783,Attack
0.6489438206932431,0.9402507898025648,0.33189829817801025,2.779760204279823,1.0440206741495732,0.5566097498005875,1.0457705104412904,1.3245176489705854,0.2351914593428524,1.5268518053253615,Benign
0.23018391834280774,1.033925841303258,0.22324644779482838,0.208663683253394,0.7511233634427427,0.34031382874776056,0.028810870399224944,1.6292341641306383,4.712398926254333,1.2598443670882002,Benign
2.7050031460336146,1.385752521214845,4.865195571401284,0.576096679111781,0.7730431317194426,0.47214295455669913,3.49107008100028,0.703725583553702,2.2809329489983248,0.1182663459103601,Attack
0.31529366758554833,0.8866379454609343,0.4392066187993468,0.3269913710131349,0.48968563159814815,0.2340957113713825,1.8927077922742286,0.3772326593693944,1.0246290453748894,0.1633600442018554,Benign
1.7580172789779973,0.33684314210129795,0.4969297772296419,1.7477741161789393,0.27356697672303504,1.8301038212898768,0.324160448850045,0.43316765912289634,2.2604243741585015,0.13718088091552194,Benign
0.46522924704972674,0.430378293551903,1.030979300030048,0.7980174966932388,0.8066283797788983,0.9510532511671955,1.2044478332258823,3.5721680181273836,1.558849274983798,0.37137865548474536,Benign
0.22501705189297236,0.6066063862430482,1.0130319429565424,1.2433239007967463,0.6723109172200821,0.7240605157610891,0.4993126716314057,0.45217627331628885,1.0456460164268606,0.5160643946712262,Benign
0.7124418356607948,1.9679572669574399,3.172352264581165,0.018409200871471933,0.8139695739870102,0.32963797263724626,1.176293614213824,0.06663232175530968,0.8327973224508356,0.20422772374054882,Attack
0.8028632198191907,0.060074971998604655,0.5500121163715143,0.04715825838516933,0.6665282974721569,2.483927060910235,0.24606344526472415,0.2872946437482709,1.1404350019364833,2.349832261338148,Benign
1.1524619223326311,1.518748333137253,0.05444799825728123,0.4639845623085534,0.3183553693138854,0.030686701078923243,1.4547988057526207,1.3570057090776995,0.06068631111374073,2.7369501115053203,Benign
0.3597011726529886,1.1285008401626337,0.8371541789399722,1.2116364630048941,0.08777288647374266,0.8717597843514644,0.4057837540088159,0.07468124626426469,0.15690050722219193,0.6886462472923841,Benign
0.5684985015497971,0.6263750353079331,0.3529821252874674,0.981164943586526,0.07354828461781145,0.2936471082442305,1.00913409996512,2.7211667867573492,0.5575566115725683,0.5231230437832765,Benign
0.20089664426940804,1.812608237056514,0.6573934302847957,0.9587215989893548,0.22237522607942864,0.6465228148260602,0.2891979712221112,1.8454778283258917,0.5560946980816363,1.0360793305826184,Benign
1.3343516184409911,0.0028068745466246444,0.4694135550432091,0.5461697338773631,1.014105128946289,0.26684771915387817,0.46542254665836524,0.6987888705467135,0.8652467886834886,2.132430572212925,Benign
0.5286701109303159,0.12821861679498106,1.7682082443432645,0.28851628252872386,1.8958859497615566,0.2919288588266641,0.02189639767193387,0.7033433172100039,2.798383587186402,0.4991371383706752,Attack
0.20468134955903294,0.18690590588737296,1.7385484051798732,1.0532599005705585,0.5404216609355394,0.06262221730162736,0.8577654255656478,1.716242704766807,0.08040173161113354,0.3087205285737202,Attack
0.8624446462717694,2.0254329279392485,4.591998234388079,1.8388730512049054,0.9544559492546145,0.3926760499814696,0.2884047518406309,0.0036034724984737904,0.5543812785877743,1.2320787233896702,Attack
0.5283383075100752,1.4808535355425998,2.455446659930159,0.36988111712825017,0.7143805649975558,0.5341728515238098,0.39265994966802575,2.044285370206318,0.48470481291176887,0.3218720147716651,Attack
3.3934502393376467,1.601323244946966,0.04331688471089377,0.17390108931148232,0.07426050533502818,0.013595143333113265,8.958962158284407,1.5545358115388637,0.8053809164550322,1.8020993608691456,Attack
0.5311878288250713,5.078642368283606,0.5222027954422563,0.6063187711624562,0.9711536625570547,2.2696991739498107,0.09236627015610012,0.7161074415585289,1.2218666988531495,0.038392091178049835,Benign
0.4127816156983287,0.9671015482121516,1.59910548135481,2.6139181424056113,0.44683723020009336,1.5875338657470939,4.607273532317483,1.6863912440294424,1.2906286653022536,0.09513005225411414,Benign
1.4039938461134613,0.010591207715780381,0.004745734070432141,1.4158035273445988,0.03641467532278689,0.3195517259787892,1.917430453541765,0.046125864965962264,0.1381373907839787,0.7891319502200841,Attack
4.056939360271253,1.1308716392602653,2.945930932911916,2.8596474504763103,5.008014580001216,1.9809045802042053,1.1967276968474614,0.15504300387125403,1.238692251477117,0.8170504044996675,Attack
0.8887180772393853,0.842877981141123,1.679045777719001,2.0883817899362245,0.015183022206461491,0.4654660187010268,0.9580441861755341,1.6507105525453216,0.9393820356420314,3.4377054970585452,Benign
1.3167162720136065,0.2712971099408887,1.573106191651917,1.0386053237366477,0.5623845132946766,0.1445468976404033,0.0934623124463794,0.18982932368926006,0.5178721927470396,1.1583676526880846,Attack
1.8898843125721332,0.1747998108526208,0.06717095091820499,0.31761291573711276,1.4774480554762088,0.14676548142141752,1.3913568660978193,1.369305264402901,1.6373307785298779,0.38205714161357057,Attack
0.5189749406912425,0.9552558557507957,6.4454860212908,0.4251103665116822,0.9423848627774459,2.747702121084688,0.6952688245096182,0.6380489950084912,0.4089841472719253,0.9122180899161753,Attack
0.262873509744395,0.6300118718552977,0.45715420561385617,1.5289373264072226,0.7177051804282131,0.31588692787569733,0.9348683280492142,0.6284931483735126,0.3868822274030607,0.10797584046285638,Benign
1.0333069361255522,2.197777479749555,0.1672559990790693,0.4459949035026039,0.9231421234125362,0.14984167706144205,0.10019382795099939,0.034238599007829607,0.01491260373136016,0.06925608312151908,Benign
0.31870461115458726,1.3289803447774022,1.3506693948091977,0.6622508745659491,1.597399775486283,0.7015578683126678,0.07671571808896875,0.5096832504978386,0.7313625018735722,0.5763160104878461,Benign
0.9537994112299213,0.3054658141916097,1.2649952649811156,1.203376104698338,0.2161843052839056,2.0675719263757797,0.4768375693426055,1.7288273656193651,0.7249200094901873,0.07643468634287903,Attack
0.1669243913070312,2.8333015054262853,0.6044166748111552,1.3411818521711707,0.7428291334813305,0.3867690456612853,2.2933536052548087,0.4536398472698462,1.0304637159251286,0.15247516743210598,Benign
0.2593585344217471,3.391724790654891,1.8107925942186156,3.340177847146238,2.7565678774404723,1.2884260285953102,1.5901624674018573,2.3308934496748166,0.38455536841071264,0.2388134426612292,Attack
0.06397338059421669,0.8998186390120043,0.2192252170574639,0.7131067239366051,0.4842392781055026,1.064303555971592,0.07890334566463084,1.093309937188362,0.05199899333308911,0.38699063992938376,Benign
1.2075971148103501,0.22227382278294702,1.8873422258624142,2.9323664174411177,0.34453228044913187,1.0953772360663137,0.06679785447353857,2.407177499272111,0.24942042289027028,2.9250984125882127,Attack
0.6812381691220134,0.21056228414174818,0.26857406326361255,2.694952933207384,0.6764176841387848,1.8012165688656416,0.9364652516977916,1.504631031956509,0.25805715714966077,0.6967062075439732,Benign
0.830490338738743,0.6067766246520085,0.6389080118779609,2.5952219436415898,2.2979180619073376,0.9161510635674239,0.09331332185673744,0.22694772004723768,0.9404362242164992,0.10767362545293638,Benign
0.25356485486275937,0.621752994436642,0.6246861347569944,0.635946229721225,0.05505607755251696,0.17098326170907394,1.9061517662916347,0.507599706473817,3.7377896136769473,0.14017734943983007,Benign
1.1860547906417802,0.4259897779969049,0.44948239552154357,2.3204766847315637,4.6304469748621955,2.271995367074396,3.005239448649168,1.1941108958741844,2.386394959116591,0.09049656959500287,Attack
0.7635916199096413,0.7110918882243582,0.2971607240750668,0.32917444004221746,0.7887887229523275,0.04245642070713427,0.9586356021595306,0.07960169959790114,0.2441888210679043,0.7966121170901718,Benign
0.2694462374525496,4.311665659288301,0.8099414437023152,0.9397309069191722,0.024598442028218776,2.744832845088763,0.6412844235281995,0.23787865539652508,0.3713616925070102,1.7975671338277117,Benign
3.302389199782024,0.7642629000845594,0.24441907813043856,0.15499807637816987,0.007613927985359165,0.5202945228883605,2.9416177964354704,1.264288118744726,0.25693008719886196,0.9182865434249199,Attack
0.5393965122224672,0.6793623151273905,1.0805687742137808,0.1876391081079193,1.4530251854453609,3.5642392672234378,0.024922372432250716,1.189549817393667,1.004957382023815,0.09533371103941865,Attack
0.8615837136198922,0.384986460191114,1.7661166697327813,1.513451220028545,3.770143126782426,0.8411308115814115,0.05175210435402714,0.04837488822088219,0.09403360715675631,0.46803439168480343,Attack
1.9328672943630893,0.5278693783661798,0.06018490010491599,1.9931539378237089,2.1417758230742647,0.08613509785475602,0.7908387095365684,0.45274141565570686,0.9735281808917878,2.739531399678049,Benign
0.31660778500306164,2.458915549340464,0.8645531017752841,0.9107744393623695,0.8441367867179324,0.9354982618215613,0.30399400788700315,0.48549730415638387,2.035586588300248,0.35834121031551885,Benign
2.9595088361187027,0.45123180983764916,0.8192892965759507,1.3832303907186125,2.895818811275346,0.09361739484946592,1.9261108726254805,1.0629318037656945,0.6234147522557573,0.6736478883875975,Attack
0.13032425013306487,0.248701523774471,0.224265613256331,0.36500500849599454,1.1383469682302079,1.1989705475028034,1.5119548947105899,1.8935114145742364,0.5831563011008423,3.3868390923498777,Benign
0.006532901652795038,1.264478822592938,0.9982817469228128,0.11935110303175675,2.221890308810221,1.8426387295268403,2.7595054360741895,0.18463958112349782,0.2178953713695386,0.6167518029309348,Benign
0.12575030105055546,0.5998935228397176,1.2261080042835337,0.3541192381891562,1.2199945974453057,0.3023995986198066,0.3646020575494347,3.125165095992119,0.005743918749816038,1.4198770749682645,Benign
0.7563614948155447,0.6698813371700709,0.28489686864829,0.9945583972963618,0.4140691646853439,0.36627009558555657,0.36936185641928304,0.3194457585094389,0.04989007564982778,4.079719507360473,Benign
0.36852677871342,0.7600315663073727,0.9295003176418343,0.09276184813730858,3.2615027998489157,0.4789135567234186,0.19565810126446198,0.20876960644186066,0.4864254972442489,0.634464367011341,Benign
0.432915687997035,0.11758648573270829,0.044951288554955414,1.4393688019299187,1.6642050874717291,0.1354553238602931,0.993645079079935,1.342413323555346,2.0215127384103524,2.2094868643513506,Benign
0.6413226020038745,0.5793763454257012,1.385240800966656,0.8667076923341713,0.22296316414470135,0.009324797816497463,2.3223434824637024,0.3763741139076847,0.3289204879208746,2.4255115804602982,Attack
0.6428171818826046,0.15832929672983825,1.697603598791517,0.08808718633603685,3.753715653744196,0.7788401539467584,1.4374721823415635,1.1603456330858284,0.7030031307824376,0.6143350557432322,Attack
0.8494484155695333,0.305048208530986,1.0977790251995683,0.1989746192423965,0.22927396252997023,1.0701849817184674,2.0140658271078147,1.7722817663766037,0.1449447361809864,0.40023220258386744,Attack
3.3248839944263056,1.3949067523351397,2.057188544215463,0.8063544268853279,2.5088998589965987,0.17266722916153368,0.47179202394896563,1.8610678604735347,0.4076424911623525,0.663008166680873,Attack
0.41992264606180096,0.3095255563057415,1.897094390320234,0.5755062975918361,0.8837014870688173,1.1308156941223118,0.3452593681358827,0.35991034434181574,1.7795193443456236,1.105099290099252,Attack
0.8373101373431546,0.043767742532541856,0.952101041581672,0.3266341305559736,2.089370393740009,0.2322140667151861,1.815726097039955,1.5328712675763796,1.8570880173994488,2.7316417205163894,Attack
0.728186893467656,1.7538010792708565,2.123078252921754,1.6722632194880478,0.38492615550629633,0.4902533740156456,2.6500234192218857,0.9745488493270997,2.090865869959068,0.21636225419018829,Attack
0.6592671853222136,0.9846962078403144,1.729822280112098,0.6996913798282552,0.8354107371302695,0.9137379017439542,0.611268594462061,0.8888088412060026,0.4201546705599909,1.012346302372155,Attack
1.226280841119795,1.1998070854646097,0.07573461053877804,0.02320127856649795,1.3821218570753295,0.6553883879185802,0.3597353700012553,3.7765704092178547,0.17892908605859528,0.6203873470891056,Attack
0.2861509313105586,1.6137601467164544,2.1513755043209164,0.4321989770762884,0.5061918342464043,0.22561683939927826,0.7662490004356723,0.769616503259036,0.4226194663723793,1.6524516475773925,Benign
0.9590919195736317,1.006051589026324,0.3351905260969259,2.1711236516768087,3.5658827171522467,0.7545694404478941,1.0668018128894043,0.22272934440659448,1.5986063206941539,0.8862080440101898,Benign
0.48933240495339553,0.9206571462271493,0.9352530344289848,0.08132652174863066,2.632729313541107,0.8132398980716253,0.7018951428009942,0.26419971421248095,0.8240536540368911,0.19488693773920657,Benign
0.5448518394159848,0.9870160357378742,2.008388298671933,0.022905934590380612,0.38541390072829035,0.2054821272869885,3.0308349764389666,0.3026371030653641,0.39819198434951203,0.8112732901038952,Attack
0.18949081183941072,0.6273038843849189,4.342877321439054,0.1444396444486396,0.04090410781563376,0.08709257194412234,0.8868845909296655,2.135713757768383,0.6076401426047173,0.7814233553410166,Attack
0.4023252872184606,0.5982619552742958,2.0255894246903754,0.8762275907401536,2.9753559694421914,1.4288830061079667,1.3680390648087493,1.310579841699319,1.3575796821227364,1.7635850800116408,Attack
0.3299057927254377,0.4452553455605728,1.4232373263297666,2.481568534624384,0.5319908942606624,0.34204709662318716,0.12085471032251896,0.08392842680291056,0.8721437568538422,0.2734168558698728,Attack
2.38526747974854,0.16064303318169998,0.6060332891435639,1.3404514075306515,0.4053363215056373,0.5005833700610152,3.96446217083432,0.12051704079041191,0.8733612499362631,0.42373268706221906,Attack
0.18623117471930398,2.761874557873807,0.9966794281708493,0.27105728321376243,0.6777272874706675,1.414607484287405,0.5251504959072252,0.5074909957289784,0.7720156705761444,0.31149931290198296,Benign
0.01929759964374712,2.419706399070456,0.052093364983087864,0.9158937333468631,0.11899040598510527,0.11664929423593494,0.6873709953350288,0.23794740847092272,1.8334852486065238,0.26552970816548144,Benign
2.0772266140328663,1.8020154152874097,2.9574990363482825,0.9391192950805938,2.4012051842042754,0.20631843877203784,1.8004557863741775,0.3270846879565545,2.0225888674868795,1.2042616446963759,Attack
0.8013686279705338,1.0213659983194756,0.9615319020378091,0.2700778219761724,0.9728994369331183,2.98093321365604,0.8969328843710563,0.1355986505724746,1.8854364228601053,0.29277669157634023,Attack
1.2719252315434917,0.06976042114897751,0.38060300369302275,0.024134175898205636,0.8257662556577156,0.6964350342300712,0.734347243438095,1.627256098505703,0.4720828653301874,0.3209196386496812,Benign
0.04581580639764551,0.7825838808705826,1.4844906593373133,2.340000444408726,0.10211778711358194,0.13387973273801787,0.27937230291551035,2.1854799906205975,0.4723819809920839,1.0053478274878136,Benign
0.27311120028979136,1.077651637462237,0.009914362391027203,0.7689334658895295,0.1283081360409722,2.7868815967773077,0.2514858068954374,0.10193192860042767,1.8872580654317006,0.10532723427292821,Benign
0.3892820647844848,2.7925826081120095,0.6114280159506406,1.6054931788603592,0.09474113420812522,0.33914199385524924,1.797025599416201,0.16245449119178088,0.18374780487354156,0.16405978352986686,Benign
5.174852534156868,0.971452490019832,0.24487086001004507,1.3034174257538647,0.4761912708015645,0.08774483456360271,1.9869473159218483,1.5024742318004416,1.4232830458265486,0.2209937359082271,Attack
1.2695293242766894,0.46492264471684513,0.8050810327644854,2.5789981380600064,2.0697920862497576,0.7616728155263759,0.5724614317414943,1.097916191308906,1.6513998781036492,1.2613828903660134,Attack
0.48788915634911123,0.08324995453857378,0.6365472528059635,0.02147930754112306,0.14777581268774415,1.3330931163994024,0.7500988880443956,0.7524440894969999,0.7192912716168584,0.8411051754775228,Benign
1.150513568766653,1.7063232322880337,1.839818297320815,0.44130403162151116,0.29230559618375457,2.3073816299231744,0.23565529182526448,3.8968172761629276,2.4462487735744842,0.4747239689955693,Attack
1.5232645385582166,2.6334030352121744,0.05414282799550428,0.9541357593863097,1.6348325712954022,1.68170996009489,0.09093178737287108,0.9948682915951966,0.12303315548454075,1.3010201472579936,Benign
0.10125062679329391,0.6232766132418739,0.601189458541053,0.3518474371646307,0.40005687255347266,0.16867588285347046,0.3905508901971008,1.9027460577031412,4.711334325223836,0.23331320685388118,Benign
5.856821353639003,3.6563323757451363,1.239876220171316,1.3467237614992464,0.041557244801519184,0.7945827076686085,0.6367885175929874,0.3737456197123056,2.6813276765247447,0.9976225368116427,Attack
4.57683156428079,0.11682869315131454,1.0684477836895345,0.4281613938737083,1.8934284503267849,0.25297171691292863,2.164579814151753,2.3432213418605325,1.6752251369652582,1.6900585186994292,Attack
0.373775778110514,0.6812641995198042,0.35672639123985894,0.8408283419130118,0.6141086862931544,0.5813409744629687,0.12447863284993854,3.3107033359252727,0.0892425303927057,0.06993653950489573,Benign
0.006989111551120161,1.0348421164635777,3.8673518247476513,0.11926831620713378,0.09777788420312973,0.7259449356520394,0.8319940175510541,3.634056569931184,0.06319889649242696,1.4433382765072873,Attack
0.48745988514705046,0.5212559420375442,1.9727809864116463,0.34550165681614564,1.0430863605883989,0.04086998278364142,0.06585888123601616,1.6954328101606175,0.19251043057780545,1.2905246599729316,Attack
0.33373534173563246,2.6950490927212347,1.2697074908419004,0.9024102104130313,1.3617485037448982,4.110313765044473,0.45318637361056047,1.9824193542231012,0.9383240682828083,0.0023695404077665712,Attack
1.2318286703419103,0.4587810620444138,0.0782217131041191,0.1607422914440554,0.01678835433958092,2.4723594967503852,0.3207906514148715,2.289606911093343,1.3240799329378548,0.11613817216368812,Benign
0.3851218834122288,0.6221679477886046,0.5706538808070653,0.630253463200636,0.9738218226113159,2.8764426911798453,0.3644629802604222,0.30778444326993737,0.01859264125475206,0.6988932663471795,Attack
1.0238062809865915,0.35245521982709915,0.1482928042112242,0.7108677425007407,0.3566296882043587,0.8335430007677666,3.0365763904736043,2.3555225425603545,1.314957765764122,1.3106084514154286,Benign
2.4900476995229788,0.30058084563764154,1.2713852482495347,1.6640085497950003,0.8360387106426085,0.02219516189902383,0.5023164293231772,2.3337364409733197,1.8928839836547624,1.1747167891278474,Attack
0.09909772889517628,0.7670801018411347,0.743535400255171,0.04592765282086656,0.41187244348917584,0.8453947617076579,1.0286505792008684,1.3942285854687353,0.25358390275632614,1.0727601218533953,Benign
0.46133749755711634,0.0935329849768949,0.6579624307527892,1.1258504573912176,0.48833471156861263,1.2468376983685394,0.9903176909434216,0.31984825890302276,0.06753023376545982,1.0022115375861418,Benign
0.92141046799771,0.2066115490546169,0.13870504505280762,0.34970122579356655,0.9608631246132868,0.21010363270469115,1.4476277310284216,1.540182741916942,0.2496738350748639,0.10911166973728807,Attack
0.17522529028280814,3.6372423229485067,0.2122594174872554,0.17013816115149713,0.11903713082164172,0.0592393881798024,0.08229470626059801,3.446358892401796,0.014295652188927957,0.6865478535147362,Benign
0.11589200383974967,0.840125260110894,0.15228510302180107,1.9403413506143752,2.5411123994296836,1.374689191493598,0.9293068281543436,1.2030972908954138,0.759053700241187,0.43604339265940273,Benign
0.10304706174392993,1.3017422854863079,1.0526978547203538,0.26253576219439523,0.6990857149245291,0.01407318924940867,0.6321869446732806,0.4273387050103122,0.05391972342852746,0.007014590474371348,Benign
0.345256775309361,1.980075754017338,2.8940190935687626,4.017824130913663,1.2974637971214649,1.1875934290281194,0.2342778923237225,0.05404245931713042,1.906802411269353,4.3153017604708594,Attack
0.56947917237083,0.5113791542187801,0.45367452047533063,0.22521757084526586,0.8035180639265699,2.149294845611118,0.41067508218195464,0.02262140736911926,1.3115545126676056,1.308335526815407,Benign
2.4016924128306334,3.235215552411602,1.8648767356133156,0.4415093251870571,0.3344998244135832,0.3091081611857495,0.18152171730275174,0.5372062049155885,1.8020216017140702,0.7544104757897537,Attack
0.18295402107060077,0.014500033660955484,0.2386419072127654,1.321992122379953,0.5974792576976211,0.26839811341461073,0.11516942358860899,0.05197710013756619,2.3022460747146836,0.2798986921327198,Benign
0.1315271896622426,1.4366193575037098,0.5238426372666435,1.847830860211892,0.14350836518781707,2.1196991213114615,0.09404911611664828,0.1374478801789232,0.001171352270129346,1.1069193863251205,Benign
0.21528297283104253,3.946840921937642,0.10529544234164387,0.8147515973412767,2.3434256167563348,0.17183344163069228,0.32807492337105143,1.5756741981328573,2.52736608601515,0.6698821245164513,Benign
0.5208303140889329,1.1616749050975268,0.7584899842826357,0.20485647487561662,1.954796689705626,0.06570120635219229,0.2237266619059191,1.0837244365946817,0.6707697553902247,0.701877254462343,Benign
0.13837387743291868,2.0341908584419106,0.28529326012720213,1.1534272355363282,0.019897188076420467,0.6877619569666381,0.7971387540920629,3.156648844979281,1.8822105821456658,4.240872210074932,Benign
0.2976446335828024,1.7823237450636793,0.41162434252297553,0.16808318861065819,1.856222740751364,1.0588588499080935,2.138301522886511,0.33318449707741293,0.7959725426910592,0.8577114882484874,Benign
0.34379359708343904,2.0412792411762024,0.20388002226763144,1.6387505415211554,3.324225568882923,0.2616327863989028,0.3840571101977792,0.7424368237242712,4.343204073664604,0.09652550120270134,Benign
0.27904925391101104,0.7989231408609084,0.09351405850879854,1.7903157912583196,0.20264793496596917,0.04832861360818252,0.3415805731668108,2.0974854182462326,0.19305941158229364,0.0803647375391939,Benign
0.45370005757471216,1.9454454774690149,0.26547824416436977,1.5356635747475522,1.4967485887202363,0.3552813107197481,0.6724692487544387,0.3298052622517534,0.2855029364881047,0.8965227958957209,Benign
3.380863490095595,0.477833023698769,3.9786165736163204,0.5747127924242776,1.001383599748188,0.5013431721436817,0.18375344782979056,0.0439789315642174,2.49851890397244,0.3732034589922272,Attack
2.9914567878886174,0.5741506790923564,0.004892795406397734,0.7824980199538518,2.193474709217324,1.0212825731355706,1.837567474684592,0.7365087248796196,0.22728727514881897,0.5154446467474382,Attack
0.9636627187885778,1.9222760404889854,0.13745643618127412,2.3031801760338526,0.041657747449508384,0.008048848780503493,0.2861195771210023,1.2911743289396742,0.1236124027487387,2.633326328821813,Benign
1.30020661438809,0.19293734789924052,0.24836934827663426,0.17540140646246422,0.7649477850887735,1.341643193836704,0.2306206783779956,0.26580115056439846,0.5439056611020672,0.031587776876534496,Benign
3.1199189090335695,0.11366825476893694,0.5966328216662772,0.7975523785356888,0.4651880432527228,1.934942588295816,0.4248590767807081,0.43012599810771246,0.898080363525845,0.6328976648578788,Attack
0.9856919574712957,0.20845958550879323,0.6450399207925183,0.5056613177677292,0.5051866060359835,0.36218244208183614,0.6098062213130258,0.46196131101424864,4.42827388697937,2.2093812029679767,Attack
0.24038102232254344,0.054578336750047474,0.08826225394982153,0.3416848825258259,0.7331718441106652,0.728703746946644,0.5427402397968205,2.454410200690514,1.8742492503421426,2.3648953031978124,Benign
0.16030238454369525,0.16222772283040676,1.338289077626778,0.12797058755556698,1.2561961956757197,0.08306623853060129,0.7662327066808141,0.0681644397006195,0.32230140962950415,0.3462341204721291,Benign
1.5307009679187835,0.11442993774666493,1.2095645387555594,0.3202944918237424,0.8446386751118143,2.296317367770599,1.456750873521279,1.6578807193596143,3.3718962652975626,0.10499050486888348,Attack
2.9468217854569034,2.741362663538813,0.8282013389824777,1.913884559583009,0.017714089510567806,0.7495499741411041,0.6058587986125585,4.0471994130799835,0.2977198574660634,0.7523207598546418,Attack
0.19587737413993933,0.7761646616603702,1.63131420402589,1.2230657850846574,0.0028733598127324003,0.05449910866744145,1.0852273278228255,0.9660348332656612,0.6981735812363421,0.276189176722174,Attack
0.013577574045189488,1.542474463130982,0.9454610856708265,1.4697118132296159,1.3469544108462561,0.7207666718962925,0.5125907712970368,0.09189803900807525,0.6292813111075256,0.6359738130797145,Benign
0.2727372135971679,2.0573770437206593,1.0899144989256064,0.14038272524322606,2.6523002352334433,0.8618075736739472,0.3222902329568205,2.9199414494404294,0.6245411322824834,1.8260502183456724,Attack
0.9947030262683452,0.2647084233757073,1.254242535773616,0.3261057758725958,0.39491106762064465,0.5161950500691369,0.47737309257781674,0.9195417953089948,1.5014446843105558,0.5659531317635427,Benign
0.7067320361892984,0.11389086578947062,0.7457693142580305,0.21650141271121803,0.3955211036272358,0.42698156404344373,0.7725541936811862,1.3552509711437823,0.62733935201758,0.07006647985301209,Benign
2.695383391925835,0.24366884287056295,0.6011184472346666,3.028627700648024,2.6649466525094057,0.8495669110875699,1.2199903847377125,1.8557233040828545,0.35609449332312226,1.2207481889522631,Attack
0.33760718333272544,1.3529974828107556,0.5020727069139623,0.3225420943919627,1.7510813656054727,0.17833452540973316,1.0676113905184217,0.013379790918379462,0.6189612518889889,1.9911138617552953,Benign
1.6264889588125302,0.7356105950287685,0.4327129484267824,0.2554666484879356,0.16203660497813382,0.061213528762558075,0.35776438549344464,0.16406032295844009,1.3305265402276842,0.0018191581762132235,Attack
1.6595627862068227,0.24491078517236506,1.936544935516377,1.2183730881184542,0.20623894514485908,1.0363041696512054,4.000255613901918,0.5350198069452913,0.3953811304621507,1.2285583117530146,Attack
1.4388741434564318,0.7593192079281573,0.0599780267493341,0.017227123209598474,2.7395181613004937,0.8183270292810501,0.35890063463131083,0.8468317040076825,0.7758115839400475,0.03026672358207358,Benign
0.09806275892023553,0.44517929523451694,4.15324583955131,0.41140059877324014,0.9869609470449654,0.06409990562574461,0.4293982315432445,0.4358280328213822,1.2007565502250692,0.33001879681163104,Attack
2.501427954626259,0.1275391718667652,2.0509761878052135,0.12656148817805962,1.9585208897260102,0.6359671953325021,4.689579688728187,0.08844450845364078,0.9668166888497052,3.5551346187184576,Attack
0.811493943604656,2.798819564869542,0.15030928169155114,0.39147473515600595,0.34957882043343375,0.7572215180098251,0.5013411366239272,0.03019959279561308,1.0224888499509819,0.43905559924660853,Benign
2.9501277198752955,0.32089134579533857,1.3957808495739534,0.7637988166092959,2.1997392439922216,0.24302354160975884,0.1100945372160235,0.16098634093259329,0.09765919634516698,1.0430441665550487,Attack
0.37170905755645606,1.6874137056411749,0.7501925473191398,2.7009540266633145,0.41500701028715725,0.25020160730986557,1.218657368920833,0.00021730157483219168,3.4393262886861438,0.01636391469167739,Benign
0.8465678273262747,1.034758800408759,1.7211115642728088,0.3561919203558414,0.6147837685060125,0.2754144381798404,0.12396398226730451,1.3979950653761923,1.1243325367415955,2.526374870612422,Attack
0.3407876454321952,0.23136050576289027,0.23024698986614756,0.022567540229999974,1.0458922551445227,0.0018100432410337684,0.48213728229518055,0.60835450118843,0.7034824196094585,3.3517402396965164,Benign
4.6996276105353494e-05,0.19536746825794124,1.3128941192798904,1.5651837918327847,1.92987059266825,1.350117077182931,0.3511362979232118,1.2353739983227796,1.8723447499577208,1.569956335914104,Attack
0.1321796514653092,0.2584042627931881,0.16499095005943237,1.9037951864900227,0.7570110626467629,0.38245463473055336,0.1798729147442023,0.08192587436298183,1.2512092561822064,0.09019852601022257,Benign
0.8671927808236028,0.293973450994646,0.1486734055514639,0.004200899496759897,0.4491873915097558,0.5390055066249638,2.414007654729184,0.4487621804599598,0.16203319588330123,0.9454169583110491,Benign
0.040448083442178144,2.9175232182395407,2.074804737212756,1.3162444373926105,2.487116169878228,0.6067536148071468,1.773706831296565,0.6473890597275463,5.224586390306118,0.7608923830842079,Attack
0.854226550769944,0.7403570397112538,0.974178747865495,3.609099338630656,0.14143928473201492,0.19444143368770467,0.7312944280952615,0.7690003184974643,0.4494334117027293,0.12921784955410412,Attack
1.5186486865477165,0.28182629433702056,1.594635900617632,4.413426693856056,2.500723886600184,0.22746068109221607,0.2908751091510323,0.392361592248945,1.348575072631502,1.5570713701310241,Attack
0.04994040567239276,0.5379832423269739,2.1483488859676925,0.8730492901288062,0.887146528847702,0.2832187005782384,0.5271493697850225,1.193182611668079,1.2965760673041147,2.010154555433059,Attack
0.10188163009998628,1.033473745098482,0.8323859730613598,0.14771993884421641,0.6963923399476187,0.7024594635738654,0.13052569049665444,0.4077965923864422,2.572174768684003,2.1307815986485314,Attack
1.4810120127220399,0.4064634960827656,0.6333652059624808,3.2457894468051416,2.4370965096650288,1.7554369539168684,0.4251808741415343,0.19163377895721245,0.16532141338759154,0.030360147839237676,Attack
0.7562968540653884,0.8862045887412398,2.762201637935712,0.9389319217736745,0.2393116714150763,1.519938038037975,0.2583369893160954,2.170771409400857,0.05514391410019543,0.2951354444625039,Attack
4.02870527999803,0.4250929001420294,0.002810629068824765,0.3680167698819555,0.46593956556393357,0.27187137772915737,1.2511665591350976,0.7671627915605866,1.1137826571338107,1.0674685705074543,Attack
0.01379917882157336,0.2279316459575431,2.0102529636680053,2.1561894596242444,0.6709563019322743,0.4763993835470314,0.533173798071965,0.5399254312998675,2.4830448710818604,0.02195119149153209,Attack
0.8943624463357941,0.41381648739270355,2.0839357395975933,1.2108110266154715,0.5906592411083504,1.2552486201508148,3.9230190314648627,0.3777884484352414,1.062550234591369,2.707289597002155,Attack
1.6028029827710317,0.11026385327495383,1.523332255728032,1.002705353686198,2.0115147490455194,0.6187391173573146,0.6739093060833605,1.5817603659522486,0.37205017781040306,0.8377533159291852,Attack
2.191216149197955,0.07078014784125147,1.0581964295497026,3.7510583898153333,0.8000643963040759,1.454551083469738,3.039583138462555,0.3957717912316215,0.041594323028149964,0.018390694228451288,Attack
0.34147697402620875,4.2699663452257495,0.3950578749304253,2.858144311485103,0.37975332611056334,1.4257184938161611,0.02980150890467856,0.8233904718592505,0.6163404190782257,0.06258579876664361,Benign
1.7765501378604762,0.774118800132472,0.22247900962396738,1.0220150727379873,1.2610241103719226,0.2575694055004041,0.19183815058202364,1.0013230931115593,1.8735837820504522,1.683053507105847,Attack
0.6182860344565396,0.6833867020498746,0.871451850386536,0.03094671792209932,1.2430153164772104,1.176324102400251,2.671656642105565,5.084961991897966,0.4076895599395529,0.3481298674438021,Benign
0.5366723778711234,0.22184067235108218,0.19090468056047272,0.6588708412081822,1.7640406136411841,1.699280854319015,0.3944122046000479,0.053128950118067134,0.11393735766589992,0.19653987637625514,Benign
1.0944559294755103,0.41848397015858413,2.146531779598479,0.8670283295767558,0.1385379106307226,0.04177034710548838,0.9476658961502095,0.043504118483499096,0.4970397932802727,0.3059083296477662,Attack
0.5784086040576398,0.6383875270201949,1.3060075730486382,0.2570593476550317,3.715938604210528,1.4275423461249528,0.44771875600326083,0.006389600535634622,0.39502958772857877,1.225996775286378,Attack
0.28241784784579466,0.2014685948817709,1.6641040887026881,1.490765835362142,2.8258503176886522,0.22499027694064833,1.2778204644975448,0.26217575002624705,2.183044973843357,2.492640250357252,Attack
1.1338379658222983,0.05560460153935768,0.796313097967395,0.1057970909375803,0.07441320263270101,0.19531719342732295,1.5791649663328562,0.5750046708651112,2.8831520107108153,1.083595432808963,Attack
0.29731244565733217,1.6719585004091484,0.21901438061274175,0.1713453380964748,0.36774627970450724,2.209751116235577,5.724653871062929,0.01711438347044239,0.9055704343293065,0.44142194872905116,Benign
1.9164434789505296,1.4170148477754654,0.12119751210149463,0.4495113362794547,0.026754574761005685,0.17546809949847916,0.9432664295153775,0.9100148142590603,2.7712532039312996,0.6642478497346451,Benign
0.12465712739526397,0.864251546635813,1.1758237293520477,0.2841346539527891,0.24421130166106872,1.081653411844164,0.05523811680468263,2.6411200095999403,1.0624861996153399,0.4173377684829931,Benign
0.479631781113173,0.3150727678060822,0.03534262568466058,1.610213819731467,0.23783234087926408,0.7238879265075807,0.24099781339396703,1.3618979065689056,0.40854820744211284,0.37105942538582914,Benign
0.7057570444589601,0.7121304588147567,2.9872256872807554,0.7343985201998592,0.1700322738454913,0.14779579584870056,2.7160963726749605,2.736348505470851,0.5287520488835256,0.9246631329936968,Attack
0.23161118000094696,0.014565847372637185,0.3882458182356428,1.5774597221821935,0.7015996597278378,0.3243405410472634,0.3432582389420923,2.088866275526449,0.24950722334400313,0.12528957719328723,Benign
0.9200983421935242,0.26357452719102226,3.360968421765403,0.8416765826032808,5.201821541398271,0.028300387151855174,1.4029827689295244,4.770031710568443,0.3606601675496041,1.2894201446933329,Attack
0.5497278781243992,0.04068435455803159,1.0220793938217518,0.36303218472454146,0.06558635858162398,0.44651315920673257,0.43538022883932703,0.08197319602125352,0.3569396694407701,1.354737359943313,Attack
1.77555581303806,1.5014793699628184,0.9498211854539937,3.539880422202099,0.35751124939908946,0.42416141222148934,1.0971489798382934,0.6644062760783195,2.6421932751378265,1.4601219157206975,Attack
1.4220565593382244,2.0778297287894167,1.1170283678341706,0.6777946590820833,0.7822526799347159,2.475931338061631,0.014737788616402668,0.520522605153451,1.4127734485188352,0.9578220062144633,Attack
0.08665217402855116,2.0798755227059647,0.5799425473824373,1.0739246904016282,0.02636845733099117,1.4084420752252693,1.6082026406212406,0.21253835999597542,0.3686006128483205,0.3780111597926916,Benign
5.741267922582573,0.3040484332731603,3.960243766273271,0.36121416256976624,0.5369593256422008,0.9082354859309328,1.995724004884903,1.7845061198198735,0.8512575632683659,0.7976162188172271,Attack
0.0557897043533048,0.729452640719966,0.7525536852916299,2.0239631784408947,0.3903447137200634,0.5112969870158506,1.5090716149379386,0.27812260711613246,1.4817024881114635,0.10947376290541855,Benign
0.8009903887846487,0.053280492316628784,3.169514451602902,2.0061225465404364,1.1518933677148773,0.6758918436288929,3.158188406994398,0.3581046250459826,0.6226583732294738,0.09812035319734508,Attack
0.6380300266917548,1.193707959414827,1.053233957440079,2.448969850060414,3.232823068633531,1.4622681765164336,0.22792955772801873,0.9284907638485068,4.338348876231558,4.11377928176707,Attack
1.3411967727814749,0.5083819321137668,0.4076622249563415,0.22316140160355535,0.0927853371843513,1.1895013891926003,1.3803143428017735,0.8457650269986277,3.2737465117503723,2.4232040018136836,Attack
2.057984330586407,1.6803397269439124,1.276189366472971,0.21220324904385912,0.4492843775843382,1.3908099561925529,1.1235637046265161,0.5764493894469578,0.04385391177865889,0.4569868442458387,Attack
2.0562096414170807,0.703570570372605,0.4507893964950124,2.4245441027536896,1.8064330867534977,0.7474830835450039,0.13173571461729391,1.0239907376407427,2.0745577027595368,0.6023517559844217,Attack
0.23363194147479346,1.9548648344579238,1.1075182194096709,1.4884832759015232,0.9281121281027848,1.0797975781922762,0.10944037416064314,2.2704189913560704,0.6965773248386151,0.42357354717682405,Attack
0.34727255785129596,1.5419316664729996,0.5856635188530985,1.021870169351953,0.40237788995637735,0.6264161556142086,0.3237761856193922,1.5286375851593352,2.4251136762019203,0.115668897538148,Benign
0.8855176384315068,0.7766305888518424,0.6441484797048993,2.448944707141079,1.8211766001141083,0.5951686281251928,0.732219489020857,0.12255873425112677,0.027696498409104594,1.1649605207803106,Benign
0.29962722462379315,0.49099733221432335,2.105543203915561,0.46745585411040597,2.5126515346081937,0.9722879530936687,1.135896544497803,0.5077685457330197,2.066524753353199,0.02988754463309247,Benign
1.9184808243552387,0.7662830967546066,1.1418062906023776,3.647867525599155,1.1273076628702048,1.0472924432814514,0.446998759766332,0.17606634589023723,0.37511316957831237,2.557662973343401,Attack
4.272296027577952,0.6388104767526038,0.30032317977664574,0.6286775000302443,3.0073159766291777,0.07009772984138184,0.08924260498253926,0.6262478898654961,1.882188746973771,3.3232806288623276,Attack
1.556328234547297,0.5463716759139351,0.3457650262914235,0.9736847070741405,0.6017055439861361,0.5392002148612134,2.8640964104937354,0.321010942824946,2.2790196658261204,0.9463176359692248,Benign
0.33316399828398563,0.7597562401348753,0.6280629314288181,0.17279871993897328,0.08439861027000754,0.5052122606243707,2.314635380947691,0.6541162922390281,0.008721490645040688,0.5718135153932823,Attack
0.1011752852355155,0.8229835256951514,0.052093947859111304,0.3711978333196725,2.6571034267018048,1.742177324831815,1.408072799419672,2.8633772924500587,0.6901337726662395,0.09337804463881222,Benign
1.0314770013235404,3.2360853356982875,0.4994049275396956,1.4397043633195028,0.40502818035867094,0.3667357857976905,1.9554528629574455,1.1862746255159713,5.332568656928916,0.4794460431576123,Attack
0.09656657026878462,3.131382828718584,1.1780672709472173,2.1394930779327725,0.9970835795788255,2.193792045682341,0.7641533805202074,0.21549373244988548,0.7163636891652532,0.2377194824320292,Benign
0.7562194160955104,0.0743244115058558,1.8670983440551776,0.8695034228535936,0.9775791185730139,0.4866116200771158,0.660728951084282,3.11232100112775,0.5275806201578369,1.0297244769872433,Attack
1.216151860605232,2.1962251455589548,0.6242591926382149,0.8169137036439754,1.0035219285281378,0.23490170709930372,2.153111792108535,0.464423130379364,0.03634303697416605,0.2774437957048711,Attack
0.75510016082196,0.593783454920583,1.037871996683009,0.531152354482396,0.9263906622263525,1.9462444966288313,0.20278884098131947,1.749288730826993,0.5818871549729059,3.4099496324995697,Attack
0.8283474606183786,0.14870433804906313,1.7797652414840521,0.9648923239669248,1.6279070938849018,0.10808715900384828,0.07291399692657276,0.14016444506408257,0.3175888553627773,0.9409632589283546,Attack
0.33311645161876485,1.4229744773150812,0.09562088888841147,0.12294365428119418,4.871297643464099,2.0026729877495004,0.41006673811191047,0.15151207411313042,0.8991764061945174,0.10875586377309301,Benign
0.05767005346319519,0.6114151196258389,1.12703742167174,0.2690327213724543,0.40607305433733565,3.718944977424501,1.21908724976516,3.316374569924845,1.286891834226158,0.7953270607061812,Benign
0.2205788714202947,0.024408021630407804,0.6751383722202534,2.682277559974219,0.20011310478146402,0.17624094379723731,1.4591530515840125,0.10244891232404411,0.22517898786575333,1.960861870724484,Benign
0.21302416345652392,1.7879531291889614,1.1363419305841318,2.8861282916024056,1.1322023659529552,0.10994081890764133,3.8432165444316007,0.11320116366520297,0.5587413037680679,1.2959355354155018,Benign
0.441774082687905,0.27144406741183197,1.0916408969043543,0.15131466792233048,0.07834550679052733,0.523046230442172,3.5358741695884612,1.085217368263243,0.20312526657616783,2.312296107693096,Benign
0.09506833670892113,3.098585534103793,0.9708816945619962,0.08340963388580255,1.3653380245743796,0.8395973538603134,0.7674727780173096,0.8020420407093137,0.6475540747426457,0.5391383680923647,Benign
2.662240190542538,0.4258158757591361,1.6052541016292046,2.192012139687668,2.332323501851948,0.9199488359282355,0.8197749449028234,0.5245632324738936,0.18568700349668593,1.3478471328546333,Attack
1.1443255620337212,0.43045700512743806,0.06525805705470694,0.09837054326186304,0.6155218004877915,0.6805816933283205,0.9326579080511812,0.280490049542059,1.8184701314461802,0.6074980380871271,Benign
0.5654595494438861,0.9460311270147297,1.0052661057692234,1.6703121712955935,0.07873460768040601,1.1102959819263118,0.8355454415893167,2.4942923131006625,0.5220746548029381,1.0880538268656204,Benign
2.2232581130771707,2.2854065885933252,0.6494628124611932,0.08923822009657029,0.7779562214017008,0.7874620587546081,2.416604271196458,0.9174754165700244,0.6566144480364197,1.8619707045265816,Attack
1.6404142717124846,1.473134878220586,0.025521073979671904,0.19858103938170685,0.46088833897436066,0.4398927948992482,3.5048271489411764,2.539198759050841,0.3976248296218785,0.07423462701901855,Benign
2.5605433676808977,0.1009687329422743,0.34770320599398186,0.5420017589449339,0.09753719015041441,0.7457951920645074,1.2995647150351883,0.7101980395169136,0.8689291657031887,1.6202271675195137,Attack
1.8654810443075522,0.0013220248877327102,1.4058539471829825,0.5641534516086272,2.4789007354232857,0.6585605009849061,0.24588239069455428,0.7055142358760557,3.871816484964197,1.1002107149349767,Attack
2.1132854769705274,0.318796431401135,0.4882363698624563,0.8589096755453436,2.0993592701102983,0.4093038995036837,0.644958815816761,0.007904764029890946,0.31442029340470445,3.27778424102184,Benign
1.1095925771383814,3.3341761671722914,1.759469333020174,2.3430173883914693,0.2813795427669892,5.7585525309214365,0.6164317655537885,1.1289791089240884,1.833726551702068,1.3057079311488604,Attack
0.10975205803939746,0.8097606319114535,3.0838950200025597,3.033631175083023,1.2143653623286963,0.6520577469994533,0.879317268850766,0.33285700155887227,0.25765344424681624,1.745694923669034,Attack
0.297882382589612,0.9860601085528986,3.6121458003878044,1.084551312336923,1.2235554816262475,1.0208816706332493,2.830132875055748,1.0529211499293372,0.21381426979628465,0.835433226519646,Attack
0.316022155527129,0.8174456267159993,0.24414846872052692,1.0136783631171933,0.4493877688368785,1.3608768271779508,0.7088880211298854,0.2618418287807286,0.5474385240248094,1.059335581564188,Benign
0.32226649308079747,0.10448392605678913,1.9342062136520581,0.34059622342810375,0.8948510462268666,0.4786416483249081,0.30201797129983543,2.106464248280803,4.539684121217214,0.26791855240935764,Attack
1.200856737340068,0.7095693154483438,2.545741547962705,0.9000540677961966,0.15879373916281664,2.5036160812383206,4.198196589374404,1.0791113116108668,0.1771445011689529,2.4200147260481977,Attack
0.538505524371032,0.3109799383065592,1.1847340563866702,3.3267448816880583,1.68706816344042,1.604446043942761,0.1505722416672084,1.7799094302207095,1.377491963877053,0.8696474289827234,Benign
0.8276799217168496,0.04197123888620358,0.09422044641415715,1.1491887315383003,2.7064020913681275,1.2717986561725094,0.9606389056949308,0.24589105417451804,1.241335381284345,0.010399000293886533,Benign
2.3530605336779105,0.8369374498681814,0.5464261974086096,1.6924449745176509,0.4946852650278613,1.738008837416938,0.6518236514219821,2.8826334791742925,0.7478714329526056,0.37900945077082354,Attack
0.9873083176614365,0.9961623066858891,2.474068076480392,0.3716192327616135,1.9547631201515177,0.6631240662838922,1.2172658810036163,1.7372154998924385,0.1885303858194115,0.47898712841213614,Attack
0.5636189227544083,0.1417049446741314,0.3736273637923967,0.18114071867445905,1.9963424963645335,0.9309475933403772,0.4798972984221519,2.9377595034073787,0.24169380947598654,0.4313050760314594,Attack
2.095745512434144,0.10842914263866602,2.003887508866587,0.36371930650091266,0.3374755578956186,0.38609147019236895,0.2874133444317475,0.470362426109373,0.8918985081062231,0.4145839754386263,Attack
1.905190452098625,0.30043697888107046,0.5623954218196132,0.061216822323306906,1.1978957590151076,0.7716535637626736,1.4242054005369325,0.1564750366571228,0.10828866608027257,1.58659059319298,Benign
0.467398425315443,2.71711014614675,1.3680343255290925,0.16048995603624114,0.13093502731902565,1.3320064946444459,1.47422806513347,1.2651789241269462,1.2110368231210975,2.441129936361725,Attack
2.1410311012793257,0.6280486146117024,1.4425392874281973,0.7969764733428235,0.1402359917060173,2.4897147874863785,0.14647557318425972,1.6591721961735497,0.12864161785909417,0.26263727326928576,Attack
1.6505252963052732,0.37041379240940975,0.5836733606946913,0.8625824384624352,3.886716960088285,0.16961995255912138,0.2343911178800479,0.7475118864971987,0.2476372935799301,0.40979363235343763,Attack
0.08182683236939634,0.18258446860057229,1.0972192278447341,1.361366720261115,0.45684347050018637,0.511185833049298,0.04643944085567122,1.8130762161610936,1.5272623826838578,2.5562146021480427,Benign
1.4077086672591756,0.16182729418635203,2.3200214231178387,0.944801154010954,2.727025216046197,0.6189471929215279,0.13931930607156776,0.6226563129281006,1.0262294927419553,0.6146900662431678,Attack
0.5861256604514129,1.5681209714967033,3.3853513411747302,0.6503369263875303,2.7521358139098115,1.0453639348801194,1.1131304080424929,0.24207753022308978,0.6753938771182244,0.35637357861469776,Attack
0.5096032299807742,0.05877612296107023,0.6726044034121503,0.4775842320099189,0.5845295413175746,0.228673648153474,0.043818727200083125,0.9101658239763853,0.09109154841736072,0.1452284981921667,Attack
0.47584184926855655,0.7935316460593864,0.23326180427215382,0.09002637405221195,0.6130009648654358,2.537597121723632,0.8427260480953694,0.6401116178400932,0.21749087598529002,0.9885900576925298,Benign
0.07263456997814158,1.7508384664663719,3.4788348678412913,1.8113223897436803,0.009063410127897494,0.7920947596060169,1.89587217123543,1.7905659077278733,0.007530047252937265,0.8944955199076551,Attack
2.3700907944356677,1.1034267148019874,2.866814270020159,1.2731278669220556,1.5181668120131464,0.5295703683106606,3.2162793264253815,1.0398300147835797,1.9767125292371845,0.028268023519046545,Attack
2.4288194576172857,0.40656788409965405,0.11781442401637703,0.47148947433670135,0.5928261970517268,0.6388526630896573,0.20960660157473784,0.14694925025997496,0.7615964005435879,0.1151744388296354,Attack
1.7487668252285062,1.483934652623689,1.0819238790638541,0.5211988350231109,0.04343195393079292,0.24764383596851816,0.06154181260982623,0.3421286396827029,1.886277750327736,0.14902370965112843,Attack
2.4664386924100925,0.49144732073941844,0.09064572260596318,0.094808281512164,0.8555922089953356,0.836259469025182,0.48332960049478774,0.07187920434993005,1.0683186010944579,0.5498989709731334,Attack
0.1669549098447771,0.15427202911833976,0.40945780669900533,0.18375287308542765,1.4819544079204139,0.7897513604866074,1.4186076198031934,1.2839782187887219,2.5785830412005155,0.4243865480278726,Benign
0.43449949991583847,0.5703178345585771,0.32035103056827086,0.6896107268028469,1.0827799826315405,0.5259621434178158,1.6262067904244206,0.36113962937387845,0.04595018393869893,2.5892190175619216,Benign
1.6937758594133552,0.8618615278501164,0.20161115964919793,0.23453311636253318,1.3126841496032426,4.192337778912796,1.193056098111877,1.545167855200705,0.28346733301722243,1.335243864918517,Attack
0.44385573231958253,1.9822395805539592,1.0761282293912093,0.4719172128708927,0.9775926604441019,0.3725493190389459,0.1536095040907761,1.9736345664280355,0.9853189514833034,0.2847287701647,Attack
0.18354943823896794,0.7980065377918185,0.05445235159434496,0.2227553968980087,0.42330956554911414,1.6511314895279716,0.39489282483830157,1.6804422701154675,1.8415877501053701,2.6278020562818516,Benign
0.49731026819405266,0.11314707813242728,0.4675010374594091,0.8554641445848867,0.9316465515154847,0.19741050976922012,0.4510156629353558,0.3065103338545976,0.8809426807371394,0.3415760300829889,Attack
0.25184500598612164,0.6931949882604108,0.3421395741959927,0.06764766561070526,1.5039823245335013,0.16754084111358641,0.036802129041363374,0.6515425485402018,0.2425224152564302,0.0573676829411191,Benign
0.4393198239550508,0.3657087956698627,3.548649801530334,1.9529616250694908,0.9720564693744597,0.7231979954276362,1.6755007704684115,1.4173469370989107,0.5323652485046368,1.7955092107631383,Attack
1.018581496863257,3.2517684016727446,0.8411863014921457,1.7204248968106783,3.1351554781229036,2.4269532008293235,1.5825871982699509,1.3792398530410883,0.911125224295173,0.8970330292750681,Benign
0.21128470871135357,0.7740167663816836,0.6459596862336562,0.6319007232021742,0.03738416197994038,0.41519464541970547,1.1691073269648327,0.5065010969806808,0.7833370812648036,0.29367395746528,Benign
0.3113898002957041,0.09238081972373538,1.1807403183009009,0.0250961755449771,0.23591726135420896,0.18980135736665416,0.5913785483767465,0.2602737416703093,1.8892667190188006,0.5015450053114777,Benign
0.4598790772291865,0.7686237298697427,0.6795494889783492,0.10354923930426564,1.957616705794375,0.5610592592706284,1.7746204228037716,1.6097079977887676,0.5863266373725416,0.9157961563823257,Benign
0.04710310228290146,0.06237245982275927,0.22964391291739658,0.9951176388806495,0.6521088878431406,1.8922786536138518,0.6410336096225638,0.31885002604819646,0.9527082101092018,0.2600894090601081,Benign
0.6094934738911962,1.7316280328270617,2.286616402935496,0.04259674375732284,1.041796353041317,1.8442824957663189,0.073669457498869,0.5843173919110901,0.16273245038276812,0.5291880689320767,Attack
2.6208645879099746,0.2476282678262166,0.5815816598488257,1.5528652069897702,0.3935288362321353,0.21511708222437606,1.0327652154959372,0.4962496898028462,0.8006148355451067,0.7113380491152841,Attack
0.103622868099482,2.81692810502468,0.5813680622521653,0.3095760564783614,0.5660726789039539,0.31429982658152766,0.6091747221466796,0.8462137033532791,0.08718461220538878,2.1818430677578173,Benign
0.0948195288262161,0.1499204331930814,2.6921180564477676,0.5450337325792081,2.9485488580495174,0.2297090972119196,0.6925244113365167,0.4643124929672509,0.4456935910131328,2.120421234405149,Attack
0.22577733430498367,0.4204281043834967,0.08178643476477786,1.616676410182572,0.10415630706868019,0.09952643350397462,0.2318138262234452,1.1930031946309294,1.1386998183817711,0.9442904735012447,Benign
3.6614797649270128,1.4673825049445124,0.4481022942798,0.6035356279816825,0.3505681737416306,2.0205746339677533,1.4464786289394553,0.3544783791149333,0.6029600080065174,0.3060991017209741,Attack
0.7218886912048699,0.3280157270682022,1.6679563987532822,1.5892394085250636,1.4481338868813136,1.3046230624196193,0.13075857068036373,0.11086675711439106,2.6679647134085873,2.2074415648757366,Attack
0.9199450603325278,0.5906895267020859,0.7302597940268714,1.6258093974135666,1.3116727116480633,0.5940978840228378,0.41230661718521916,0.1871702487983097,1.384906520372752,0.07025203023558337,Benign
0.18213951273474271,1.3906107570892043,0.7393105752657945,0.2146547266160337,0.11836542796994753,3.1297058594431046,0.13406101124838013,0.139453401049743,0.24566068609517933,1.1171139420684857,Benign
1.0707609536079616,0.30187252010529864,0.29471079603109174,0.5185260666812741,1.3686128946748257,0.8339693074737122,1.1103288012632258,0.6131531415383292,0.6868065281106894,0.08015280751825934,Benign
0.8351660239287341,0.11118245495064687,2.979606057790971,0.6413400326175861,0.7071936530181678,2.4767962130382553,1.8753012352943912,0.9328026442097644,0.9797775532071754,0.3338638980547694,Attack
0.5242741217294683,0.04987043166247624,0.419102350435738,0.20890570059411695,0.8435609972568047,0.021053813066735903,1.0558855889213055,0.9355833356373013,1.7552040900112387,0.6682909325503283,Benign
1.4484671489032304,1.321026869846867,0.28263624847411,0.807647705760416,2.0925119549705236,0.7757505070413458,0.4516177595209265,1.7688139643085774,0.13440983501851592,0.23660357366176582,Benign
0.06629264381853055,0.027372434856544357,0.318169600810629,0.47922849213163615,1.7229034101923488,3.5542121505520887,1.4823805525471443,0.27666456296826986,0.05494239673811727,3.1315127878050135,Benign
0.746991167567398,0.8225964686600387,3.107667241933353,2.008062965614829,0.5980723503918295,2.5461097007525804,0.09887738325110004,0.08964479767071887,0.018420481155976692,0.18173152084726202,Attack
1.143494119189425,1.3898373833461921,0.01582520473530574,1.0260866894919125,0.8094475951461747,0.4883682842665961,0.3394215061779745,0.5230397263442078,1.701505450124771,0.1867416019114385,Benign
1.1572176947091504,0.00444047607789312,1.8157786239340645,0.3199948731151946,0.2519053515291381,0.08743589044758454,0.7197415677477588,1.3681941086456624,0.5869902899233338,0.024126903872788034,Attack
1.8909641265252288,0.7443254741606672,0.01044020331257,0.7346373494141805,0.025618868090019415,3.6192794587362735,1.0171282436190343,0.10161451908996287,1.9457610185663108,0.2501930233762045,Attack
0.6558461262610781,0.3438808328114787,0.051444626881830983,0.025556305981874156,1.1433772061074352,0.26252153086111435,0.3919728187827472,1.3742445315398681,0.37864135579520497,0.9624773146322328,Benign
2.6536030302758578,1.1380529101980703,0.21151919063734,0.2547080084070945,0.9951965899389897,0.16595015980226438,1.2795663370013763,5.124740847534098,0.40048620492471765,0.6281462337749538,Attack
1.5986976846787904,0.11113290145236276,1.9260404449966544,1.217348561152793,0.25339827465383724,0.7963045931790592,0.775535595939382,0.41256799712157083,5.653148278463505,1.47614327059032,Attack
1.5091015419700307,0.6503766638096624,1.3320453090584732,1.5258693669717929,0.17995844756143084,0.3409627565229583,0.34987688435118136,0.7223508391582584,1.3288908007465032,0.16431952579880485,Attack
1.8944068846688578,0.7997195517420385,0.9223338976614713,1.8101700769758198,1.080229543850914,0.15006145555333575,0.8000730857848801,0.39404005389733204,2.0090299433795042,0.9843405626596857,Attack
1.8265947448236948,0.306352990312891,0.8352551807607598,0.966566052257718,2.2908742430631603,0.8296020580650608,1.137847704514665,0.774688379223878,0.58370299927483,0.1739923309624803,Attack
0.40610571362974146,0.46818025928257523,2.5442926883595685,0.7954267845654384,0.5678504389297879,0.25130856544924796,0.7366859293418313,0.3002140172214987,1.2467932800449513,0.506245913924306,Attack
2.4373083555233293,0.15127657805268613,1.4389850946401266,1.5027777402697096,0.11230404834299945,0.5378630755172118,0.7719650430072912,0.06422625716321709,0.0144959880973951,0.12540705942468863,Attack
0.03337779780767444,0.27711939425967663,3.3640599619461984,0.7941035953875034,0.9284557711119373,0.10415719333511954,1.110480584028923,0.47659207472932325,6.056591575636556,0.6353136238554559,Attack
1.9962383567280264,0.2800129651483509,1.4791712757823516,0.6845153765491252,0.17173514601654463,0.8770562658875282,0.220281082224891,0.2391685096651205,4.3913108201641755,0.5102494814992825,Attack
1.1040727380179833,0.34645736446282355,2.017386879317214,0.3281475403098292,2.0305819386159416,3.3612338442283187,1.4559161561751994,1.3669958373809705,1.742686496682938,0.14807074979678214,Attack
1.7846627019949235,0.5587680579200013,0.7909502676293131,0.602220538484405,2.3169756582109438,0.41090280699470944,0.47335310068410047,2.2976052288317432,0.24103662330851314,1.050786324367714,Benign
0.5226402763863642,0.8648629604687519,0.40648719178429843,1.3227352160176924,0.11925977400448294,1.6042750066040374,0.2507371177267162,1.0955516477437193,0.507145048779823,1.086018025177417,Benign
3.0929195027961347,1.0062350037090293,2.0442992328007406,0.39055024016090617,1.5931500259028095,0.2651387930535642,1.0027451612156602,1.558718665542244,0.004317680705784149,0.5575618741492401,Attack
0.48776956686188616,1.110914813895393,0.5630028740673433,1.7994527161398624,1.2335117971224254,1.728459437215105,0.5673918307196566,1.4328774987331556,0.273956005151795,5.452571075322043,Attack
0.28707174134195007,0.7401810040317575,1.978315525305546,0.8067197659533208,0.46753727995685185,1.4027799130127523,0.17709361434403198,0.14704940650391055,0.5398377142250564,1.8943971912379503,Attack
1.2505418368934207,0.8342954767096925,0.23816008760250282,0.7635203544200119,0.8113502176380971,0.6158709411680428,0.3991376739674512,0.40759409398999674,0.038372884357586734,0.4510189144828925,Benign
1.1232594135000777,0.23340366506881682,0.11734559602231294,0.8012277567563145,1.5997446423326462,0.048137404640677096,0.18450906230973727,0.8349524915786695,2.4402053017655105,0.8540717884316504,Benign
0.7302637687182237,4.6572550244147015,2.208824697019249,0.537755082623219,2.9164187773047736,1.3666803001597971,0.38840478183706123,0.1733138783307043,0.22953546983973458,0.5577225791738393,Attack
0.1618937817402579,3.084475772466706,0.297774566117458,2.5493164398094246,1.065003085344207,2.454206977345537,0.0995507151697279,0.7945610137459209,0.2475341236325435,4.158039442777576,Benign
2.123724866813551,0.32386746414131423,3.195928166036381,1.3562961649824152,0.9575543611966043,1.9219499840195635,0.8788761848785422,1.8385303115045146,1.0793097689017537,0.06768780492951751,Attack
0.5216985982232023,0.8676291792691374,1.1044669897283166,0.19989461112764403,1.3921781401415052,0.9618431877685045,1.715268440177736,1.959837771607657,2.4229474147625534,0.50386102992088,Attack
0.5158814865818073,1.7892324204793106,0.1170221922303823,0.8336184585738887,0.18930718784795522,0.4151439698834032,3.669534337314068,0.20834970812055129,0.2010605267422177,1.1412742438264487,Benign
0.026960566260403388,0.11056951779555682,1.5399815217087562,1.519125974360921,0.3317868097810141,1.380608120554592,0.8769321438534882,0.01164281832271071,0.004190894285247319,1.1942045069971354,Attack
0.35900327762586937,0.6310931729653013,0.022228610364853605,0.9605708032882301,0.7041078148632361,0.9371338131445052,0.27436457690272187,0.03585681153319081,0.14772231069125555,1.4202116232835302,Benign
2.758234276293424,0.18698022346959187,2.287387461327392,1.021479176119581,3.296866313830372,0.0827375128284359,1.0682205536528866,1.3257628187730777,0.13337074929576237,0.14620201658798343,Attack
0.4782396002727397,0.6839110597910132,1.3341359604540606,1.2271307512744971,1.5392504676944352,1.370969975262307,0.24027410625124485,3.9618502103364492,0.3110308566177178,0.8789919945225595,Benign
0.9769725203237912,1.887258354906558,1.9212047375772796,0.583766144257625,1.137219729851325,0.07594033633122853,0.22791722563388514,0.09314163424930962,0.6331665535522517,1.6147167874049446,Attack
0.40687908205111517,1.0424848441407217,0.4726424611920068,1.931870379776366,1.6191250751589907,2.2257885776785153,0.229385226412914,0.31945916168873767,0.05455301267641201,0.13532569576999354,Benign
0.28211976148760115,1.907051240222923,1.370573395945497,0.6537879693453086,1.2322030803544353,1.2764756212135098,1.7225403040026384,0.3393366298002149,0.043850146396021444,0.8300838837380837,Benign
0.6052962405224399,0.3519981150203735,1.010874844527164,0.6397476054195421,1.6703001916731683,0.5276134305844097,0.1265041533399024,0.020836839803419615,0.32575632175346236,0.5010879003169705,Benign
1.870941434380445,0.5855721939921499,0.6700352485582567,0.22613799730435102,1.7267562340923432,1.522910757169784,4.095848122103353,1.9242594502815182,2.7547154647341614,0.11268310783379558,Attack
1.8010331420666659,0.03684784385314981,6.037279086383312,0.6001782728826838,0.16600739176770674,0.13962480022567447,2.6394147187943258,0.8165544545975314,0.005326503696558419,1.4791067363190697,Attack
1.4597924969099503,0.7442217161877881,0.2132337067334586,0.22144677123113904,0.4683446890013829,0.7796577636537606,3.8599908678678507,1.0117071645254707,0.24081585062684824,0.95273888598043,Benign
3.3104410719744313,0.24077504885159043,0.2168945668822886,0.0332179909412648,0.8751968434028203,0.04722229476623993,5.208370585685799,2.2726780156882906,0.15066421063256874,0.2735577662825388,Attack
0.29974121140893684,0.10987689569923165,1.6352921930684627,1.5079412247229438,0.31155094037452047,1.4943195538069487,1.0944088887081844,0.3947285871291379,0.6145439401824492,3.259081921863825,Attack
3.2013500125265124,1.874786371506617,0.3103549965321154,0.9104864917926664,2.5876058644291438,0.3034132632208651,1.1412392031172505,0.17275081142407658,0.8515069832325204,1.4903305089975052,Attack
6.91253685531835,0.7054696958403012,3.3293802072739256,1.9782967611288498,1.2293704670892789,0.5736070910092642,1.9844266151998955,2.5705720286015032,0.4930589258628202,0.8548964871496136,Attack
1.0299173998578728,3.0984701969583055,0.6956818039487336,1.088926794432682,4.197358842971502,2.3086881605837135,0.1720664116263956,1.0694076957434377,2.944191871958099,0.6796802981120893,Benign
1.1603352068708932,2.996112458610764,0.8685334291455796,1.6602810549418785,0.12518304273866995,1.049377210554083,0.24789071748324518,1.24000796999635,0.36432416311666055,0.230540643194009,Benign
0.7853620980575915,1.5813379143951625,2.4140860990075965,0.25851296900888937,0.2776655201577148,9.561341773669492,0.8624528235411626,0.5031716233318979,0.24989658555996153,1.367721571348964,Attack
0.4756291257144385,0.8540670526735457,0.011364586220185408,0.1775175565026723,0.13845945909203147,0.5988541955143032,0.9576545492707461,0.43704200162389806,0.25053733147600715,0.6914905003706001,Benign
2.7349401633486345,0.7233339678761228,0.2733387237540928,0.3516452704474466,0.5187218886312679,0.0541959410563887,0.46529181644167267,0.6175960012153089,3.062470024449683,2.4992514598834283,Attack
0.8614098723765568,0.5696894989775088,0.3034194390079939,0.5552029784919894,0.09255196954331378,0.26727762355642104,0.8601831656523936,3.8857098959173126,2.090385490186158,2.0324765952139043,Benign
1.1507286842238629,4.05816639634562,0.45733787522280883,0.1369730011256536,0.20412068599208869,0.041042937299587336,0.6661600185919937,1.717685182920227,0.5333123360982656,1.6863283474734498,Benign
0.8278849995524847,0.277046162956935,0.6133486844687925,0.042158481493282676,0.21905316075726416,2.048164890348092,1.660601469458651,2.434407913394096,1.1851505416011845,0.2252394847445603,Benign
4.074901958206505,0.13732467502278922,0.5154294403218042,0.06936829366159349,0.6619186855420557,0.11642003567515544,0.28952705822197494,1.570181996418189,0.34801229395403077,0.021157171617315906,Attack
1.2068101518748,0.5234484648747705,0.26272753973500734,0.7382194579330729,0.5460848461146591,1.6977498123212964,1.0088096190599045,0.4998418823107208,0.12715369923138767,0.2621424863433332,Benign
0.7680666594370952,1.5045567471846457,1.2668376714768712,0.6134445691116253,1.7167092687561334,0.3440129958453349,0.08327218597451264,1.6252772092720982,1.4507990605968908,0.22069245942734644,Attack
0.2675459554642703,2.753892591805194,1.458230988151549,0.34287676833170205,0.26067360126988975,2.8724708003054196,1.3245730864154348,0.11507114791917611,0.09834552011950884,0.6129202989498005,Attack
1.3526017570868805,0.856847793078581,0.5084807008082556,1.7973959965041393,0.8831894364181978,1.4026472312586558,0.03780742490199995,1.37600456407832,1.8533307411872324,2.5607058272291323,Attack
0.5431832953330569,1.6681344175790822,0.16890153658825832,1.5632372007787545,0.1048915480076886,2.2668981055246786,1.6266669122719193,0.13969606873292334,0.303833040515284,0.05828024753344549,Benign
1.2372524925461617,2.311935647628985,1.0780100134007358,0.3340517926965266,0.6264854806287101,2.9644812061149013,2.0524135109937767,1.5981466699739206,1.6005947132050027,6.820878937831799,Benign
0.35037622289224074,1.6899471588863706,0.1530830090254966,0.47293907354100906,0.5969740666593606,0.19341556628187084,0.8403446020453342,1.1636446031829806,1.3412315673109525,1.7493451376429936,Benign
0.7389366852243294,0.8299182093583706,0.25725581198740505,2.713573037374239,0.4464872044049015,0.08168581695550012,0.596825710151307,0.8864746221022249,2.9027645129394966,0.2353999404826912,Benign
0.9758809636731365,0.603061245562463,0.11476000318914034,0.6828009706146252,0.05995983678158366,1.3508889456569413,0.10039666533629693,0.6661065504523043,0.5546690789951751,3.1917551661364625,Benign
0.6572077788192039,0.3258958242941528,1.1394877971874318,0.119510279623374,0.5265753459498859,0.3465673828574199,6.224955844339425,0.2147980249749336,3.0545348728441066,0.16017172001242977,Attack
0.49396440015957177,0.20058604664944688,1.276967598950329,1.7296850033464917,0.2689463814666925,1.0657563909827166,1.20166837231675,0.5689585941405393,0.9697953288230127,0.6383130332714111,Attack
2.2701449266105658,0.33147940410621946,0.16266112699349933,1.1941830905041673,0.7127674746039271,1.3375504602527344,0.1783309881902933,0.7242706338384832,0.027369652921057117,0.5027138850128566,Attack
0.5313772854819367,0.6292611483480758,1.1783059792604174,0.006041315179713481,4.250590832011702,0.8139747128920239,2.650515342089766,0.39460592269434897,0.21315308776173808,0.2143944575743886,Attack
1.4354882345235054,0.1786263917613327,1.4717127380913237,0.03434317656646927,1.164274586981097,0.10428211486556137,1.1394415179741322,0.08502751322705279,0.10417262340738642,1.4753719475485547,Attack
1.7620121708224719,0.827756427417518,0.6462280013728423,0.7624547087556732,1.117059321145605,0.38721456480156,0.35110974411037926,2.297372498253702,1.2417265895772962,0.4267769920903797,Benign
0.17003300410859362,1.2148574018591427,1.908411995500151,1.2574045515857586,1.269921784274569,0.8058179985832589,0.02754625497373319,0.06199131852064231,0.12262194913647831,0.28817760827269323,Attack
1.4538441731691842,0.12660310895548343,0.07675970737036299,0.2675631516533138,0.2151816297728601,0.776428885638521,0.052079939816142125,0.5067678938457967,2.290868115805096,1.084791814357051,Benign
3.262322136189787,1.3027765843327421,0.3278551094515748,1.5047170711528786,1.6293430988681699,1.0579275698059616,1.502083866466069,2.8472988529248293,0.7005177414934889,0.11200030976613545,Attack
0.5023621084514633,0.12128040943701177,4.145377235256051,0.11869469030088986,0.27191694886092155,0.9736038834639965,1.4426890868141213,1.5375206577884013,0.9263994612494734,0.18297894750528534,Attack
0.5782984838099177,2.42672764549333,0.7249739066763305,0.01411264341205434,0.7694022367490828,0.028404638714575256,0.8708503118246124,4.232687923621057,0.7096766848102454,0.9333970147881387,Benign
1.3787240764417916,0.3237177221271439,0.1067545343825857,1.0284002192501347,0.41246910405538073,0.8848298752589153,0.413958347367853,2.43018089815048,0.8251743880432141,0.9411768218628854,Benign
0.13003035278373118,0.5697127222230605,1.1208723302270998,0.668563801845369,0.31389590646830134,1.3000938527596515,2.9325840033767694,0.19634594621055282,1.3595715387965415,0.01622608347902049,Benign
0.06736320062655221,1.4929093638380155,0.04404350651465826,0.05136181204401597,0.4010537070301951,1.3525507234565457,0.004813676079381195,1.4492829200903083,3.2084669533684833,0.5134394300923438,Benign
1.2117316515188048,2.9722739700713414,0.07513176999233555,1.426892570867137,0.15216802397990992,0.9745534984007355,0.675507462886543,0.17176195744300843,0.17299132666434705,2.005109606049825,Benign
0.2898399624756927,1.1700731137232288,0.10275242597283711,1.6839877534001872,0.4850451267794895,1.2540498060719363,0.4869251219322396,0.1347913199895905,2.396174651207382,0.02260185542205166,Benign
2.2591206559641406,0.8367562275305678,0.6513131747234785,2.149240740461874,1.0462212694116477,4.21395471462319,2.213216482070621,1.3665212936951463,0.8566259854979262,2.2148879147621034,Attack
0.46012958439922735,0.0821992723420621,0.10387058038998774,1.9141751038129706,0.6354689843708247,0.9991395140769757,0.1928029078651061,0.47540673153340374,3.1529552294766154,0.7401761433902363,Benign
0.3780539992877733,0.07008248724596562,0.34465177755146065,0.9352690307402235,0.7703212102327917,0.6174356755546203,2.0470451561228122,0.6348216952074549,0.1929228503502133,0.3595517201736784,Benign
1.5561853868848796,0.06973622639899899,2.3826163096419584,0.6264871882354207,1.3099492445690517,5.2760643849121305,0.9358278503987331,0.546106939951297,0.038550569487392994,0.5786555884661175,Attack
0.7355055793986265,0.4135243003851926,1.0041164811587227,0.07324610590374263,1.9454563683568216,0.8888768922117272,0.5680466324285308,0.4971275726161842,1.1971825543617045,1.0413599348723315,Benign
0.08301088500334723,1.2265421966940484,0.07524379290609823,0.5114468472537596,0.42362299280643384,0.7155165858035202,1.2053736169864895,0.908594285965372,0.09556327230446504,1.6541316121935385,Benign
1.6293328924657997,0.8929047071858349,0.24032389334395612,0.21415004617653674,2.7874461395030115,0.1712967955585302,0.9143804809392551,2.7595126442344493,0.33843425382219666,0.168824988969069,Attack
0.3406629867635131,1.7744573488095259,2.1015133844598908,0.4851716573625549,0.7664652294583632,2.549853711317839,0.23557517249446963,0.5702764121123023,1.2660204144381124,3.0461884950229106,Attack
2.5537436524377353,0.8190730480381648,0.43445234926139376,1.205491054681268,0.14809258403684114,4.9314472993428735,0.3074747269064966,0.7977361464912806,0.011032699908563483,0.5652008424892183,Attack
0.7086748345935019,0.4124872815067113,0.7028336091915957,0.12879918375526753,0.844636170179262,1.9779641167027264,0.29999479225607134,2.524355295685531,0.40067350263723234,0.4326211923647569,Attack
0.7278467330703464,0.6108936630860036,0.8112529704204144,1.9407202868851898,1.7763048660525012,0.2768955267493825,0.5370603837644762,2.053769862719005,0.05817406908929281,0.18153992367716512,Benign
0.08001185844358336,0.4293436292096066,0.45244871850297497,0.0059863370133577875,1.1136536314574184,2.3528176825351785,0.5831092561441623,0.16470208619098067,2.2384884578903153,1.8484326344328375,Benign
0.7795269675397213,0.05246933604411411,0.7205946388838214,0.568408340947577,1.141400232098394,2.426477427276469,1.0455834854732287,2.004242903304478,2.0712257564914256,1.2088139169097243,Benign
0.8755148279555071,0.005208857931954023,0.6465476967067264,0.23319894799421334,0.4122729149753014,0.2857794985879767,1.7630345144948896,0.008682686649843698,0.8911385249624502,0.027662439007163236,Benign
2.296677241367822,4.3919931164247705,0.4854283917645827,3.4364791978204625,0.018685596974346273,1.4850333636464488,1.3241888595486349,2.4888209781079,0.08974222606361142,0.032732973902525046,Attack
2.164300975610925,0.33970199074585905,3.2639915426801807,2.457158508245344,0.2922657986925522,1.329406143903867,0.17856916145747231,0.2166122868817049,3.657157475515433,1.3971061453225777,Attack
2.516396837661894,0.3932818619468636,0.755314771685067,1.1208957262319812,0.9415777772220115,1.7048629348747921,0.4903385568242575,2.515253470081384,0.38047817116245103,0.5026842760805054,Attack
2.0263216237007033,0.5763115412674344,0.9583569219313306,0.8904102588179479,0.2982432429025987,0.11600336043799873,1.2160369186642734,0.8061578495198696,1.3920864651913345,0.0839914023220288,Attack
0.7346145132940292,0.22735604282263974,0.649215684448739,0.3388887165881032,0.2122016285961932,0.04469970702588915,0.2806668671564374,1.9951109894737564,0.20116590190819617,0.8734692046423229,Benign
2.6399086127136155,2.155563314470261,0.31970598398016603,0.3532512200492758,0.05980640511877925,1.5450837306539733,2.08558059253801,1.431508069939916,0.5263589632902422,0.28098062058962087,Benign
2.8663376131863214,0.3386813691029951,0.00045580837541631537,0.02699682906359252,0.9643456550288342,6.321473574934264,1.5997482667771055,1.1805204737951704,1.643871821322786,0.5592344220687853,Attack
0.5106402658434512,0.8905783757328175,1.8589015544647485,0.31126444718150875,0.16424514886573335,2.632285177054086,0.41642726781351236,0.10665962284902872,0.9280626378277286,1.9383283036861,Benign
0.5288946456574416,1.763930383433285,0.005564536305342672,0.0854875059618226,0.5102451575554,0.46718541001770186,1.2286678988685884,1.8875324457271008,1.1829214540387687,0.43142527143804543,Benign
0.1435967990449083,0.28529695850763903,2.0766368889101434,0.30154631382180735,3.146452461472041,0.9285363698006848,1.5828643611619229,0.39123512865964416,0.18104944876840517,0.021473408244487267,Attack
1.0956158580066309,0.07010915537951536,0.13217108833190894,1.973120498446129,0.22793345576656993,0.32428675577011046,0.40361293583142094,0.46090739398441793,0.20979850584889922,0.6902617494384905,Benign
1.8442083933896958,4.080836278376998,0.9268101094715595,1.3950707817241665,0.24237776570997752,0.10365787400313237,0.6678350022832369,3.0124879102706648,1.8169510474977133,0.33593465683985835,Attack
0.2878475025826799,0.6474899110193207,0.6392644494423699,0.7186752904970026,0.6239389870326887,0.8383004730028467,2.2766553469722526,0.4326277547441603,0.2976743505829042,1.6554766975384883,Benign
1.0819664431113183,0.12708779830129666,0.39423584521695515,1.0948087066699579,1.8555198248811406,3.249413353927914,0.7845853966111005,0.32653343816605757,0.33151486340531355,0.7878615706430816,Benign
1.088649798680233,0.25934901493762863,0.8875928004300162,2.6018844718278014,0.2702095885852949,0.7890468009895596,0.5509805328989736,1.271558170638005,0.6538413549065714,0.9093251874654452,Attack
0.21651107636284425,0.5868334688224139,0.14330002624570193,0.3480563387856614,0.21508170406386645,3.3647093974931535,0.19592332342750782,0.3057476947055613,0.1406175118705352,0.4919258314550961,Benign
0.22355678923179786,2.6094536583409673,0.1496936060663043,1.0712109106181125,1.165828468819028,1.1576568304941275,0.7842364438326088,2.364454452930069,0.7958209808058081,0.7107764810503424,Benign
1.027002518771727,0.3981633373001403,1.3469150274017703,1.6526914883538066,1.927148344389578,1.0176723942927948,0.8454376768679588,6.565710115180396,1.3620953482653595,3.380149314965796,Attack
1.5497910123844405,2.5872182266082744,0.9087082884062009,0.4038480790939668,0.02957317963181935,0.7200723530509383,0.07865840059113151,2.0531529632735297,0.5470489748421268,1.6312422205467554,Benign
0.4956538034677976,1.4203654030220383,2.2450404709762144,1.6089040443437004,0.334908441989235,1.4630279421662307,0.9775254193837968,0.37296781259117145,0.4161996451041007,0.2626252474302696,Attack
1.3133135181013824,1.7579394789639777,1.0169775252402282,3.049247692316869,0.25354039851130994,0.8488031107407903,0.01897373575777124,1.4901535117238467,0.8327349542355936,2.1574112514170167,Attack
0.9021051643332115,1.3040887630513807,1.7752353689363711,0.5064110986559794,0.9722442251606231,1.5980716637149215,0.4364451331453907,0.5506430905960801,0.3334023736283582,0.5724278673402199,Attack
0.17000145766986785,0.43461766878369185,0.09607183149316226,0.3215886883950939,0.7622679291295728,0.45863164707808063,1.0965121209191488,0.9460464956711984,0.7886648657099559,0.04212244422312327,Benign
2.444555964833285,0.48051679252932766,0.9961677327125967,1.5481066460783919,0.2943732816650642,0.17844582034167614,0.029134883299998974,2.035763876002797,0.23293031647150228,4.222153528639855,Attack
0.37644566350165193,1.3860412819345822,0.043416712115613806,1.291192280054406,0.20124652083827657,0.05899342569258182,0.10531386009841585,1.2414278145728197,0.11574177466818492,0.40704825133800376,Benign
1.5634725920042252,0.5767924511525391,0.03244655805651695,0.22110420403902695,0.2944752703154486,0.657614558648586,3.336192229252623,0.6687292576682616,0.8578682255189635,0.622367943815035,Benign
0.17568676235322553,0.5955160984315636,7.187464841830709,0.9084586149329495,1.703846816850825,0.7680548151653612,3.798187489258598,0.1959686832280762,0.4723589560981287,0.706419095012723,Attack
0.277935635955919,0.49575657039069715,1.7732874814342285,1.4991382807457037,0.6800948194333398,0.19900337942249366,0.11587575136233011,1.1235193523527685,0.18037528449786722,1.797646455726249,Attack
1.4194117181982742,2.077168877543995,0.8832266642932107,0.40667183496467585,0.5338934047548783,0.5290338934525193,2.9940396771568527,0.7707287550824603,0.07932526186708955,0.6323161497194135,Attack
0.1317619014300781,0.016152416976905577,0.9971538048665574,0.4396039508450376,0.1801452535958982,2.8080575088035236,2.139193671942906,0.32446923640635916,0.6858613262515366,1.305821512942639,Benign
0.2129533018702848,0.2758501555326432,1.2809510008369651,2.565721225043371,1.1575679842291526,5.557958150000888,0.27837342357965583,2.8053552824420267,1.8239065469162956,0.2874091988554886,Benign
0.5153203445964534,1.3399734868928033,3.310377312011779,0.28488377767860346,2.94092726963135,0.48312224640801604,0.8578801470865591,0.5020661458054125,0.46413648918283407,0.2844055939435324,Attack
0.841670279721437,0.23106052603707256,4.586121881203351,1.3630220454358695,0.4901998198189303,0.5516144441164788,0.9344069341610368,0.6670894214865914,0.7414101399864993,1.0381384335264974,Attack
0.48438466835578614,2.625394215930245,0.20919243692617737,0.017607993074113204,0.020418504592423822,0.3131148704977574,2.1754143359884592,0.11506239851196723,0.8849009700331841,0.1762721283909103,Benign
1.2976550133446405,0.1601480573055017,0.02994816097997261,0.34926706662182827,0.0538328823926187,0.3697088682660845,1.8503466363981411,0.027311281734919403,1.7212145131453078,1.3987323602248736,Benign
2.550420623995259,2.093897711899222,0.45770565919124817,1.941082840616133,2.2387044398890996,1.2708959287799422,0.06299713432750885,0.5509234247850642,0.3682873181743214,2.3459322556608644,Attack
0.0018388058386898476,0.219115803664859,1.7987750620818201,0.9052906722676966,0.09983819142052822,1.0047899850298236,1.3645302043375809,2.1505475448801366,3.3946192393764445,0.08457260172940143,Attack
0.6574452791831973,1.2125944997329003,0.7375806550788457,1.6699442868668575,5.415614984728277,5.828697815955943,1.069041342758704,1.2708877607974713,2.4473176561204872,0.01674229632645802,Benign
0.20053880755141673,0.21408077848833584,1.722217541817688,3.3288619081715254,0.6385476082672584,0.15681134842191582,1.1868799425266987,0.24909174500332293,0.7227357856169822,0.13727558684711927,Benign
0.7481575892731482,0.7648230484587459,0.9310370738401806,0.9583745749139031,0.46349164805870213,2.3730928942183414,0.1409127292476934,0.08737101312270544,0.6621974414959448,0.07135847279552454,Attack
0.15226243610966936,0.15814953449655586,0.09912138483792512,1.6075255092390415,0.36715552566790766,3.079281232562044,0.9079938261839817,2.294638444516275,0.964403989633575,0.6703507031637043,Benign
0.8352115037167482,0.3507431992493702,0.6541921592304296,0.1293228799933713,0.752744129762587,1.2690852840717959,1.068737736708425,0.37383948112026333,0.14950810227126174,1.2080334785524325,Benign
2.157222587222171,0.11404752196700367,0.30342535486004124,0.6017810828830843,1.7469022687094682,0.6828352544285063,1.014877037543569,0.17402691095459966,0.2204209318484647,1.4586301260126027,Attack
1.599105331593277,0.32033521777712215,2.486176340909741,0.0386522158354997,0.30473071420773995,0.2619138739656426,0.16744713227624122,0.05573769097898083,1.5439952066349862,1.1469995543275764,Attack
0.5859712483477721,0.8709568516313448,0.591393557567752,1.4349912776469458,0.16362574807102492,0.037161254377047086,2.4270782253927465,0.5484024938460074,3.0269074472111774,4.3518571263879355,Benign
2.965599964889764,0.9578126956140599,0.08793590319602268,5.058974637649049,0.8268606657637306,0.3603895476871015,1.2608471434566606,0.3690334519432128,0.3054496648580866,1.4848215645129388,Attack
0.1915345716330578,1.0739388480044738,0.8166149827589197,1.041527554764466,1.249128037044116,0.2847428685525433,1.7756721987804611,1.543171839095632,0.2772477593309337,2.7374930173883163,Benign
2.617210501512644,3.977252774834633,0.7905557041117363,0.03876317731073847,1.5911397664549982,1.7558141055633685,0.2628960905991096,0.5519150110590536,0.11888200929781888,0.42683848060697205,Attack
1.3124532266050302,1.7070200117262564,0.2602809785157589,2.2379401928657656,0.7396817001635052,1.7245119696851938,0.4391375157071364,0.11933128588074873,1.561461551427236,0.19804384105516343,Benign
0.6639181243225571,0.015362593838100244,0.2580846628296968,1.714631410188322,0.45258080154551067,1.6180685763872826,1.6202446311817662,1.6260928269209014,1.2198940152487638,0.20397227269215565,Benign
0.7619559758507484,1.2091638201484056,2.138264545145511,1.493267043450734,1.6089535081375033,1.3812718602555436,0.2259176200536807,0.43309976570247055,0.631484457410578,0.6954882630817776,Attack
0.6569705581832173,0.2576802063223971,1.8477890497713396,0.4026194819915625,0.3068075212079177,0.33788025248872244,1.1882904072616869,1.0568876812871093,0.5527121477842616,1.3699137538921657,Attack
0.5132463919047219,2.2321129862259177,3.4519205190667672,0.342656073867174,1.1706131666057709,2.146455692610042,0.6470566629018407,1.5325007277009421,0.43565086951798987,0.6984290709043033,Attack
0.11750844109189064,0.22279114013301962,0.8213395937018185,0.08024551570268554,0.3069904379078059,0.5982932269788224,1.7700544180095725,0.06084702579972928,0.011482226433732126,2.7748178114925737,Benign
0.9747038349072666,0.5785274376243655,0.5814394061215806,0.3981217143377598,0.20519173304421853,1.6783435263680386,2.6789698721278135,0.9444099498875758,2.3942923141957317,0.6578437772098541,Benign
0.10428687338029474,1.848964354939863,0.09371244038839117,1.1881658815428482,0.826514221799529,0.31161566262622226,0.6079512995899933,4.056824335258099,1.0370827460694378,1.972097557410797,Benign
0.24804168333645635,1.2799758139382376,0.8106873941647521,0.14333387083838958,0.49237371637785804,3.1266422433257537,0.7705323610950979,1.627458364021595,0.23992576398574855,1.6661713624763912,Attack
0.8985383028212948,2.121792742482654,0.4224092380474406,0.6482149404601297,1.9703394567696713,1.2241326292543542,0.5118943757011377,0.13530449623806295,0.1394094306124941,4.236058780573298,Benign
0.6272159976605837,0.6062571669250774,0.7283628837381048,4.886014257293547,0.3444183989743749,0.8349280449115275,0.20392332101001567,0.31266030553611335,0.04403673475527752,0.3134626592782477,Benign
0.687587437428309,0.28475124110907446,0.9712314218459517,0.00668234359681957,0.43550623123812643,0.1439196332346945,0.29611711217696873,0.002735905168784065,0.46329233973830425,1.2272395887827672,Benign
0.4762096324283067,0.14893074327432768,1.5202771725505355,1.0518478261047566,1.1824347284631802,0.05629533261317309,0.9739904779497687,0.5257501639161771,1.1594508537351063,2.7965609612654814,Benign
1.131525488539966,0.42005879999368956,0.11950366131458817,0.6181832969449107,0.09151334168717959,0.7257535583898443,0.20945563436477507,0.2051046936945713,0.17853692765678603,1.682518098431377,Attack
1.5541682500589595,0.733039332856735,0.7749388625613168,3.741936026034564,1.9248630865364766,2.3188128153885237,0.9801722041578981,0.001280081670879221,1.36459253952571,0.5786377285378814,Attack
0.07801425430381329,0.5268800486831676,1.6189642546342211,0.2882576106250336,0.12917498211373618,0.12996983053222588,0.055148560953675096,2.1892143822992907,1.4360086725182715,2.919277878795982,Attack
1.493627717735167,1.1140524557244313,0.49315630912999237,0.4532090313164134,0.775461269214724,1.3391909372186652,0.23650420348488832,1.0151174939344236,0.4064546741998905,1.794966099717633,Attack
0.5027538526075225,0.5475885416339094,1.1359305622818714,0.9255657027959783,1.0198171977369985,0.12009559976032705,0.829225030600049,0.0787823280496469,0.2728736486497879,0.3571784188851989,Benign
0.3173414629949852,0.06598737788688984,0.4733588215735671,0.5984725192477092,1.7990548986758648,1.7211899985871815,2.659437747828524,2.714949482620747,1.0998515868315821,3.7173378441218468,Benign
0.34671571100963444,0.3811535241743353,0.14641112485382468,0.03908459073432027,0.08146019561658377,0.1062191445816855,3.566245162271485,0.7347127240188086,0.29163730506752733,0.35151287401247844,Benign
0.18312734089985447,0.5654820398680747,0.49491418474493243,2.180563856918462,3.762029421440204,0.30729641734705,1.4847725680525066,0.8768088531058149,1.0651332573036685,0.5305450115173815,Benign
1.893863400163736,1.580568879316802,0.8993389985396169,0.8276659121272003,0.135435349287005,0.2703910885470945,0.2787614177007807,0.04431587405604634,0.46207560401724923,0.8550012738810118,Attack
1.568952807264202,0.015364698331659992,0.7295848389478198,2.620156285454638,0.3663174925213039,0.10283732621839181,1.44654251842161,0.5173297385037294,1.017056274841257,0.36973219182374795,Benign
0.7635561409219591,2.9354584151784877,0.3985413710654997,1.3704153116460343,0.950948637406665,1.6472061674732215,1.587203424528395,0.8669012250683175,2.6124900983210675,0.04039081350294146,Benign
0.0772407923528622,0.09677305223282345,0.8657447413285233,0.13073941912592846,0.7316569592597763,0.921977970028752,0.840098769389986,0.49128081416614133,0.7682756820959036,1.1265809037544392,Attack
1.9917164634812476,0.1429948125497449,1.7307592925655053,0.7911310360067259,0.09893070424803105,0.5308430731208063,0.5987479891795982,0.7198865872988274,0.7492629469038856,2.5785486837955465,Attack
0.6899528817341146,0.8225823722976124,0.15227748234348537,0.6476931722581847,1.9979736465823692,0.7881789083519486,0.39629897835088396,0.18865163326155213,0.3477742021208374,0.37386378278182425,Benign
0.12509078556473036,3.838399489755499,0.4223664740046735,0.2276454736303262,0.4002004147705233,0.20782057234734333,1.6127950638519901,0.47687693776758716,0.0035484339329099075,0.5576658521469853,Benign
1.1188546005255526,0.00020480496837596045,0.4611204116631595,1.0748364698920931,0.13395541281788986,0.2891953279087431,0.9103189611782084,3.7491461806583755,0.36302683830767907,2.2474548509247145,Attack
2.035201683205546,0.5605024640342344,0.5639716401753248,0.09889087875317867,0.17621414341482589,0.06685981521145082,4.0588262990200565,1.3487311635371821,0.4278405605217564,0.4298148551066058,Attack
1.0499125482579605,3.161605339619343,0.8269249750357389,0.3550265036244138,1.2390177735053949,0.38614917150364064,3.0787290811521135,0.4792867051614957,0.13766539506879602,0.6900784945808323,Attack
1.0860331104137426,0.6961469452322376,0.5153588596501302,0.5641495061929276,0.6713173381398317,1.2703166657164204,0.035825169611191775,1.2856577115871766,0.1782016688923093,0.07093313065280603,Benign
0.07968166026908155,0.8085144432139645,2.5239855955232815,0.09548158576210469,0.9027439657231134,2.8601584987294233,1.7329110299036101,0.3515440121367747,1.607277957844488,0.22515355195816242,Attack
2.9132799447060487,0.01124041151551505,0.6640393005355034,0.23230274665971987,0.8272662119983878,0.020269467813625194,0.40172370498362203,1.1990302430597037,0.06522911037107802,5.278637380309573,Attack
0.7854053449052993,0.06867029504744732,0.3072261297635695,1.518370323090356,0.0932837640752662,1.2993650429262422,1.0180823832176242,0.16110256702142284,1.947154320417358,1.9291594099655243,Benign
0.2955884945526068,0.9199968814759178,1.0010629143408427,0.48878673401230543,0.10236273377474336,0.8336034445070568,0.6547634665976458,0.6630908479037253,0.282139933570419,0.002643064555925285,Benign
1.6041884916683915,1.8158273068883988,1.245531129797483,0.6925669150734769,0.687304960526488,0.4845383204569093,0.12246285810280604,2.838814779127425,0.24739179793997484,0.05872764244270891,Attack
0.26312893040929236,0.40388035580806214,0.48160750682296544,0.5762905530935537,1.5288634047549385,3.397987488267601,1.0891173751974261,3.2072589533333367,0.24272613538048757,1.1074687111932124,Attack
0.20644842903127175,1.1291104089470043,0.13397280837182998,0.20634046374482193,0.1890453956232307,0.575513102645118,1.3092756828008867,0.01390498373751021,2.0920705255977308,0.13022709613546976,Benign
1.0142000687630095,0.3749909594197238,0.0707017927890165,0.3050706433636062,0.1372516040768593,0.290309614469746,0.005661459646161882,1.4207958764458055,1.4417667558620872,2.086842404053864,Benign
1.4344503269942195,4.1405431676718125,0.05422144942130896,0.04945272140015382,0.11922611042935115,0.4447262764437521,1.040413816274838,0.07534770950296853,0.740868831874922,1.6986528109955286,Benign
2.462767767344491,0.3040119990423501,1.7649465631209427,0.5908303638599741,0.11019445344885012,0.12235834716883416,0.3522001737283503,0.42856403618530564,0.18861304457898292,0.7163909273404971,Attack
0.8416345207168137,1.5454995041911936,0.18309219276181593,1.270094793426057,0.6407472082911695,0.9979664739742748,0.787601681336317,0.924519309126203,0.8813851807485131,2.8696252048120257,Benign
0.45667420656028274,0.13927928378078072,0.11903791281219318,0.6689305669145903,0.30430909673388035,0.3627976247150884,0.03115080432180824,0.5894978882222636,1.5484337538893456,0.43298666281034703,Benign
0.3364362066354834,0.2912139035281677,0.4381527832401169,3.0727011245320486,0.3701020446020468,0.005815057500594644,1.3320341161438198,0.011143456815439564,1.0648890495507177,1.0189922975184909,Benign
1.9588996080081142,0.12972919299546443,0.47696827260442565,2.9273659769351315,0.42906171036996293,0.16672879363992185,2.278649372879583,0.39554841879953284,0.03939995409569256,0.6752822479288088,Attack
0.9951651644980283,0.2648551496367693,0.5342131309112073,0.9182154306857762,0.9558007925903381,0.7759039867791574,0.0592226730235434,0.17486036135688487,1.6101734601292415,0.8952936909051894,Attack
0.7738346459343177,2.0445126063225194,0.5392572769726605,0.6057824010066473,0.21301953399113221,0.5543989031357113,0.5700220032471905,0.08094499117861574,0.745015283785061,0.19349091266159577,Attack
1.644610709663222,0.3895642733521459,0.6311883356549016,0.7979775092463157,0.09091978616699646,1.2404073050304771,1.6777421909646228,0.33361321965621,0.7003450241389639,0.5657838177241257,Attack
0.40272821221007077,0.6251736368266225,1.158387763967389,0.36632663022906664,0.3394245561990676,1.9167903749933053,0.08695198582047159,0.6620938828284253,0.8936322331776871,1.6750595070451326,Attack
1.8719579810850984,0.21496144886926696,1.8894018512203716,1.5338821212216192,0.11052530366155673,1.091541862098513,0.3636379385737677,0.7785440451833603,0.668108126492381,1.7141033056305999,Attack
0.32172642048954914,0.553752885545122,0.31237063069645427,3.2253112523553567,0.019938038137044544,1.0973162820724074,7.2616002840173355,0.7707521770432124,1.1417355566451133,2.322462008531614,Benign
0.2940494511020137,0.09276676258171562,0.215814818961429,0.7150285870608744,0.6559415772419144,1.233062684301623,0.32814044694321787,1.5804968698005204,0.15375381760544615,0.25835643452096513,Benign
0.4918490453574738,0.9602039447260787,0.1698163366490481,2.2016497315278643,1.1066489909905703,0.6866877768610941,0.6000939709462818,0.242889026566378,0.16675429967806304,0.9229808388146226,Benign
0.24407424783099774,0.2858813483455538,2.4597587365910436,0.34272999444979074,0.1261074274835551,0.14055958148364223,0.4857734184027709,0.5884357711905639,0.1949189794011644,1.7124513000331747,Attack
0.880168236150893,0.4713422145987272,0.7607977702606489,0.19166126135755315,1.3347567432620424,0.4254340553819662,0.6634760156811919,1.1596038359912524,0.20660079471636114,0.020434098292114997,Benign
0.3173198059435945,1.8919369015547896,0.2252129012742661,0.8303513500502763,1.1687288593106313,0.23891213432460853,1.2343973706545825,2.450005317473721,0.071487549113315,0.42298529521090217,Benign
0.05672513053145925,1.6674514737304418,1.1675244284500652,0.21498398009294922,0.8105962124518514,0.43636769091258687,0.26917436224248115,0.9958871890714734,0.24842540650954936,0.43720495545093824,Attack
0.2318927789512022,0.9352761518199234,0.27010009807327623,0.38977772994989734,0.64047650380618,0.3098110397498286,0.4500412943580436,3.7462943111645273,0.547142716895849,0.3931755221277393,Benign
0.8050788293187414,1.3742303933288638,0.9296487684329523,1.9273185138719198,1.2213237987862018,0.28982971177095995,0.37744374713197854,0.1076434180597046,1.3533147007822095,0.056617056815389366,Benign
1.5065465835277636,0.41073630015404994,0.9829925962555552,0.16109536324004856,0.22094812511277886,2.5057526616843813,1.190982707598556,0.17695126471605896,0.17479959527468103,1.3864469314511776,Attack
0.3554251565982695,3.907395342261367,0.5146954667277239,3.122482960523928,0.3356940490488461,1.724779964629182,0.18423386149153484,1.1685631763092994,2.504759012664609,0.6136071658461334,Benign
0.2848697203192782,0.6066275746971826,0.26645018083054006,1.4269869506668775,0.07003702419458623,0.15872620890106634,0.15384148187602434,0.602507567048806,0.11352409801604872,0.11082387341207957,Benign
1.248281616692402,0.10258618637255736,0.979669589571966,0.21475292684153047,0.0269573732634345,0.29200848093849574,0.9204882822520666,0.36051598132852564,0.10000899933524218,0.6380968396273549,Attack
1.1977197226651166,0.5542093547420089,3.8507823438031865,0.8495323068129583,0.6553838854222938,0.34186430139713103,0.5182142338536766,0.45030822888635297,1.6522756885611305,0.21781813914705986,Attack
2.076755014736332,0.7506169577945067,1.156696131876793,1.5614923997346997,1.1579847807976227,0.5033059026475841,0.005779867893328882,3.867480617027348,0.19781194345233796,0.1319617178517436,Attack
1.0488514825298278,0.9790485249118439,0.1566926668768092,3.0067888959981657,1.2674512600542354,1.6457094406948316,0.15673925724938512,0.10294065612743167,0.9825376085871569,0.18528126293030373,Benign
0.30895606088471533,2.1116492411642853,0.025176942038960145,1.6801482711991946,0.37981367253763343,0.6129065175039041,1.6068674456036585,1.3628982605209812,3.613549786073706,3.8152735478585904,Benign
0.5187411833282225,0.27399257822899126,0.2559777240217129,1.189260492363398,0.46302125661549454,0.54117748944586,1.100905406370342,1.2165430955063241,0.5789369745092221,1.2513918436433444,Benign
0.7268165870254535,0.274234820643869,0.3582290938499378,1.3233360008942414,0.10180171557142514,1.492345988024966,0.3504780467421797,0.09772037112855578,3.0699032305113985,0.9804083039217193,Attack
0.005076215344252894,0.12936558617722713,0.757133339786108,0.04346104994279799,0.3325374929224279,0.5499044945890662,1.708057041487216,0.3582073281111623,0.7867734100185283,1.088845923508245,Benign
0.15846759121147275,0.800144937568759,0.6456223647147901,0.6978758197200943,0.15890605538897118,0.6969515105671913,0.13375693915417608,0.6037226697135991,3.297151155061878,0.23353048937750753,Benign
1.571733765200583,0.2752225743143529,0.9590417984013442,0.6106431560860117,2.1980811835133918,0.32495753709439446,2.9556246105943065,0.3019441548941117,1.4964240870981884,0.8706312870295473,Attack
0.32621537326417044,1.3663098524660502,6.742555792501312,0.7896803505339476,1.603116180514892,0.2237747630862986,0.8456290156955826,1.8750432473902618,4.135363145312357,0.2323675667628394,Attack
1.2299981520744367,0.26011090160344164,0.019207601563584586,0.4125762843275003,2.2591297683331932,0.2815146196827662,0.2270919376965954,0.7861957804406646,0.6663673386181523,0.34696465131463455,Attack
0.014216466689873121,0.3932197832685236,0.6801005282752488,0.4907174391904632,0.10872190676712586,0.11289567151638587,0.07533124067621222,0.1392022850984517,0.3824381256575856,0.11590788782872502,Attack
1.54318707681567,0.23412711127563893,0.12238820101520838,1.4974920758399026,0.3161652306343251,0.38375422327493686,0.14415883887722947,0.5259093137626669,0.957045206776187,0.2537665990826474,Benign
0.11011244510943477,0.16363460577235478,3.7953840753302934,0.3125106445413907,2.28992207743715,0.22858102451607418,4.155213394145319,0.48542565333510085,0.8565317118831858,0.08327258554632397,Attack
0.5491508986265843,0.6088735694467026,3.8628411277876933,1.994464470193727,0.732883866192434,1.9418722872638219,0.04345482304001639,3.5507129997224776,0.8881861088719926,2.0363348950110303,Attack
0.7418907278791221,2.8307566428892694,1.4993431670363173,2.6814706536607793,1.3620223354503864,0.9229746443489576,1.3530132074272716,1.4627728694121809,1.3943101413337065,2.514922172181912,Attack
2.011641138488638,2.5448325250494475,0.38062488790312526,3.3906168978344233,0.6586873364703495,0.23635044685809703,0.2109089754590326,0.6155576154787807,0.21148377084797018,0.46914175686434,Attack
2.3200201612029985,0.18942069161324437,0.9634696624460758,0.7853563096339601,0.08004630414314355,0.43519799328427633,1.197728421821235,1.6439452357026838,0.7811822513147161,0.8542896031082142,Attack
2.2426003129612972,1.9141188123887694,0.225575997003981,0.39869930216351135,1.054771617081553,0.7316489589747873,1.0561465234942944,0.7162534088292061,1.03913300086516,0.7462011125829828,Attack
0.3374016976771578,2.5944412641162993,0.0958162301868009,0.5071216465585766,0.8759745211354288,2.097062229790365,0.7083754353170756,0.018574809860372896,1.9652748433765712,1.4319115111382419,Benign
0.6897004335636295,0.7541371860289986,0.4360832025296928,2.6030451891938506,0.14277342827642933,1.1354375402371593,0.7728776028069432,0.9642316616434236,1.0785961276376386,1.9072859633601298,Attack
0.06696982985893192,1.893098389905925,0.483596460774525,1.8486379798061057,0.47159470700510664,1.20365297924268,0.24917959358150568,2.7470123497796135,1.281510596736927,0.015208971892332508,Benign
0.07169810944308777,0.29938943830071174,0.8575933795356246,0.43981297747548936,0.16451563340714384,1.0224140144507372,0.8516932222779943,1.8748253762471836,0.3667800047904229,0.9287356298677408,Benign
2.425049007860328,2.3094239499664586,0.1199422089268172,1.7404942151301561,0.1952918737649704,0.17995358862036545,0.009986614613344704,2.561240521383711,0.37255959861429044,0.646792326835464,Attack
1.1174570404306303,0.013984251797474794,0.7601348396638096,0.232399078874998,0.5678230903728255,0.6804222274443467,0.10133063092486509,1.9469595797606787,3.126621383220516,0.2258255563787321,Attack
1.4054895739245763,0.5101420386452891,0.1632989873761449,1.5829651599083592,1.2119905953916146,3.5938008843311757,0.123179581312456,0.3693225349107664,1.1606163484234302,0.4116954424372895,Benign
1.3158471534812293,0.2798713096621391,0.29871623674745296,1.2793854049448876,0.35129612375374347,0.7102683805489329,0.19216194301956135,0.372734675013027,0.213457263089736,1.1718397326231258,Benign
1.793811324172742,0.2906202099871521,0.3213801873310723,1.3263729751888742,1.8504771976944192,0.730299728405715,0.3847323404406032,0.4482042885862232,2.593640015111284,0.26014899528665086,Benign
0.2480126003382821,1.772427342040366,0.4813375411025291,2.88378893554743,3.234221936444927,0.23268456589096878,1.398849873180836,0.13362527292188925,1.15889791519137,1.9412793267190342,Attack
0.6805014396817826,0.2786682535620885,0.15810441374771922,0.5988076362451558,0.21378347975129577,0.8796312675690946,0.6451062102837077,1.5698302847969852,1.2568143165929917,0.9482129935574499,Benign
0.4270234343732176,2.6168060376243503,1.89878734380674,2.045169808661205,0.14745717669292274,0.028188393353264143,1.3471649308147589,0.41888572250839234,0.4311986555173957,0.12682014148195334,Attack
1.2427257973729888,2.314965420225774,4.788762162538414,4.196199908289343,2.2416862103604394,0.22357552326278093,0.34929911634218624,0.08662733845093779,0.6811492982268254,1.7852766429559004,Attack
0.04712581133693537,4.414963094737764,0.15614789925548297,0.263303637872225,1.1370145130645122,0.747375307954979,2.1819370594522276,1.3001217838165953,0.05315466117508091,2.0770882738741006,Benign
1.4511964172717755,1.0206089199913706,0.04456684305433156,1.3851916933727857,0.7292401497884293,1.15576753263792,1.9334977385579906,1.6174290153559119,1.3823040047689248,1.030588355637391,Benign
0.5422539301384112,1.510174706166241,0.6147433541640284,1.4415437990331916,1.6421127319719406,0.4760078480566243,0.9139325665766109,0.6407187553239589,0.7553280573053075,0.15034299296691783,Benign
2.735278680779639,1.3295284495008588,0.06068604106699771,0.5977124099534246,0.8948949824539215,0.821170629274558,2.4046337916406686,2.522230101498375,2.4762321531225595,2.773316396070942,Attack
0.8572359251907861,0.35727573318350053,0.3324208458619068,1.7341996059560432,0.2782486377877585,0.7429962626905039,0.6556111527652229,2.771630811883119,0.32733771941358875,1.1077636634041121,Benign
0.5474430115428565,0.8169738529864053,0.8185665336698532,0.9391415935679733,0.6398727736500277,1.154475723426928,0.49686901389292987,0.09235119701718403,1.691645153118912,0.23164891640783844,Benign
0.6181206498063818,0.2256153602382439,3.1321611764748747,5.035415771674726,2.677171064132099,1.152006137690944,0.19303223170816458,3.251805244369384,0.2607774923947684,1.364736001304014,Attack
0.5311802166958361,0.09381294623373318,0.8082591773263346,0.5639322972322551,0.0010933691484992887,0.6980518027635713,1.20427734616793,0.7433754956383096,0.25055648009347675,0.90333161862357,Benign
0.59409763385093,0.6218392411213617,1.5793821918792168,0.4613332626039326,0.3437523225387193,0.7228267267834569,0.5379040415536789,0.06845024934363036,0.4857264083954837,2.685310597294252,Attack
2.0823796069103677,3.765008421139923,1.1655408748306857,3.508283786665473,0.5410462800161533,0.9852852959673206,2.508363657797239,1.4324388505187906,0.5432642268640676,1.1842521426303225,Attack
0.286285379177628,0.665183448080924,0.3524737325632376,0.9877299137197807,0.3320785301652819,1.19744251265996,1.7620991633879146,0.3710783189813305,1.7537885050375264,1.1177872639608157,Benign
1.4753608541671321,3.788344167159807,1.6498004707582201,0.8258061088395071,1.1620348243231675,0.5306183603675524,2.2607395841718,0.9167077714564484,1.4287588145699583,7.019740280821135,Attack
0.48288421616202115,1.370591838517875,1.5329318036486161,0.9551680149504734,1.3104738445773465,2.020046188994139,3.477295641084947,0.3038765861133037,0.5959030799196839,0.04887943685702333,Attack
0.33373058339657036,0.8478633685107355,1.3715944774523674,1.105255750626447,0.1152650013857071,0.032297454461956004,2.4039093190349616,0.5871870064186742,0.4824283606904867,0.3584231825765384,Benign
0.4181905220825057,0.3925680026930178,1.316596246841426,0.43204020320844727,1.1655647873163808,0.5556107034992785,1.1282342940892942,1.4115860173432522,1.8858206623728992,3.0812062442377472,Attack
1.622604362789056,2.2909700640424826,0.22007110899159069,0.3964315803728184,0.09814608731299794,0.10763139816206453,0.9994594016681645,0.18538045986703017,0.5887696783957179,1.145996646556232,Benign
1.0869529102056426,0.07304944252447713,0.021708053541042546,0.35090959814888856,2.8952015625161622,0.03504765648655047,0.10185080090896433,0.5305265408051054,0.2338184668353355,0.29444307496926425,Benign
0.5761149080803383,3.570894156642853,1.2687312314743453,0.005125680731133135,0.5059742517682857,0.9152093459343892,0.33468778206088823,2.8997340245278234,1.193360223379788,0.1841932414109174,Attack
0.039906481743772836,0.46149841185503454,1.6685276776323095,0.9212360031516516,0.1421649103062779,2.8711768165061073,0.06840899213868332,0.7830173766349858,0.8954999053813298,2.9298583416239596,Benign
0.31209914902134556,1.0170608615258596,0.3622735404924907,0.8392177664909192,0.046890363536551675,1.0462497556194401,0.04259759896809327,0.5461745416936613,0.20632063131427414,1.7993465656965226,Benign
0.20007853901177203,0.3153060428479026,0.8530175094269816,0.7809755302345112,0.9233300129957593,0.25452240236426144,1.5235964800671882,1.670380327527942,0.5535598470839086,0.849450580737078,Benign
2.6596151657775198,1.0142697427838605,0.6634627229843301,0.42123000628463186,1.0085498846491534,0.9534155912084239,2.578916348128382,0.16128367397602342,0.2945835402521853,0.3878607094180522,Attack
0.07349334302425806,3.1782777921898466,2.0011191458571247,2.2030288407096896,1.0849420376330299,1.0245947005713436,1.3498812716520967,0.5038514375048745,0.26064858654393774,1.0709377064264325,Attack
0.8824296220681598,2.426471740016335,0.3532677276192261,0.12435888452079628,2.4462512828212755,0.4863097485222262,1.6243023371666916,0.901001240417802,0.6409006365954162,0.5532465375338379,Benign
3.8357395567948522,1.7515133789088488,1.3481200188645424,0.40037488670016147,0.6457672996187834,0.49532582251557034,3.6475044109774397,3.1973428851768957,1.0595169010497694,2.925633919385232,Attack
0.3553118053508703,1.2454950338296036,1.2114081087391484,0.7328889091215741,0.4021079088821634,2.0486441090757213,1.8035168419291463,0.5667856043567194,0.2175798150527663,0.43679748567749427,Attack
2.0679825295771,1.399118244298632,0.36435206273227666,1.1323321188330995,0.11060759400466878,1.2353592301355587,0.48068143150873255,1.2326813309407525,1.1672233741825253,0.1525543119461446,Attack
1.4458717888181625,0.6921415495241144,4.236396060753759,1.0776387772940048,0.7385833292710529,0.3297653940774542,0.8241132772759485,0.2720270477926194,1.0839948722514476,1.5340462849170058,Attack
1.0760324662797691,2.1940021119238655,0.11542930707924864,0.1771065698903352,2.2947185430019186,0.024311494196340287,0.192734774795359,1.3562525984944394,0.8428750271203033,0.11414509386976662,Benign
0.07302209609983887,0.2266351258272238,0.32213042489013727,1.8134306007420575,1.0407936314231043,0.8160213592809126,0.044171281313741664,0.47469141906541257,1.1100958571712138,1.6367571643532395,Benign
0.9570417740818987,0.5626015234546587,2.401420231885351,0.04585982139862158,1.0402689214208172,0.9022172061837014,0.7604679588488222,0.49217873729980904,0.6380324612209702,0.5110216981379639,Attack
0.38191356406426746,0.5612288487163755,1.8204632512188696,0.49315036769227855,0.8993627134162936,0.3930450064720695,0.02438959800390249,0.2796098753489722,0.11264327599626155,0.43803143435507896,Attack
0.08069468441580828,0.9442141291482047,0.9442700946912056,0.49829815222447416,0.02621319672963113,1.6991699700031375,1.2341925429698315,0.44867252951806846,2.5007275388617067,0.026077124080200857,Benign
0.4507242192993908,0.394754752456877,0.003134537269832519,0.7647169663122473,1.1039006404537834,1.830632429762262,1.4310034498646786,0.7051767297676153,0.2161673064241887,0.1032782595546015,Benign
1.6576407995210234,1.876860583191906,1.4007260787885463,2.7233266420334856,2.577180437583031,1.6877300191029365,1.4302048783963943,2.263107022219344,0.7346342541845595,0.3326130082416838,Attack
0.3321428290167804,1.4791466280527805,1.5277758237097332,0.49552727154339327,0.2313840037318791,2.272117836106949,2.518470377018725,0.573899893397717,0.4781330159229072,0.642313162210419,Attack
0.07561475081618878,1.520458537965688,0.2729243999834539,1.3153831338150876,0.5662600115010844,1.4769662127625363,0.4342298320664602,0.594625517413441,1.0768574194187368,0.092343857084769,Benign
1.074723739925049,0.11958490395670252,0.5627950164222014,1.315238499450139,0.829344490685578,0.6415320926798901,0.6183028303572797,0.7844670827805789,1.0030901342506235,0.19272477602162622,Benign
1.6997743822172562,1.2572398903713213,0.724204855895852,0.0717126357214444,0.3114177830170555,2.9868880120534955,0.6741431902622581,2.0763264045770904,0.3290892489201766,1.013496400615996,Attack
0.5277215057217091,0.7097962831909271,1.6311645975985434,1.2302068872000815,0.6771149801999128,4.733179592495144,0.9044171900057215,0.5451150784543672,2.713580401628411,0.8381942987699247,Benign
0.3916129561520953,3.0570094993036316,0.3252653903880511,0.34926073556257053,0.3383100109026921,0.06685431286961553,0.12867531042348468,0.161653834711789,0.08341294891155675,0.5896864260483488,Benign
1.44842283871597,0.14689195440659594,0.2795221679378002,2.4514562622703355,0.5355906294916132,0.1097168504307003,0.48768486814826173,2.9734013228346643,0.8633368450426813,0.0028201002277225074,Attack
4.592148379789761,2.878984530049181,1.7691542659902606,0.00545467327900501,1.0147294073201865,4.984319523139026,0.06048439791717799,2.924456351053085,1.557822569829915,0.38149560014690537,Attack
1.747012056006205,0.061004665353469975,0.34836213377599184,0.04893796950608544,0.434914659653208,1.1417400753700102,1.9912346701312476,2.4309966986996874,1.6146167413592547,2.6565449878553515,Attack
2.6447755383886453,0.8491132846818424,0.3692376758753828,4.298791567272003,0.15464120071382545,0.5658421364387158,0.7031331482427553,0.7751464055371797,0.6112049647922055,2.1193834542279384,Attack
0.7311249261554965,1.4428732944789464,0.14416017248370605,4.583900828887297,0.48662280559409526,0.1456424955952094,0.9700070295172231,0.48518730279508937,2.058904997374111,0.5331614858224346,Benign
0.09251441455339227,3.2890869233301516,0.31826698833287576,0.427725686181935,0.7236525584203948,0.46512327651855745,0.3583665531288204,0.23421398181021233,0.24143382029574362,0.7423970355406048,Benign
1.6718798958266574,0.24363330761792637,0.5542159867851685,0.8626791286668777,2.3580008938256123,0.3729128019174316,2.2098309365926494,0.9452081340553454,1.0882848884454788,1.1553588637171381,Attack
2.360419973978607,0.48270307491337533,0.0016197063495906048,0.03631820280111356,2.4858050855586726,0.05100430701221452,0.524419839851615,5.557013866939487,1.4981993946100371,1.1674375859463857,Attack
0.4535992294130429,0.9256054119105904,0.8633635493600473,1.704107694940547,1.424836691843649,0.33544498582676624,0.5730014340729929,0.1668990890039233,0.11595416761039747,1.7009068760692065,Attack
0.8070200658097781,0.7874871376747858,1.9635343491709527,1.6159703758013086,0.8617525987046718,0.09724028131455656,0.08111687196381102,0.3466090550302419,0.7298122829012779,2.3966131919306575,Attack
1.6458303279400759,1.706948564083176,0.12727199016664845,0.052253273478109506,0.9512507206926124,2.0691794994376354,0.34934702219186015,0.4791748026945135,1.4662077222928822,3.0261479379792484,Benign
0.20138831378114583,6.326219654234297,0.216503819782062,0.46293053919721333,1.1413612075410935,0.706154704650637,0.33861661040960117,0.695461589036895,0.37419414688105196,0.6882878131418279,Benign
2.127345340551461,1.1058612717404976,1.048965388331727,0.32130989217018,2.709063360930971,3.20924380276352,0.7163375365868929,0.4416952134212454,0.5256788622532086,2.4772057347585315,Attack
0.565811632970312,0.009609578213117803,0.10850940738832023,0.061809945697489335,0.9645136112727026,1.952387259074982,0.45193371735158105,0.8328245121441045,0.0680117636190838,1.0139418454116984,Benign
2.872191918540488,1.5678505829663243,2.749577387048862,0.5222856480278829,0.610323353653042,1.08051957827525,0.20531734373153293,3.286239578843202,1.3092063359074904,0.16418361882880625,Attack
0.44665478254228935,0.41968915505470644,2.266377109591306,2.4982056987022543,0.4082139859988368,1.8731168442144053,0.33603138639509655,0.9229138124820616,0.13354556471148016,2.3261485395262858,Attack
0.4270750605214502,2.1543687519522523,1.2290556877709296,0.40766626979209203,1.6443630591167613,0.20667041729354163,1.0883982763658533,1.9654803098741125,1.051371419803379,0.9405172954101223,Attack
0.277413599687872,0.9955961051188842,2.087915201192201,1.0690514563280966,0.36438681619723684,0.0606838274062614,0.2811934906897267,2.4619368639324657,0.6539710751770661,0.07645909521041643,Attack
0.9348869532746225,0.23273322042510883,3.689067060102896,1.9152206248030692,3.572997987114218,1.3578029140992163,0.23262859968119706,0.08012287285642063,0.9647801077423428,0.07158668130010526,Attack
5.069368586177711,0.5122114229311571,1.4573136062735854,0.7075324152403686,1.0070693563852828,1.06096946317738,3.0665215378147113,1.8369666477957238,0.1744493187255752,2.444260540508215,Attack
0.1174791963634943,0.2605419574984009,0.6399215119822613,0.012242491696999699,0.14963932374697148,0.012475863519078234,0.46934410220568096,0.23974163904999996,0.9134307576264116,1.8885771085255085,Benign
0.48377515111199754,0.7771799198169453,0.03430731532762114,0.698219665650326,0.2108740716995482,0.6391461541813241,0.9434140401380828,5.714032778231558,3.601920376567084,0.7249985615904977,Benign
1.4687526584061361,0.191933429525977,0.8439133788356795,0.9853532545191631,0.6379278069712508,0.437760393308308,1.2532599161920892,0.1305292471791608,1.0195075477438031,0.03809914446559764,Attack
0.03191526570980075,0.2393001822020222,1.8614238594856651,0.4700700435726542,1.3294572609530213,0.9853875675885027,2.070421193320323,0.08369125766310376,2.8676386856844798,0.6405801249806158,Attack
0.6259611609655499,1.0022355407671286,2.0903183311593354,3.1365685139361963,0.5238518690681236,0.6298954277967869,0.21132270899996833,0.7761449027527157,0.16282687453771325,0.33147240201604905,Attack
0.17812403850108366,0.6251319550810748,0.8949743332626211,0.9654112305508022,1.3491928706872183,2.4515380077818554,0.46337578556817527,1.2942191023454475,0.43458534226500717,0.4419961750821127,Benign
2.3736853677440948,0.6493874710476439,0.026274313475473658,0.3950463743478221,1.2353465156127357,0.4965512603171936,0.987178716979161,0.20192957988269047,0.8414651982046668,3.9020888684712305,Benign
0.5045385983593986,0.2976614134120009,1.0908212118852403,0.7659499390425349,4.560142507130453,2.067508305632363,0.5306132361567264,1.4108041207370687,0.9353106135507236,1.1201427668446893,Attack
0.6423829604647862,0.26578950717214317,0.02027633741531788,0.5672726547702257,0.7303697721253969,0.13165031284647977,1.6167915678259521,0.38501219036348416,0.7224350395728093,1.7975490819140614,Benign
0.6260098933468018,1.2615238602470857,1.7374504304249212,0.7662871810555432,0.2788631677200634,0.023954592755199282,0.7972180679536446,1.4115558198606,1.355854205206274,3.4176675548159086,Attack
1.2151959669221897,0.8288012570817898,0.056910631313310665,1.3550728454542251,1.532750712716988,0.5682573735155722,0.15440370643511023,1.1352035692088884,1.1607787274600472,0.6986237617999713,Benign
0.4590687873087417,0.37284334433081273,0.18479523534967335,0.7995331850871195,0.038336758249749574,0.22053351692384127,0.11654598528091191,0.42100953186236156,0.17190476759415935,0.2786735249414459,Attack
1.6785031014127418,0.056706424559969625,0.6866611592876364,0.2851430479902545,1.7388425318069693,0.09338955854697863,1.3010116332441812,0.9735314152011884,0.42782475472326836,2.599343986892869,Attack
1.4435816641325192,2.0356453335385662,1.1908783758434973,2.017960157721385,1.4216734281829024,2.885558812531359,0.5917055240024207,1.2785642158463213,2.6191231578988585,1.546232793672455,Attack
1.5424488100845302,0.043270618932351276,2.0673525378453803,0.4405786895744,1.65741118235865,1.9147136155336573,0.12065121088566179,2.848902444173269,0.36394770240133295,0.9429148644635373,Attack
0.371168333526165,0.010177621532266373,0.5919325697027247,0.04273097020428488,0.49628813794578125,0.3825276433082147,1.6625523452820485,0.8180133650426492,0.20686487549040308,0.33638533895033423,Benign
1.1778395101418568,0.14174749001044154,0.28310726947558956,0.03492903749248557,0.8159370210964039,1.086817496529147,0.07566951811105567,0.5699654546844085,6.093928960752436,0.16526827396885324,Benign
3.653616539982533,1.246724111384335,0.16772876626879785,0.4763660717464968,1.6993378766455987,0.22978759237239965,0.22195399897242948,0.42564032909777283,0.35284129932713104,0.34911571507742306,Attack
3.027534910467945,1.675679013647677,0.30141390865888834,1.1822555262716836,1.2951557355922572,0.3833240233209566,5.461842567808079,0.4725605072176851,0.46014216219551957,0.6429799040983468,Attack
1.314342198658522,5.520594979858568,0.8207761598304373,0.34790266109397455,0.356207234603901,0.712324458729544,0.1478229734213325,0.47557641932405326,0.6900128169611867,3.941909986903628,Attack
6.437234750331644,2.246909210381261,1.0419769325584456,2.10799431920843,0.0636342112648473,0.1874405649516636,0.15691004758064048,0.6934334885907962,0.5445424593797382,0.4657264273430706,Attack
0.24258763865470878,0.9529693836443123,0.12727531774512454,0.03149738128033432,0.38593171670453696,0.2693322540433948,0.4550526227078523,0.2714638593429697,0.48532529661234064,2.582502753480069,Benign
0.14985353890339584,0.26109637513945616,0.5282326685121179,6.372002296667224,0.003634557698009342,0.42649881194028877,1.5835938363718047,0.9285982430651614,0.6154506348592365,0.15283876046587597,Benign
0.06861977503110807,2.3990341959690182,1.24122833854179,0.17760982584040866,0.44584689330674115,1.7360268683498705,1.010029806270608,1.3327366585688478,0.9279212822124467,0.6922319614618927,Benign
0.0681191690332156,0.07712379417561531,2.674610267166171,1.5800138084852406,0.07386581252580049,1.2087080094156175,0.46582504357075866,0.163371349537938,0.3165696870348914,2.2954293620554758,Attack
1.1248083216437288,0.007255105676930107,1.2823194669870421,0.0036951378799612872,2.2180892978724436,0.9754487829100076,1.0235030269665402,0.016500557477788284,0.0712560734468837,0.7205952832985071,Attack
0.3465977289226388,0.7013335014565855,0.5730055451471637,1.7966009937256173,0.1450271352420149,0.45363834381652407,0.3934872166794385,2.066059324204158,0.956472385423758,0.2607850935940201,Benign
0.46381858720330754,0.26855464352566727,0.5613887821232839,0.6649898620660386,1.1789271999718638,0.7010432799235521,2.445079033856755,0.8696665246703325,0.22042583018143017,1.0996372319040237,Benign
0.8673414260263815,0.12256488921527342,0.0528578210164323,0.2318717390242676,0.4792972082942562,0.10168423762522633,0.07336681788518988,0.7645250474864731,0.11200965598319029,3.0574681788291875,Benign
0.7809983587826687,0.17682524065291763,3.871308436712665,0.8499869724724362,2.252265190589257,0.6974388069191246,0.5975666607274456,2.89712669029922,1.2700125480010875,0.8816908397384027,Attack
0.5586608415477594,0.7929990037246137,1.1493747121676077,1.0652156234887367,0.6192509352328571,0.30488687308376433,0.23110513500552102,0.35925629792121827,0.2824321093133148,0.002790191513892709,Attack
0.8658035502617585,1.3141101952646912,2.3946883773645773,4.120818061996636,1.540500890047696,0.609147422147281,0.3881878109114462,1.097902407651255,1.949510148310766,0.6072566309271784,Attack
0.41136644375470555,1.7409805010256727,0.02983793375175338,1.674893921260931,0.18196579199021148,0.11495091901936044,0.9101058370117067,2.141922682332995,0.5877863181601372,0.9199658942497344,Attack
2.798186219407485,0.22116210683398918,0.8288867011961162,1.4996042199695185,1.4071356954210281,1.0370906433154112,0.23692279958287465,0.4356643742125707,0.07737363695525576,1.3090421366012646,Attack
0.11421909553288118,0.009508375586521083,0.2820212444386739,0.6079125676355724,0.21922862043115968,1.1057325585406585,0.35241821154546993,0.5772934615958936,1.3179273455292193,0.4760281526007162,Benign
0.6953723903152682,0.3355807393342189,0.6729350571781364,0.1815286884743286,0.12173090648411748,3.3638790151199394,1.1331132578619572,1.1700987093055117,0.37308558238266176,0.4239123271223129,Benign
1.229995870283197,1.5036844074578524,0.07341218531489195,0.17941574985450906,0.2597724376830376,1.0601122532766971,2.609592184067376,1.5341938308148513,1.211465480598989,0.0698687730992236,Benign
0.3159318479491833,2.5796602418188925,0.05088265913105675,1.6833879482472438,0.1867773236764472,0.7057597591731057,0.038135504401732974,1.8388086873268743,0.3666837556597021,2.1133685509305433,Benign
0.9492133125391062,3.348686590835422,1.7319520900443959,0.010815896479770434,0.5825541567441568,1.3571337430621468,0.8442831578457421,2.422235580238328,0.6172468638968955,1.2286188026122506,Attack
0.23695406784351705,1.437076289243463,0.5536329833931951,0.29928543133196484,1.437534457284725,3.2365897848989102,0.35463798555303605,0.06402984381226302,0.29224852187119155,0.17458564439314236,Benign
2.1082841045426886,1.4909009369827773,0.19883773623046305,2.4686900549101343,1.300472875021379,2.9489223665842164,0.3426727542035289,1.0184497439605216,0.7832833869101263,0.5108127487591839,Benign
0.13966205823423838,0.8082873812845708,0.2531647017763762,1.4292564142110624,3.8104929322532173,1.305992737328949,0.03719610330656863,0.4971963085584212,0.38602284623358685,1.0966814060899703,Benign
2.473450609645056,3.1967151620471586,1.0778359052190007,0.5619408761556809,0.739733264643,0.44257600952430104,0.378283507867992,0.4826228060828791,0.03448365295124035,0.9554805865353783,Attack
2.4835014870174583,3.122654860988196,0.5821697461913904,0.25177731451390944,0.3602224961210575,0.8415683560969409,0.6775281087484768,0.20632814917012088,0.5159917546270657,1.327384834598244,Attack
0.22546430490542865,0.28231226845512797,0.8543031717954684,2.0137982602015296,0.5837373855646956,0.1573858685431772,0.15684856494004207,0.5438535660561071,3.6499663825318116,2.8689937718881704,Benign
1.042710027338227,1.2787657107533945,0.6256922587642574,1.7096203135177312,0.12226656141067689,2.410137121622832,0.35529306859585297,1.8088757957124255,1.23529523692169,0.47601405211270886,Benign
0.6693930204918592,0.9010288224689157,0.782588756528616,2.7424727352363587,1.1711862795269599,0.2524871123679569,2.8810345838880638,0.6563973481227969,0.1595425488134652,0.15488747980362913,Benign
0.4089850025757764,0.005801929984356389,0.7134105404734411,0.009179128418680585,0.4013276826099965,0.5505701614748642,0.5280890084273802,2.0294764215853913,0.032549892206477575,1.056938736619887,Benign
0.06106570674288281,1.7493476067462406,0.15638051174554077,0.725579439661194,1.4232660897306257,1.8020247529759243,1.6416490006647606,0.657866004285917,2.2783378321545533,1.7529326207374634,Benign
2.878088430322583,1.0218802202966148,1.2420041459758715,0.4374591265257462,0.3400807174235537,0.028861738423667627,0.5959127069718645,0.7586008936956612,0.21062025739580809,0.09649399003479904,Attack
0.6741702988709839,0.9464765809444813,5.088732249125731,1.4935377443532893,0.04730151202173405,0.6594352264509964,0.051545042056895515,0.31653862954667666,0.407127887055522,1.0914334195762938,Attack
1.7408938922367445,0.6075681331990557,0.5291734675970744,0.8408744255292067,0.2775719951644352,0.3977985658170949,0.9630002459437943,0.3122509653807162,0.06177407689220592,0.4251014428780371,Benign
0.35982013271111996,0.26893214337245264,0.03722023551768835,3.5082277935681754,0.24587131697537234,1.0293197240582104,0.40110968657634544,2.5003028258265267,0.10832996584131543,2.2460185898807747,Benign
0.060133676513690434,2.0069137975758458,1.4494050251624249,0.7269232957480295,1.1674760752096476,0.12549747097425878,0.9054185805316366,1.9281175866266917,4.2146247666959695,0.07671010264854956,Benign
1.1230175728745686,0.3064558298875831,0.36807670731704106,0.47070131992506087,0.79319893339725,2.999866600036349,0.16074796416146492,1.1510622833695072,0.030448203361633085,0.8146840123177654,Attack
0.1443383581059314,0.828160670822639,1.1412893153078796,0.5939565071961825,0.46278396127943194,0.6931475607254163,0.4674874197956013,1.6750013382928082,1.176099574434836,0.7528044740893344,Benign
0.8525807427715116,0.5059398790939671,0.15326326786663444,0.23527046168576704,0.653809366459779,0.0878588541566157,2.3627113007064557,1.4139990636938826,1.248711673239203,1.254541051765148,Benign
0.0903462820895303,0.5935478656752918,2.2442362846832746,0.9508909996913173,1.1331329131991181,7.744493990698829,0.07425464969751269,0.22360572976563933,0.2647204941072178,0.7284702133775093,Attack
3.7241345643070707,0.45652441551900896,2.9954618711497476,0.020517739559602285,1.238295780272966,1.8718715498558198,0.26351861977005175,0.289821988528568,1.698212391588734,0.5494949985227265,Attack
0.6601077520015531,0.9662137977004361,0.5493269833522854,1.028091558971603,0.22391796104234538,2.7361387801740733,2.3749685442402853,0.530728884612279,0.13888932557387815,0.4827057317884199,Benign
0.3228762292767261,0.1626378926423584,0.8284202614312662,0.4970489515703181,0.92227921703125,0.5331322505631612,3.790492931362504,0.06348138051017163,1.6188113137730804,0.5161638630233716,Benign
0.07880661558098857,1.2875922316295636,0.557928444000034,1.3764076117966357,0.916766114777284,1.8951917813374382,0.576732051048712,2.9833796436523166,0.5249077698072668,0.032331275122924115,Benign
5.308546267837704,0.5378986424366077,0.38042836929592283,0.2445332916523554,0.4579526744394124,0.7196922700978982,0.4402364136054966,0.7817057268217247,0.49136201287223313,0.8606965316145363,Attack
0.10341921476964365,0.19817218275013768,0.3440714825462883,0.4323155239992155,0.4236546357279261,0.879385086694095,4.795797205897416,0.4241908271039595,2.690785156997055,1.6694205448556736,Benign
1.9107912618066443,0.47824559274455836,1.0052360481803486,1.3627555713160717,0.19373746683819565,2.124824653105799,0.4178824266578759,0.2606837143596006,1.75001008553181,1.5902381281728506,Attack
1.1974729503028587,0.0009032368742053608,0.7637153188854388,0.21063744125290704,0.19911927423425277,2.1134903942895407,0.3391140964671257,0.9190189605875688,0.40817588372668917,0.3749806178291993,Attack
0.7077980043628013,0.2300877566773572,2.9514086268466886,0.41307403140681376,2.0706252409182038,0.4345326745755124,0.7011888686036993,0.03200386237682275,1.1519600982101943,2.2416563194824004,Attack
1.9893127494372096,0.9655329758560695,0.15547674104069684,0.971320390634789,0.3975680617191403,0.46785951680629045,2.244666225983009,1.1161224106135268,0.6185045860773533,3.685856655407286,Attack
0.2157190451798597,0.602127080301438,0.1637376907552288,1.8056931851514293,0.1227667241983917,2.330854618247809,0.48985528287043256,0.09163807981339248,0.21632141531925947,1.1617107687053736,Benign
0.2269029308244877,0.43938441414775536,0.2877230565400457,1.6766412109256916,0.9141857158256368,1.7179282415710164,0.09297683502527924,0.39009973961919064,0.08468236259036718,0.5434586508086346,Benign
0.3450359923294041,0.009627068780590328,0.23576605058459643,0.26490887863266055,0.9231855661303807,0.028773538267857852,4.396706551989607,1.1081250931765785,1.313246200819092,0.2870345411399395,Benign
0.5821685810961812,2.815177197028536,0.790910864850826,3.622472331445447,0.12417979542608344,9.384473967140138,0.6364198876373162,0.09636422181271281,2.5588571400956073,0.2523511186629809,Benign
0.6798682204040782,0.11043849032388064,0.5783610685944177,0.10693839396091752,0.3692083680865079,0.4643538288864865,1.7298472013594175,0.383642871292465,0.37028355587180733,0.6927196375108241,Benign
0.12929085107916943,0.5834724278621389,0.5718951423972483,1.1124515033952502,0.11273883633813102,0.2684569744573856,1.7109521694360337,0.5344054550689185,0.5748607329726958,0.5308376606394661,Benign
0.18175819730176432,1.746250643765126,1.8979312990086914,0.5997339092812829,0.6045191819997454,1.1092652388014959,2.74484962360691,6.381075329599682,0.17091266985839446,0.3635302262120569,Attack
0.4341485976470128,1.0125595765283117,1.3915371126866973,0.7161194674942643,0.10394396698725696,0.3846840412243273,1.5921196790653356,1.330879371236132,0.06251565827297195,1.0462652182762329,Benign
1.0849423425984432,2.5263534575687006,4.195031546922999,0.005783367663614571,1.2666941704213,1.0048743498196724,0.009330242533264664,0.27458272268325484,0.8613193403927416,1.9278084045796995,Attack
3.2490104603603145,0.331389174957848,0.6401583959730134,1.2418206048511828,0.6757968414088301,1.238427290055534,1.5548808238439296,1.9342871115266957,1.2422327483388,1.1555608616426718,Attack
0.40727667491565583,0.282578320711594,2.364370445573488,1.0994175284533145,1.1127712587335872,0.10061813013106165,1.2802145852715574,0.001630246358914305,0.38536186975480613,0.4376417496445515,Attack
1.466927798446584,0.39526353463559794,0.965072926838814,1.0439561910448059,4.0301930161508235,2.3120199055642034,1.1625373634113119,0.2487491460849376,1.0504488138434482,0.701064409923671,Attack
0.0697028568040138,1.407986218223681,0.37401225070802885,0.7829768693727771,1.283076037435738,2.086368906843186,1.0068844775076593,2.7605203706753403,0.04049923514248862,0.3356229635111901,Benign
1.7158142701637777,0.9186783620798444,0.5031469731025412,0.4576551939851352,1.4187962076656793,0.2551620944073014,2.3694845211744733,0.5114502978608678,0.08317632360747661,1.1909795116650665,Attack
0.10969952467155146,1.5592188051940923,0.498702152547582,1.5361354565923258,0.9901802767584582,0.42547939597031803,0.8899654182724478,1.3236442613094856,0.1703855162068274,0.9525672067906643,Benign
0.2434018783378669,0.13706567342107728,1.761993125802943,0.3579532194799728,2.6348310076010444,1.3206925171006023,0.14893072415207734,0.576852347957965,1.124615700367958,1.8988700077024023,Attack
1.7177748060890792,0.9442232643116282,2.6408302893523694,0.4564252105064247,0.4005002206562999,0.5139406781311123,2.1097596766239044,2.0307406034850195,0.08317003191972651,1.9784546941845413,Attack
0.23509024820284777,0.43375578979480933,0.02817466275685266,0.2655611331537176,0.25279739605766693,0.7034986368163461,0.49665202049718266,0.06292834805247237,2.14010790682536,1.8249557254306321,Benign
2.2238476745347304,0.49663279264224935,1.5209221213155393,0.16287630489114663,1.2419499061445516,0.24076856881341133,1.745129457605986,2.2327190691250562,0.20973219787943234,0.9633454090991487,Attack
1.1473082759855446,0.30079736766672016,0.6771447659442763,2.1868685141202615,1.1774657047034585,0.7327436229186904,1.1473980358683127,3.2260926933712493,0.06738773295725727,0.17394780878433247,Benign
1.8335989668541752,1.148661296975156,0.0764307933884882,0.10953507109231211,1.5482089632699685,0.7134150834014712,1.394041194439015,2.316893649309002,0.49116221405682814,0.5088129435850773,Benign
0.25633229793683726,1.512978137144417,0.01845443535006664,3.095376919790895,0.08711720943007577,1.7173818089091022,0.05460495842228832,0.1132121677812024,0.4314134774177531,0.5260953943371481,Benign
0.6965581411533939,1.0463636526549318,1.1663296798622658,0.3727174931161482,0.4312941785805296,0.13584261812034273,0.9707806118027594,0.19322625152805936,0.8512843818718292,3.450453571115307,Attack
0.19349750824449877,0.02352348295905826,2.3916293892889446,0.3484754445304333,0.5645913897353029,0.6616725322598351,2.946082802020778,1.8288497361330667,0.022089750248543098,1.5756665208336702,Attack
1.2088026014510571,0.6161918349365482,1.9318020846466732,1.1200971021971682,0.6404130406967807,0.3000745123216961,0.5460370901949827,1.9133092704518937,4.836494414212923,0.3555127404340512,Attack
0.6513245624814692,2.2858913366776172,2.063038473621927,1.246875095059365,0.19666889529350998,1.042894029547191,0.06751544344276462,1.9039631626694584,0.41148583122646826,0.5971448427498863,Attack
2.3992597450082354,2.7497580307160003,0.5261614376449808,0.3726408589171724,0.1571667116839975,1.1373682160214835,0.5945410359469847,0.20301292315191988,0.47202775077917836,1.6236622712355469,Attack
0.4791336829620363,1.3835263030103895,0.6040110632810222,0.8345533888418387,1.6656016185983458,0.9774381151264714,0.13246035634285738,0.3657720324267976,1.3950282599066297,0.2268628122259705,Benign
0.5766370266681737,0.06287449784815059,1.0988187926865893,1.4896726673085532,0.6771126568296385,0.48315077262409023,0.13816466766575305,2.4665726185950083,0.7194038683335406,1.3225822807402992,Benign
1.70384269743662,0.722173610099426,0.5975918038565219,0.5455996027557918,1.2663293466877992,0.32646142756327756,1.0544924193694087,0.3953104200800381,2.8201635396622056,0.745277472021409,Attack
2.275916371872636,1.0022125629116916,0.028417485844522004,1.8492046600560799,0.0773404069021582,2.9677372851925212,0.5554024923868739,4.440216919871653,1.1672969752243352,0.46901545146211693,Attack
2.303626478715329,0.36724372465433897,0.5282804270950345,0.002346777403805015,0.12454637885381868,1.2015227244768305,0.069873201504693,1.3327570820442332,0.8947528758842124,0.05094424686490051,Attack
2.7082744822843887,0.039576399334487436,0.4587500252888805,1.5168683076094864,0.12497316882096904,0.7323692443365736,1.1509579788583526,0.14275475079204392,0.42808214239774406,0.06553046174354772,Attack
0.10222066492982176,0.01438152235951479,1.0421941957214453,0.4777290274826764,0.002168212933181219,1.3096990281703582,0.6148187419185568,0.9650597270830709,0.1464604962706404,0.08809754528408215,Benign
0.706277438937039,0.646690348054372,1.8979314941652983,1.0916454127532316,0.3370827593963661,1.0412889685157551,0.05022454112231192,1.3846195695519914,1.158897308242795,0.28353893734811864,Attack
0.5331431424854094,0.1853128553838457,2.6209871177406896,0.21833958240832801,0.5898863459331374,0.9950316100660405,0.009210034864543377,0.7308986654320627,1.090974807761306,4.620645917052941,Attack
0.09280575748738645,0.24749696855079734,0.29282131635441594,2.2322108197889454,0.834546394476374,0.1832359912555801,1.1831669245959064,0.044641523485127364,0.29329628832559584,0.9234307944142666,Benign
1.5420901091533645,1.5666562841841134,1.327269241853643,1.3054204653980914,1.5445226079688505,0.14013882804717398,1.7695731458845758,0.7651586739632169,0.8853434605610426,0.7304943072690104,Attack
0.2613215112907977,0.6511592262455882,0.3175542180515132,0.08386197951556368,0.6404881610107829,0.8794350822173086,0.003853028772613825,0.813748899800694,0.19604852890518892,0.35034715069660016,Benign
0.8712733836554607,0.6907119829335162,0.682182053132993,2.524805957881588,1.7868945946312305,1.050931430342395,1.7471437126908516,0.11724365001143403,1.806413382398047,0.5974895807213836,Benign
0.8922914957503426,0.7403163686343937,1.12423055674587,0.621402680303127,0.7833815309553274,0.6728741348040063,3.637231188872386,0.249704001635708,0.5133604425057146,0.845322546938953,Benign
0.738481428244368,0.20245820735753636,1.0639222503934673,0.48902423023429986,0.039660361841500874,0.9502379331363545,1.4751825474521738,0.12934627290744133,0.06383902134837677,0.69135541154985,Benign
0.02503299065702992,1.1922031867201055,1.337493642014026,0.8706689974888472,0.8400036172322372,0.014421231401520814,2.3823412717560855,0.18132786863615918,0.8643706359282093,4.397325620736022,Benign
0.4966934344963621,0.4135209900509849,1.3044631148606949,0.28521305804057706,0.4733479888093994,0.32613966523200966,1.7253499122648932,1.029618982795799,0.578945506834777,7.714107123011233,Attack
0.900776047877403,0.1871450136920932,1.3026774578099958,2.7084137586665906,1.1452257530501702,0.9905911011563803,0.43366812636061053,0.3150261952838817,1.806727003282301,0.30046252235673837,Attack
0.0005212056095569517,0.36306579404005823,0.1251980159957154,1.1117322562034313,0.32299435804842763,0.7509861544837887,0.09068974204280995,3.0192075976999067,1.2792431780738898,1.1065143797356412,Benign
1.7909476721599542,0.01626586877038075,3.918570897561226,0.33329178823218036,2.249998935078008,0.6595962672571436,0.4763044143991989,1.1468439526808598,2.4500833365884978,1.2640991521773208,Attack
0.32099727026776814,0.22665484987763346,0.4616921942917342,1.1504883085560311,0.6901165485123666,1.17103680707255,2.079297748237071,0.10658248346439535,0.6955220769443721,1.1130441393930057,Benign
0.3445792225430677,4.155432252590102,1.1128460063617627,0.3150005631161234,0.19776822129736885,3.4480458249905324,1.2221266053779651,0.4829241970047313,0.4605806442063897,0.044736342870263415,Benign
1.6356349559326173,0.6441435433334675,1.4604612653222473,0.4755261916321282,0.6120157143233576,0.4411824352649605,0.03704176898428332,0.11684414327418373,0.24077862711648082,0.7202484447277198,Attack
1.7481637377550054,0.4302676841734032,0.11228123981650266,0.5106205530005398,0.004157599254131283,0.3046812893952753,0.18983619996027823,1.9671813405903937,1.1577408246131349,0.0026895327954648994,Attack
0.28995917253209474,0.20876029325945364,0.177057524568905,0.2307592822698124,0.2052906077824997,1.9860966269784466,0.3730452726371406,0.5382324658719131,0.02814281698002046,1.2483414994172226,Benign
1.249749061346011,0.2553497282544206,1.949335742382077,0.040093560751961445,1.3229636098652156,2.0768918494827044,1.7065974187257913,1.7196112389613154,3.9566873788630517,0.7519073546391084,Attack
0.4251024736975984,0.27556105889069865,0.03987482495072384,0.5254938552458707,0.004691045707469818,1.0543512090730716,0.8594961097980217,1.4280575427885798,0.27047982953485106,1.790474070011813,Benign
0.38437446396252134,4.426298990420714,1.1621626113784727,0.026656207285870794,0.04008161307855092,0.28157207169137893,0.1393461159518272,0.24122997657260467,0.2844774215314939,1.9106219065358023,Attack
0.058716277923685285,0.8791492496469183,1.550386094990911,0.07956119579584142,0.05984967247974679,1.2525009726846497,0.5133184943512455,0.8932227262311241,1.2193267499663283,0.1289729624586095,Attack
0.5388295746059099,2.4466959762162204,0.40774182390075403,2.2696031941051733,0.6208705878009735,0.23852480979512475,5.55007258793244,1.1313691752041086,4.980115384802209,1.433833492921644,Benign
0.028553487750445534,0.3453261860941033,0.3432612613141613,0.7674992718537139,1.165970402063619,1.3068667224151849,0.6031447983289401,2.2223356309047158,0.4394426931989334,0.21107196635301928,Benign
4.026019833526187,0.6654786722315941,0.6464000694401006,0.03159300537090043,1.5601741772357665,0.7598228706687142,0.411898192903171,5.590096989600971,0.9056011306067531,0.5172032392147536,Attack
1.7696676412109813,2.681103140601765,0.12971237424201038,4.548649228424494,4.149739903237539,2.6657743083263,0.14546165369440342,0.6902335689178649,0.634824306448792,0.31411363718428986,Attack
0.25601060874231546,0.09764950298231813,0.5428063717905012,0.4891960889855813,0.4364685597643788,7.31663185121649,0.5384692475952876,1.2833539820181536,0.9587429694891407,0.37354888131206415,Benign
2.5963708439817377,0.03174998763490971,0.7408527167280428,1.1308829984234212,2.386632841835229,0.37051329364761726,1.0811238376516674,2.6087782828606527,0.02884019031431135,2.859027565880734,Attack
0.05877884615882132,0.13416322228580682,3.4557215694929746,0.24265676409090706,1.451951010042444,3.5357050162839636,2.282450045252615,0.1413454101012354,0.10179918744719114,0.4026672183045338,Attack
0.7482059038467525,0.5780969461949524,1.4273819832211505,3.9796607244899844,1.3033909397387387,1.8961073690669061,0.001282484195097427,2.2576725956428594,0.7599263694953158,0.8110857393548327,Attack
0.23399469059721675,3.328878739811501,2.1243866759510204,0.8314407259512153,1.4716414223083139,1.6259715694656998,0.16431483078376305,1.673755870375442,1.4051444603033307,0.6006520652146519,Attack
1.046509965262774,0.0015180946082943327,2.870534602041464,0.07254637146785467,1.0635340605963324,2.318757418462856,1.335666711416303,1.523823845874309,0.13015292078863872,2.465331325662771,Attack
1.1550278863788224,0.4659318570656647,1.4514133607294042,0.07153659164674282,1.5487427091845323,0.4427105104311748,0.00959108046508308,0.8082481517080209,1.015379265390784,0.7746684654951277,Attack
0.04435381066555115,1.384054194759065,0.2680320812474439,0.7329490271775569,0.6137237958712857,0.9410496276721733,0.32625624168350925,0.027832773408833777,0.2828442341046026,0.18904235576546563,Benign
1.2959776434437706,1.3538416097850934,0.2904002593675746,0.7870034469975346,0.9620224666069205,0.7939955636589507,4.049995217529866,1.2656039134089787,3.569910179153198,0.6739527545202914,Attack
0.046306026294182144,0.50092652443044,0.7294449714019874,2.892404555311504,1.1037053346756265,0.6990597998318056,1.5723820304872842,0.3459587635723487,0.4454534511157543,0.19751300396149596,Benign
0.38847783478505693,0.197999890986833,0.46269210555242146,0.5445803512000483,1.4411012226518243,3.474983545887447,0.5683394533221,2.3684645737970533,2.7254544539386614,0.11755458959068657,Benign
2.2768013743581843,0.04333756683641547,0.3940204930908331,0.6879696736066073,0.011665466789558513,1.1019943286842564,0.36047159255388955,0.7337056350450714,0.7758579204522057,0.20029565442571923,Attack
0.5357134106314642,0.2935773126117231,3.701959454844498,0.39834684476335674,0.4973922253684296,1.0250276842752881,0.6981352428816975,1.4241774959798807,0.3973390038935187,2.732394891474386,Attack
1.8024882868019148,1.5584955090820498,1.2508224508378591,0.4938656543457818,0.10832977071721249,0.056889184190034775,0.7032266115588077,0.698280414070449,0.7342366791893569,1.7562647981965411,Attack
1.3230686367466122,0.2778442403251428,1.2849966896073473,1.0197176917357709,0.5445913865435326,0.544962964729208,0.5649186247457458,0.0037502820938345454,1.2693480490043523,2.10151571100929,Attack
0.29673048263925605,1.9874044262831523,0.5777824865563079,5.665331773081108,0.6550166993170392,4.042451698462311,1.8470839625478568,0.16138286239375937,0.6031461084998494,1.022527097802175,Benign
2.956068943963642,0.39547088590639484,0.5970352942293935,1.2421300201432082,0.062481356688839966,2.2006793910520193,0.7140159915076763,0.0817996521713189,0.24275558898513286,2.758443049069974,Benign
0.29813474763649916,0.9812095719262527,0.27218921473011176,0.9904092679651854,0.5489928998725608,0.7588713596286144,1.8214889453247727,2.6811306260969605,0.38828072856343737,0.044412183935582335,Benign
1.702704501992732,3.196685998692662,0.893633686427198,0.43815981618880734,1.3529636751654501,1.0792804714091238,0.14464505457038251,0.4627208908123647,1.099143308993503,1.439207974307965,Attack
1.7183557139862347,0.48540493117032696,1.537470884495808,1.4982826780014435,0.07644101037651137,0.011026722778423214,0.5655672569336252,1.1301621805640247,0.41135680685201553,0.5922909241195453,Attack
0.672325242451712,0.044118662333776676,1.0812445527941523,0.6605531821455919,0.21521875652035963,0.4804564930500061,6.092987082413381,2.8036397764014023,2.9166941141226,0.9465960498588308,Benign
0.4857471112171069,0.4084779017413429,0.01141169999127796,1.8273384800761314,0.09870426353845896,0.6079179019199126,2.3695068230324035,0.6585009048731726,0.01733370494879339,2.1259346879683365,Benign
0.113740295006532,1.057890656861689,0.22116374122499854,0.5460444103443004,0.3758782295482428,0.634996640872515,0.17190757731370393,0.43807677857964966,0.7716223191210563,0.4679163541348591,Benign
0.18515918119091251,2.1053241496686828,2.58347968516564,2.726161255343393,0.25901635278625207,0.6234974317610962,2.472936857191306,5.249111537166041,0.11290998776557926,1.0093105150931423,Attack
0.16976765810280922,1.0571153327896403,0.4942228187981236,2.66630942664839,0.08058201382629632,0.4000145493929747,0.8405746332650365,0.4433705170263824,0.6672649884444039,0.20335524908513683,Benign
1.6939205333449074,1.807759751094838,0.0702687647172077,1.1289145915730017,0.7136884347976082,0.5722009804832581,1.248415234640011,2.405992771522304,0.9203478781603115,0.12303753589927052,Benign
0.06151922006890519,0.957001237164748,0.7693899811522564,0.3630822798874721,0.27610898294911246,0.5256258229783257,0.15358052544143658,0.4700343228062108,0.2565061100085108,0.20427895150420877,Benign
0.389377234524967,0.12590851361188463,3.2851769748028397,0.2658613524730615,0.8130187364236501,3.5384404287328266,0.509753947147683,3.974368170057384,3.4740505579133543,1.5556112283985135,Attack
0.02988533113538947,0.35732752863333034,1.6379583736057504,0.3728654753366699,0.11860768147461918,0.10715735428205082,0.5693092661112693,0.677949664518948,0.41959321165382324,1.3358340545138079,Attack
2.2932454798738964,0.2622836779534734,0.8056344692366106,0.13355689434915793,3.266168033307176,1.6511321781358206,1.9068833193685109,2.2885183335215005,0.42129117276068156,0.7459502287663498,Attack
2.7659150215612853,1.770549995798618,2.032551572552203,0.22770748776588798,0.05599907769830198,0.16682067512074417,0.19334298999405788,1.2935327445315914,2.288075777028605,0.5165666012424718,Attack
0.5818670928336973,0.040254493397648576,1.5548901892422047,2.2613330980916677,1.5498606006659488,0.8705269726463818,0.2790566572822432,1.2044599749314469,0.30735234528199495,0.2662001277383994,Attack
0.5453613644968193,0.7347068238554935,0.5343490293893887,0.3804253901801657,1.491204727458543,0.4426746388426847,2.2270540014725024,0.28553538425295916,1.134424223517625,0.00018067901461200263,Benign
1.1585244746067938,0.8648489555573461,1.0071119414918859,0.002638403796950554,0.3324328171568404,1.2456730750525953,0.6391918804539006,0.9723931740230815,0.6141107446971399,1.6132925029924625,Attack
0.647557531047284,0.32108445068353947,0.23511067629949842,4.666985108033446,0.6403797481466789,1.3186776609431112,2.756769959631214,0.859224421757949,0.45542298754616867,2.907255765337584,Benign
0.7817756642887967,1.2408492194184328,0.6542490986580543,1.3853590353501901,0.4884069354888341,1.2800893366886743,2.079521994699982,0.8543135805413076,2.90594643942374,0.2282134158508384,Attack
2.9520399482145434,1.2336665227897188,0.009229075601940036,0.8152803820510427,0.08546297647406881,0.11375034454750246,0.07517640518432099,1.5459901938364722,1.6588786327561167,0.5379989853530115,Attack
0.5908326893116838,1.5278551620402894,0.23701409578852853,0.04499241519454616,0.28510565952555017,1.960820332673475,0.51365471651884,1.6518069530430057,3.1645741869704245,0.03439014570557642,Benign
0.9196157807206311,1.473441236162318,0.1884100234571085,1.0858961979682797,0.3745213885436222,1.0370821300391786,0.2582498233924942,2.3671459524216627,2.8799736800906217,0.12670891867272463,Benign
2.227888073776379,0.7057598799510263,0.16688739954357928,0.25989257353738404,2.3831266064784615,1.0340009111494368,0.10502315985080471,0.8078881404939103,1.4005507939876052,0.6673931793918153,Benign
0.33460307598150174,2.5112884039626926,3.9765182910158074,0.6895079188751666,0.793232651779147,0.2448324396237778,1.462112550426293,0.9149101760656313,0.13779417550720402,0.8225883639809104,Attack
0.4016568897935155,0.3383090352998406,0.800377293443956,0.20623584191714153,2.061154803314761,0.26313135297147566,1.4819718956367813,0.09441537113952046,1.3907973668990252,0.5505745682711067,Benign
0.21587771976554568,3.3072207159587146,0.4877804603521775,0.4040284926021276,1.2401104293160397,0.9835993216009048,0.9085579271972899,2.076053690704831,1.105271670663942,0.5244658096620055,Benign
0.8124401091624747,0.20150726976153532,1.189604399654275,0.6747318357908255,0.47749354008909,1.3737476206137467,3.1628451927041406,1.1805767679341073,0.34842224150715184,0.5093878288888222,Benign
1.9748816998087446,0.3881662805411002,0.9993648009473427,0.5698726491915755,0.11026768949119325,0.5793155975591968,0.30910686423388983,0.6091388634126755,1.5188333512007541,0.7641205319145998,Attack
0.3880496461221541,0.039812483370959925,1.3914972599776598,1.8704518861657067,0.09440203015262419,1.1463719014929425,0.3858397968860057,0.12834858765581217,0.012917272730294355,1.9667975959559507,Benign
0.02804130124996502,0.3363516290062761,3.080146920527976,0.06428053057737636,0.05167522558182419,0.23575049602968112,3.2215150826767958,1.179574642417781,0.7655667638040892,2.1517583968248735,Attack
0.2614217390586754,1.1099412419549153,0.571145446478327,0.25488711587000956,0.7966971225627386,1.4792509156260014,0.6823184269527521,0.43316688990032126,0.10445285093445526,0.8912336317195765,Benign
0.35573268183633105,0.43809639170980924,0.44291567772257084,0.6399823305285991,0.5689680430821026,1.9239127430654415,0.7634215036778671,1.1795780102743896,0.8545029248869911,0.03512116401032785,Benign
0.31174848591606585,0.1889334876975311,0.8064349836473531,2.8258091753906265,0.14220768550399804,0.5352222441288901,0.7755270680618689,0.3958367153680498,0.955368334552605,0.4481191550902281,Benign
0.549689064073221,1.4638707419526222,0.6733451741940069,1.2359125325428109,0.7629629478275245,0.2489277288145366,0.41470010761414305,0.8800219228741498,0.5410516290743199,0.07495887272559705,Benign
0.9205577165306437,1.1215834949307737,0.2338515475228925,2.3225916241594797,0.6655488884823679,0.11301998562576508,0.22661107485888227,0.7252702010279554,0.12092728403889584,0.5813791843447319,Benign
2.0764117201859897,2.972082814272556,1.7973381896826468,0.5594631174617805,1.6915266769719566,1.1739751925909325,1.3964180035382856,1.028640994398356,0.23373766193808507,1.1864629485557234,Attack
1.031625195527686,1.337267258190444,0.14897076098832174,0.5488162582509143,0.1505956516462007,0.08813722388851335,0.05111219400956606,2.0325669223010028,0.9034622384425122,0.897046753816024,Attack
5.320014336497372,0.21465779177540664,0.6430092137090265,0.7862918084920646,1.4116874120655885,0.48085498619313205,0.8001159309832604,0.43172161441413937,2.1798934822837337,0.8873155435087642,Attack
2.4594119376065673,0.981479381192018,1.5758068889192136,1.2226748046421652,0.2054140597758556,0.28619016038914086,0.3804249716971985,0.925862158663929,1.898941873867933,1.0130431975050098,Attack
0.6169471492959573,0.21244402231182097,0.6340631262305942,2.741915860702053,1.0306173658452433,0.35537428348890737,1.3087980331913978,0.13283740279679035,1.151652904533645,0.21569152821107462,Benign
0.011272922095591071,0.746757629851229,1.357695110168572,1.3831271217653756,1.8151275058172258,0.6708966645485456,0.5072644453066374,1.1045652645589472,1.9014289955381987,0.1966877486558491,Benign
1.5244701297930727,2.3805312158116494,1.6538663914584955,0.44210351146908716,1.4739749839770957,0.46753450689889264,0.3620125097634415,3.1410628999078147,0.861854812106174,1.7274316818742452,Attack
0.6838800647866345,0.6005064891072048,1.1025256914607562,1.5532397669392979,1.0924602472400475,0.6965028776669179,0.5074209230739646,0.43251471081757775,0.06307302749078898,1.1512285798196573,Benign
0.9456933532718663,0.3017164876380942,0.7041455449090644,1.326208513710717,0.5119132907118195,2.849143873741342,0.18555645895978118,0.3409477661188265,1.5176738210219605,1.4798715668074924,Benign
0.9848191121832064,0.8252379124171957,0.2184571804624717,0.26529013138160873,0.678272853137285,0.3215220172123519,0.10093183577046518,1.2095454535540435,3.429596293908411,0.5505533098837829,Benign
0.5221181565227994,0.6871473084175718,0.20001892802292706,0.796799136648502,1.0198076934439326,0.19914522461438006,0.6198759268819558,1.6699481300724566,0.20607552161187356,1.1457061466286207,Benign
0.7555719852739644,0.12460447866731919,0.45323374426442836,0.46026536851200395,0.25844234234119023,0.7880766385781202,0.0423688813832595,2.7383029440557585,0.5026049926769628,0.5911280494653668,Attack
0.35762386583520334,0.2085792752169662,1.4505686145681334,0.6382421739926872,0.366830538006998,2.5853829727997804,1.2331511192562847,0.513794188390367,1.8463821358741146,1.2221261812682154,Attack
0.7223645340051205,1.8041500923131575,0.6631050626336863,0.39157966020767837,1.446142990893164,0.4538084637777981,1.0392963531697392,1.2692808584293724,5.31526653439936,2.0793830738572403,Benign
0.13541338535348196,0.0966420204012607,1.666821465791064,0.47023574177932775,0.01719209806123363,1.1062394913343536,1.4820136076206636,0.1866483340367315,0.8309667163521358,1.4208827904869112,Attack
0.22020554129484562,0.12338740444122026,0.24861125338920703,1.178245213336191,0.026925907820112907,0.7773195539444115,0.49627991038775277,0.6762755474079838,0.17483660398709014,0.43857979557632043,Benign
0.6236855181739538,0.03964319189464591,0.08438649559626943,2.9643594695153817,0.02380082941477591,1.7585408984746507,0.9706829991675635,0.010098619174051042,0.24934885005581903,2.4778450039502258,Benign
0.02293221269703156,0.9960542147398155,0.9709144639880748,1.675369961442015,1.1473931647956057,1.3102453196842918,0.6080492983158752,0.5087753490811514,0.9640924117737718,0.44153671914723297,Benign
0.6149673837471634,0.8300430055485635,0.3315255077056645,0.7814664336094963,0.25879329942133966,0.10517977713332113,0.35933913819858765,0.10328372569066108,0.17503443988150325,1.7273425924798471,Benign
0.6941585752302085,0.03964084505628675,4.050194084613742,0.15789493839073596,0.4519581688388663,0.13554210632909125,0.9679302088031103,0.7975411562035045,1.0118702891681939,0.49700659847350154,Attack
4.012168965176815,2.578860526109142,1.9528328747674153,0.09563831323781413,1.1416337184075787,2.7017111126790483,1.5306239299316626,0.01957809820903705,1.4330478232647348,0.4346244995214472,Attack
0.8518046645765689,0.23340726255986396,0.020636680093316772,0.011750502570237737,0.6649411632948118,0.04835268278110205,0.39000498844782255,1.0980171613680683,1.3155735820347585,2.8890038624815784,Benign
1.6348446617963002,0.2621027392481428,1.1967540649738582,0.8840083363212787,0.5098694384183934,1.7310146472647305,0.5058490536516016,1.0545439326111106,0.2657073876606508,1.0830751910561158,Attack
0.6069033047574036,0.48735154664772024,0.6081664596624757,0.8322553487268181,2.1617378635789306,0.9734977090387152,1.0066550163248773,0.10692652166878962,1.7095124325573967,1.3524396160812613,Benign
0.039524946842381024,2.760574557612354,0.38696526066806913,0.06025519823865706,2.9228197320759874,0.26116706008369817,0.8218967250730876,1.1398582759835063,0.3390203974085471,1.8247931654697214,Benign
1.0507248234507158,0.9909333076864241,0.964473336184664,0.7837268910990357,1.5215181603226302,0.19850513144820112,0.6021988064045712,0.5516334663666063,0.6225509374227145,1.3537500106761484,Attack
1.0734580830596363,0.6789879262974072,0.8283315711227589,1.443584541807582,2.456774689617095,0.2882653753178397,1.6736288385999816,0.45930072807438954,1.9789341038994788,1.02891059923493,Benign
0.29723699773800616,1.108990922743259,0.5229026415483542,0.36835048458311087,0.9525304066929573,0.5724592592081788,0.1358293421454922,2.297743522596724,0.6353401709947805,0.24667067925168612,Benign
0.29093694185162733,0.593167290294389,2.9334129519554293,0.8855130056094831,0.030476351080272693,0.08385282482929227,1.4983905023119413,0.3163687410743272,1.6717404973638688,0.2582356277131724,Attack
1.4868174743793083,0.3676387690028104,0.6950835102681756,0.6903582304993028,0.6805618145955931,1.0945871200013186,0.05721427860902153,0.3673190866368404,0.0680628518429476,2.3756061952875323,Attack
0.603323650001785,1.3880018326675985,0.18502933031249075,0.08856202090583884,0.6725997795011337,0.6678761750338736,0.45256277566648323,0.8287767526338919,0.28228599595938747,2.402644396240883,Benign
0.2293589175136239,1.0583417944317168,2.60581891722982,0.3415393255360543,1.0593245001248364,0.2527255456045874,1.768289375221517,0.16215984135119327,0.8053965418852608,1.4800120956075067,Attack
0.4918325151372247,1.2699312073046494,3.4868978144364204,0.24722036785224083,1.5469004871539287,3.572465453343153,0.6416655344538218,0.10514952877196951,0.5159354175157606,0.08217106312470032,Attack
1.6580906879149513,1.2066969373581267,0.43182862701305263,0.16880413746742984,2.8278943237452006,0.38033207759245014,1.705555655043047,1.304676506511255,2.01131308636973,0.8306818708892569,Attack
1.2876495139990716,0.44350728041584164,1.0746490497842307,2.680671498116399,0.46992697716842075,0.12357855369463906,0.07756312052251856,2.1662847188056293,3.4287245043736703,1.858455541972193,Attack
0.46293779484770686,0.47884160226971934,0.5040690955310417,2.0508228760489424,1.4680976139753619,0.8169174437707768,0.28888405260621325,0.25007580572274885,1.8656716497315924,0.141962779354257,Benign
0.3858982785001721,0.6539174271498654,0.604815575781291,1.8825633552520906,0.05327950297161168,2.031971017375077,0.393724895804872,1.159540918247397,1.690802434969222,0.1326261599101212,Benign
0.14973186932547353,2.5363322677777957,0.8722725335683214,0.7223060496572837,0.22758245741669292,0.17253616284796414,0.5188327241604967,1.8210641085935588,1.351484594340864,0.18630993356797024,Benign
0.9958765332211116,0.06426942178986499,1.8639490084864803,0.7139819146347746,0.14919059374291485,0.8831574900358115,0.49261249275256985,0.8034140834207032,2.175156618224903,1.7606103326148288,Attack
1.7020606166781806,1.9270470327278735,0.454451467351193,3.9903583880085707,0.5531971257681514,4.957521766105525,0.44014712036876197,0.23569376012622623,0.7258754627703846,0.0014168141096879384,Attack
0.8616923730405183,1.9159715017004364,0.047980723573291244,1.8676592405036043,0.8439883525826953,0.462393038318354,2.668571529115811,0.027838921706643226,0.968310187186524,0.6349106778717242,Benign
0.9958114491286657,2.0724198509657703,1.30870596523703,0.2297459145079924,0.23787629056902285,1.1001131518618728,0.9866598191840515,0.22647878735302795,2.5763252052263934,2.243089426205633,Attack
0.010493198142711373,0.2263769037372182,0.4239220308504703,0.6202100296955607,0.4049182374839687,0.26181891767024135,0.17176695885051593,0.9902568234043638,1.3994179559158495,0.8810778497511429,Benign
0.20111433222299266,1.18265475003539,0.02039960034671419,4.225974519753786,1.8413055607640532,0.2733513327553681,0.06954064313602941,0.4072485048484665,0.9784515236880189,1.1909850942468245,Benign
0.2875694813419672,0.8943841022920077,0.08722771958056652,1.4847228863299506,0.7757550683714497,0.7357846098406802,0.550903614187244,1.7285449248296703,2.2629415075938133,0.15194617623368178,Benign
0.414716222669864,0.012695609310087203,0.36435147382931354,0.2895185535046409,0.07684549647686822,0.07948222855886412,1.2861321039498776,0.4774816992331482,1.1934470136908841,0.5165388260490468,Benign
0.57089109131642,0.850840346207001,0.0785227666465887,1.2079250370731007,0.0929216043774968,0.12243903048934981,0.11000881491207791,0.9088548556628129,0.2684982165164073,0.779249612921487,Benign
0.674606777370265,0.5343920753236412,0.16839075414046045,0.031249654686920474,0.5332851149091052,1.2813470745750994,0.35304177347207677,0.40511188337088877,0.5348968114695828,0.5738767672464039,Benign
0.252531103803097,0.569588736982645,1.9737114922991486,0.17537991404518685,0.7815744550987944,1.9255739015486335,3.379898873196836,1.057461670369471,0.5293399617983925,0.05976117655992673,Benign
0.004374472235881631,0.2592966528432763,0.45733101111416485,2.672417231062552,0.6713720212016687,0.8024527384532785,0.920989368013214,0.22067854394277403,0.0863768197782773,0.2966751344501311,Benign
2.35153982727998,0.1158437279350832,0.31583161090530215,0.37687010390758585,1.0557127382566345,0.8252437409270462,1.0539047653587057,1.0059519987128656,1.0000483413075414,0.13101635486931604,Attack
3.8483471149022708,1.3507779400292543,0.3477927451259275,1.4903748305373201,2.3191740203386315,2.6271534421855782,2.0263346359133965,0.6431063263905686,0.3181575740177269,0.3338934007860808,Attack
2.844130033838063,1.935209413749966,0.6006939795394247,0.502299525834976,0.48144156903044705,0.9646123850112823,2.740128090399897,0.31864165409553763,1.299544677410843,0.7961065189326152,Attack
0.7766562929696305,2.6091947810436977,2.136407182748508,1.206366415267229,0.4908353023302688,0.7671924422580086,0.020141768954909288,1.1526575852526795,2.1662631277112863,0.576730173119874,Attack
1.6893888248754405,0.11463628397101003,1.2270396616683756,0.21218254384476187,0.04742310109508097,0.4278391373791265,0.6840710797722279,0.6535087022088348,2.5395901282048334,0.5883603336319503,Attack
0.17929860511026552,0.32331771299599965,0.8061776543875394,0.9497951767834981,0.14645649128836238,0.7999405124331406,0.4595081241933963,0.2225492640077995,1.0622942169751495,0.4852649242154787,Benign
1.0626417048353405,2.756195525366205,0.3384189246018233,0.01883024668711212,2.3517616190508277,0.9953114235479162,0.30893194471363555,0.1643416850748639,1.0468702288077678,0.20887187283227443,Benign
0.5195126189715188,0.5348951735176108,3.121302375969085,0.46888007946548954,0.8855935955245535,1.109910688436339,1.599829247523087,0.43948969229015983,0.13657463611493809,0.35604792356665843,Attack
2.7939431460564284,0.15817842205856647,1.5395300764169233,0.025754334616643258,4.074626172405827,0.7919618432116443,1.1793454863300663,0.32876602431877605,3.2170239295186644,0.0757734928700851,Attack
0.07729632424108304,3.217879652155798,0.04812051016090622,0.019530287720831457,0.3527720829825756,0.665409523588261,0.7096752918136019,2.840602595524802,0.047627781026243286,2.5577785810226583,Benign
0.8130718205802503,0.28735722518352685,3.3196617280792546,2.256813544154233,0.36324253939815876,0.16437526231070038,0.6507038676563099,0.7089261728952143,1.1470731144666277,0.08398189052203403,Attack
0.09471627777464926,1.4739157066429365,3.714777168477876,0.5247881271620125,2.4960527705208158,0.043397009231470024,0.9378953789710442,0.3246572997059985,2.0251021019602007,1.532148453549617,Attack
0.4006217255937458,0.402522778105263,1.1779526724796248,0.19900102696139063,0.47503075345395795,2.7380143358669162,3.2144332599689562,1.1704576287477235,1.1326978928617757,0.5134661943279123,Attack
1.1380361832444539,0.01954286343057872,0.2774474072497099,4.180559668116775,0.025583153372087712,0.5509451372842346,0.93498555009762,0.5320582473529863,0.056281224807199604,0.8268387916419911,Benign
4.172321558313358,0.7778646285556005,1.1981799289332475,0.33946021850123315,0.9267970208513154,4.624612853913138,3.995920529159347,0.7365834090680262,0.9654688597752591,0.8158366497710737,Attack
0.656371632172016,0.15942357800599163,0.16548003708365958,2.7095892463921993,1.2007710994184282,0.018379012910826664,0.7975712898899262,0.3881169710173278,1.117494895264753,1.5359929541736383,Benign
1.2806982587647169,0.3884262109994256,1.3441708382873707,3.728691843212795,3.4154335124112065,0.18568122370591345,1.7227640122571786,0.7643482165723641,0.002488999457563538,0.9507456903809812,Attack
1.114243675336953,0.8213672551457497,2.177307824616901,0.05591111131820308,0.5225268614197056,0.38585848065236644,0.13610303904424023,0.09807228503942475,0.08613511407946285,2.5919279482733466,Attack
0.9939781911967782,0.239318693169064,0.3379168705067374,1.190640438236279,4.87602796146071,0.25841638272171596,1.2481056519230604,0.17440940480658973,0.008916748230220555,0.7172803117936494,Benign
0.2308146969860463,1.5311242925063095,0.04579879468987127,0.9526887861610218,2.399072885099718,0.14005288012677442,0.3830569357518667,1.0808741135975768,0.4555427095764116,2.3326389074109803,Benign
0.10295491274478266,0.6053516664885488,0.051410467539869276,1.2320189988175902,0.4523657793778046,1.5966820122710796,0.7193977177498845,0.7100947243417607,0.386532510316567,0.2976406182750717,Benign
0.09972352781809313,0.4609083254867353,0.2732733360759455,1.9585390068606792,2.197691112901209,1.757152034914395,0.9675892082564885,1.1029180409343495,0.8937673830853666,0.44251908515393734,Benign
0.19606141424268023,1.680295215740273,1.2413076239414405,0.3437716647304344,0.4788367988954756,2.0334905390262894,0.38697010313907654,0.6267458450150355,0.8984889463166295,0.6080842830200786,Attack
0.5452352840644945,0.8999190863536897,1.4091507955618277,1.0369080184676946,2.6841236373024957,4.465160317105217,0.03298007300127348,1.1775704311212867,0.3320189030047341,0.7427260750722349,Benign
0.1530682956745127,0.529459729074897,0.38372172304618396,1.0142716348297125,1.6207515799799614,0.04133841249993071,0.022522950897954093,1.804213164726358,0.46651984061642426,0.8954950706429353,Benign
0.2890323976204658,0.8136142769426264,0.38786473999684173,0.4283919138879607,0.32314233598412967,1.2385829569691882,0.11371073686406998,1.926792193033361,0.44296592699572845,0.2993414684910866,Benign
1.266603113572922,4.0106421757342945,0.01758621467013494,1.8864473098479466,1.7978521896773114,0.9368020517363288,2.079021226283518,1.0328984268092523,2.9149417538477636,0.3101774249611723,Attack
1.5686180868557489,1.1010237371248084,4.660232756247986,0.15888830491255904,0.5570522060239397,1.0802568532522834,0.6693079885586133,0.06099882070116757,0.4033220924359975,0.6702197561755007,Attack
0.37154334092716396,0.80816242260667,1.0871918138660988,0.7517201524917906,0.5009431231569808,0.6149586390599759,1.9343421138422972,2.116945594194551,0.22940466575078255,1.2283599239127774,Benign
0.033748653511103954,1.1100054410190365,0.33290834849345147,0.5450802478353692,0.013766699676712882,0.3332793822957145,0.5623971303800501,0.04666497796037359,0.6645982545509629,0.9898933041525698,Benign
0.3670013647102857,0.1421430713855629,0.1297135099123694,0.3438082911234677,1.0358550280655001,1.1243422348857435,2.852479538825259,1.469036009293941,0.3080337046290189,1.854220106274784,Benign
0.2512849417071812,1.1024301718628546,0.6874020668712622,0.3443708716344847,2.374899822837848,0.29914566251873254,0.3650371543993253,0.9371941124908728,2.3394894881982764,1.0348097269116592,Benign
0.005961814123820964,0.12126691761475347,2.584141788165662,0.4420304698873863,0.04664013572072317,0.21487216008774604,0.2498255789608952,0.6335519260414364,0.3918047840847117,2.3206931423953066,Attack
3.7148185755963596,0.678633656103912,0.31324312037778185,0.033837384229712164,0.10867479794724029,0.7747728162175695,1.030870357409671,0.020587667934458376,1.4708751519013106,0.6012637636073832,Attack
3.180888750983761,0.8189703768462903,2.0345739282334008,0.5590129277192621,1.2594406222493808,0.2642510349448198,2.6735159757085136,0.006759339696090541,0.4440397020625988,0.1320996480898699,Attack
1.3777624176763037,0.30017573147234405,0.06676942977623047,0.6946605737883091,0.7501427187681785,0.7148959421718918,0.1901576580963885,1.1193948035923886,0.972809292143777,2.054649624704078,Benign
1.7645556167774006,3.1926459591142518,1.5034794430625673,0.3949100099079009,0.5741452478861737,0.08385891529973007,2.8485670935710194,0.4051578069606714,2.2837851770074944,2.0346292780935853,Attack
0.6601458977990862,0.8366406097997261,0.5528869134584843,0.027573015558122287,1.777040986326151,0.8457680433382062,0.5543836190493807,0.2438062396290725,0.33212241952952154,0.16028048002412965,Benign
1.8483608440914832,0.026420588340522633,0.0711088296423371,0.16666617146904344,0.7117082562352764,0.7082613857149535,0.7350075157377921,0.049433587572841935,0.49369916314951856,3.0591002493828507,Benign
0.38257582886772074,0.8032513245972837,0.6358947151654282,1.9850415958988201,1.1870718009850858,0.28412382711401124,0.554113598745547,0.001476709932209087,0.3642549457846636,2.2213815459840522,Benign
1.7407712421182004,0.2506389234241032,0.0001809833087047603,0.5349215804960261,0.0906648578391135,1.6164110003649415,0.2592566388202877,0.5829602307020022,0.24811619325119816,0.7860201052906973,Attack
1.6058507592852147,0.3930761321536887,0.23251273086725102,0.10698320141044311,0.249887833125344,2.6977063855094756,0.09763557814445735,0.44805719715377706,0.01552217792780509,1.3198420183586477,Benign
0.20198706391598048,1.5465974536638483,0.7604600297337981,1.0630274740674661,1.4260402558352323,1.0973109857966281,2.028349141032261,0.30045130205015047,2.512012840552686,1.4678386811004167,Benign
0.31887512542815616,1.1563109802534137,1.4576676653960072,0.7024959932078979,0.6590647735240962,0.3491593900926282,0.04664661134478315,1.0858156397973437,0.17396883927750845,2.8510371503723393,Attack
3.0325790216723894,1.002959099457384,1.2024577291301666,0.6030791400383692,0.11942350893743421,2.365744856269493,0.21097959356418283,0.0027810123148222688,2.602166531287974,2.056710343708748,Attack
0.056703409818255925,1.6151618996862454,1.1729410231229775,1.5983794500632287,0.32587862818014224,0.787266836838789,1.4227419428616797,0.29209797031321477,0.8610440230121189,0.8742642308085089,Benign
1.5743257562697763,0.27359294266098527,2.890653761272034,0.007314445510752202,0.057158463423344276,0.39168438891136387,0.4350486627988637,0.21990340505558223,3.026044364341316,0.11887247696224425,Attack
1.615959906912585,1.0495694262890296,0.18476454195798866,0.3743089947230378,0.052461175283497946,0.22549804542465665,1.5991075603650666,1.296048257073015,0.05017047292938133,1.191484323441151,Attack
0.033121614143831614,0.11294697535619544,0.06279837530951866,0.6131877530480091,0.0901585349547511,0.16030915758355022,0.7317670634549779,1.3005176262701748,0.896558782054521,0.184102167993517,Benign
6.741834325659852,0.16876359367218838,0.4807254864504122,0.22149257007930598,0.2715266108002873,0.7009117512730775,2.6580223436505186,2.6688991784824108,0.5749116801009185,0.2819954034458452,Attack
0.3871103822678221,0.9342027339503688,0.06713448853562487,2.0772282918777494,0.04907877622084382,1.0491985254335372,5.969305097559187,0.3554684144744992,1.4599789855701526,1.4160425825951384,Benign
0.5963529469503882,0.0847773806558784,0.580571265869453,0.5181085658877953,0.6207657399046779,2.402311273610938,0.19338622026715885,1.2165859538844483,0.7588589028583371,0.5856587142588793,Benign
3.5540999702876905,1.6201044729282614,2.910803661872268,2.1616020991780296,0.994201989092577,0.7276848055258109,2.8101787744306375,0.5747583627162399,1.3509292348042086,1.2625589891675366,Attack
0.22962428001241458,0.14750661289273412,0.36292396103836533,1.6056240264273145,2.4344239565592503,0.01210421690033011,0.9224195782413951,0.9304094363303271,2.2037407580359476,0.7201228906613618,Benign
4.3260414609252935,0.7582765283565984,4.270752170959455,0.06975002265633623,0.643297645905312,0.55283075458556,0.8257993071282403,1.165674128402769,0.21583624500994436,0.06628777747732018,Attack
0.1826410486367699,0.6625399970777383,0.26258930929471364,1.866750337371999,0.36065865168176414,1.1040751499429688,1.6256271178886816,0.5717344250231002,0.45838440013702036,0.03661584313187577,Benign
1.8592687120176132,0.47464952208900024,0.6800475690792886,0.22306174221672226,1.2149283621756746,0.35538665589419105,1.2192188622902254,0.0008594933654263108,0.8202196352279277,2.258202059642431,Attack
0.6049924689495327,1.4335603522391138,0.9474701385603341,0.5102313081901064,0.9070172610585049,1.111118808918548,2.049532207454676,0.5324383768367319,0.9499040420955418,0.1414251944664184,Attack
0.8467438843422004,4.1412642932122,0.9393980310014358,0.10015769743818054,0.2498277746602981,1.114888031564795,0.3637819899274441,0.25761160942265676,1.1933880935125223,1.2014677577062762,Benign
5.57055926545125,0.1753033645859729,0.739733890566574,0.21560018956522747,0.982532680700524,0.6335962428139789,0.44284461012222465,1.2649058883007762,1.4120893362669165,0.2760154024635316,Attack
0.29332109918669547,0.2280368615923022,0.457864546805664,1.494555831342216,0.19008483121386124,0.02223961454152925,3.5512762673131575,0.5070843421940469,0.0026149939691105313,1.973870004371938,Benign
0.12449531484751929,1.7876334513789798,0.8355096660973274,0.9768361996612624,1.9222048688320343,0.4567358451151822,0.015929133498517527,0.46217122825275775,0.2980160281602074,0.8644578191904239,Benign
1.367019654792262,1.7330057631633133,1.11077332243136,0.3434630432419947,1.978035845889272,2.4547759957006328,0.057251887783651194,2.109738434753834,1.011080998281043,0.6488625776378727,Attack
2.6986382321724656,0.17345578328939476,0.9015081877913407,0.8542174116908496,0.09377357750828938,0.6955933699051733,0.29155557119973063,0.29741732027447315,1.3556487142040623,0.7662135128192913,Attack
0.6005832851125934,3.668391439175172,0.1368923149134135,0.055866798394098235,2.691345833055745,0.2229238136071223,1.0637663203426577,2.224489337738213,0.5941295093821277,0.4122659039255153,Benign
0.27088718863347366,0.11424204200326094,0.22526665807844873,0.8178431951617499,0.7182671908856908,0.4499767470059696,0.38754263725898147,0.0487946788445522,1.4184346195085855,0.15001764397617504,Benign
2.925156559673555,0.05768287828678698,1.0079910364406044,0.21473734491158175,0.11720241910521985,0.12598886517588873,0.9930356439129133,1.9788208248859682,3.3555259477941175,2.453399430358081,Attack
1.16515734366591,4.313065121008532,2.243054694797433,1.8533268276361983,1.2192850392338797,1.1252185135500141,0.9816825477512793,1.7808677666606596,0.08139467161489868,0.1248083849065092,Attack
1.7902860160000544,1.1288873619389748,0.3812362422189339,1.2096755649239725,0.601002520506704,0.06228262766363554,0.5578851994886214,0.7445765468597517,1.0434081035850835,2.1989522362578247,Attack
0.011358247524269734,0.9338943703340657,0.06953576885952849,0.3400298617525175,0.38508400172072565,4.164465370717572,0.6955060432731908,0.34979707397856497,0.2884498778866469,0.0314199105125961,Benign
0.4229209599915885,0.38246899478042645,0.4798140722330378,0.5658151898390243,0.5624145404359119,0.23105191369556394,0.15556149488764895,0.32356226160333046,3.156335691821785,1.627606012558617,Benign
0.37798179306516333,1.4067704325310986,0.14040019805293485,0.4051381642358798,1.9090070695136887,0.2914075321846672,1.4404775921295796,0.8590935769927601,0.5614397320816878,1.0211123603573158,Benign
3.051877948582725,0.9034272219078286,0.9284211308111999,1.382478959073669,0.43662791924665345,0.7903224982958297,0.33383220483312387,0.5174913640151442,1.2503020317191096,0.5447947371499061,Attack
0.00840929479000452,0.027401064537895987,2.932647305761596,0.6822035015502037,1.0327351992178604,1.7893193193892631,0.6756775515749182,0.18586286350306014,1.3867732776388044,1.0149214648721305,Attack
1.7092787416133353,3.0276561955622947,0.06834622700630892,0.02752671231329913,4.05698019877074,1.525264917314739,2.7515672568900276,0.11609975973280369,1.481212288968284,2.79353302916079,Benign
4.427903568481047,1.8408489973446553,2.0926581827780737,1.2704050822968946,0.1576289105401029,1.0926031771451326,0.6129083828519707,0.4680546262456717,0.5469234245933943,0.1655589129005932,Attack
1.4088595573355138,0.05094533829648682,1.9139577421791305,0.05770482337650102,0.4643485365623802,0.6216222656031593,1.6544581670980942,1.3540742155422696,3.256057024672083,0.28525230548729696,Attack
0.34818273399679184,0.22609428312780033,0.3014353850452656,1.690846275767173,0.634186523639446,1.4345005273089424,0.3285600721879494,0.14349025707478633,0.7645872233359875,0.18499978574075862,Benign
0.9166160761206125,0.4409392966674861,0.47941428651405327,1.62198449004751,0.7246322808859978,0.12644508793357143,0.42984277584294167,0.5530774661850857,0.8695192002472583,4.037595813268399,Attack
0.06890709658189316,1.074795575061207,1.891627601225209,0.12412992576898155,2.122802805213382,0.37630163017604745,0.025046289396129122,2.0466146156961225,1.3776901683865295,0.2542706295874686,Attack
0.6182559244184369,0.274243704147257,1.0489215931831875,0.7880308822532864,0.20728629649902688,0.6347564043947633,1.6944313171868244,0.21576857144247497,0.5348294860601652,0.4429830376750946,Benign
2.4892335680880557,0.028271866421282543,1.6237054689282877,0.2399145954252568,0.04012384954623725,0.4391942151788624,0.6037278268273345,2.4197137384666143,0.18011285264991453,3.822723043660366,Attack
1.2433230397655402,0.10100167421570337,1.7844263478773594,0.7017211362594478,3.2292034469611406,0.12806254335379574,2.426228698864211,0.0749858652758519,0.3815309980745685,0.19696398410185373,Attack
2.8386034746990556,0.8493591663798609,0.719693906425709,0.2724647470805605,0.05054704410057226,1.2251426647457953,1.0121811310547173,7.19630204864441,0.4594503320015571,1.1783785492415628,Attack
0.44216444813452893,0.8236986103332552,1.0491847610439304,0.8604603255349267,1.272301205019659,2.560252810417978,0.5693338175665174,0.19010474031644964,0.7741940620465156,1.0578651845548095,Benign
0.2838532088826763,0.49491240894208394,1.23920384922495,0.8649090879952276,1.2145532410577649,0.11224447612008737,0.8758544426173759,0.9150784553239443,1.401471482836994,0.46763195733498186,Attack
0.38260936195192075,1.0856392261301944,1.2349792240577102,1.935918141729461,1.126291334449004,0.9634632290339701,0.2644849023614195,0.1844224006904888,1.217673810836909,1.471723727540908,Benign
0.05089021671218281,0.22681767801830244,0.6769402243788092,0.9092582277453507,0.14565998866956373,1.7598742094536495,1.7332185452008413,0.5225484268820764,1.879077627631433,0.7915207063193739,Benign
0.3823094690983185,0.09004957442643462,0.4502406784286594,0.6267444318991128,0.774711188520347,1.5402370282616724,0.26420376022464537,0.18307336013221823,0.5903926289769482,0.49469213542217355,Benign
0.3022000213922111,0.8088367817096747,0.2205228084006033,1.852544580412966,1.12000499113113,0.7232459877944629,0.0041671973918832525,0.9082845665981687,1.359920570538937,1.2192078899943806,Benign
0.341156554873084,0.39043976580403306,0.8122961202534963,0.4953424365702194,1.2025981584075784,2.0582942153580093,0.9501352311364921,0.3808257384387534,0.20374309332786927,0.20843813610473308,Attack
0.6215705208862616,3.3833306252874866,0.131717561425691,0.6088948290010423,0.2831448687369883,1.185153276898264,1.37912002293281,0.005440597495414336,2.335700132220056,0.6859141683391401,Benign
1.772546566814583,0.14907495140664426,2.5031555783276795,0.7662704260007768,0.13384829948559734,0.6065870125634021,3.554846770707637,0.4906905678451538,0.10402987262217794,3.911766890003618,Attack
2.898110856000035,0.8456372293005315,0.6814501259349871,0.9344531627549285,0.5306928050056499,0.8392423130506524,2.624902907779359,0.9333305443013454,0.28734171823287963,0.013383150896511651,Attack
0.779756801107736,1.1569573314943562,2.453349368525297,0.4354238702393252,1.0187153732633907,0.3634275221691238,0.7674274372650005,1.5133864704061983,1.2088302021769612,0.6115745565662689,Attack
0.9578323725769016,0.9767934850725163,0.31714379506425744,0.2793568995781617,1.3385974117039503,1.8893724657038973,1.1971408521036062,4.238535853586125,1.379784988020557,0.26214066247060014,Benign
2.848267191174786,1.3366109284111525,0.2834217171054679,0.5439110872927039,0.3735523067838652,0.06837839721073073,3.1467970796890046,0.27034214506506665,0.6790883251531779,0.08015412407818386,Attack
0.5520565228542672,0.807619358111679,1.0896688418170308,1.7891088511357354,0.09634189617148768,0.015369058736690394,0.7581922250470232,0.44832444908449026,2.8938653423965763,1.1218631895949438,Attack
0.23020336676294456,0.20739658950107953,2.091295543802072,0.0681023487365264,1.333600713687378,2.820327214454755,0.42182309537333185,1.4903529255978984,2.3701584799784485,1.5182951795375033,Attack
0.7286761298364243,0.9182385675193765,1.6343426165913855,1.7389140443229165,0.8175393818063665,0.15362716055697692,4.027157633146353,0.2660404869690832,0.15997715844950144,0.8467815892602908,Attack
0.0549724122856492,0.6642669652237533,1.3624747679752807,0.9491814947816788,3.3565640913239783,2.1545016098490004,1.819757199895609,1.7271768459231647,1.0738672884623943,0.29804320016615715,Benign
0.04030894693941319,4.395562518082286,0.9098456985053232,1.2226875849086192,2.146995348038208,1.4936040265696624,1.2496948062451754,0.06280960834763415,0.5594459505182412,0.6367997960308224,Attack
1.783351465594453,0.0005952339838386533,0.3909265961772938,0.9864639834483377,0.9507871400769015,0.1391475340087716,0.14848257243893984,0.537419658027102,1.1852016607864913,2.087030583894092,Attack
0.14384518719390685,0.04208649624130766,2.098292789328996,0.5031961138169732,4.903425852531567,1.4757395982413366,1.8698459530452742,0.7522558835949622,0.046283324520556154,0.12887688504389808,Attack
0.9550795666323443,1.0803882411511578,0.16288065690403775,0.07916711338171745,0.14827702172598067,0.231429656935981,5.205302358128962,1.0090700013482916,1.4676901533988143,1.543291764398527,Benign
2.1303375085411833,0.7102905077963875,0.3943060099902363,1.4841168047195987,2.960191039936532,1.5772513378996367,0.2615311403479197,0.33065890539224135,0.3188997446773158,1.2792012477016947,Attack
0.8026749509711044,2.9164580523774664,0.29456543970250254,3.486405882526604,0.20553301240976132,0.000773959472186755,1.6428504731010372,1.951700341908351,0.7699338011853468,0.3282063334164388,Benign
0.030547725275373274,1.4237500948326383,0.2506375330354497,0.47778653815966615,1.2248174715325806,0.2096346800716571,0.01609710944708391,0.19885867784575345,1.5659291077879467,0.479904254599829,Benign
1.891741881783305,0.1270479835442036,0.8128172384329542,0.18350290429605925,0.3389545343793483,0.23851892746858763,1.4128492682971314,2.3457090558450355,0.35255219524484754,3.4590171745241323,Attack
0.03580919307110188,3.8136841058351156,2.1106005519270443,0.8676672065528948,2.159913666352396,0.5464772179811246,0.7493953537098582,2.412768952527455,0.11661678784777126,2.201127580643634,Benign
0.39720352357460204,0.750286572484651,0.34751790366367163,1.8464514951079498,1.129888694405167,0.6330181423498877,2.6790438093165956,1.0196504618254634,1.2492948202066074,2.6899950444075764,Benign
1.5728414521536134,2.6422393364454617,0.10746757347973018,0.694043620792935,1.1370009326507833,1.1955339531874618,0.5439775209806825,2.4091645061238562,0.9019602757866165,0.7935966231717528,Attack
1.6248830539545296,0.1638495584528517,0.2667898522100481,0.5537751677940641,0.7264060234854807,1.2010252450691628,1.135887405685377,0.694702470197085,0.5550964989848236,0.23784219949905366,Benign
0.7053146621442948,0.38555853980691607,0.2005981857159557,0.043441948240199715,0.8793640051376348,1.9406008003566386,1.6610191026050138,1.4331426452146456,0.8248872469277425,2.0558826190254815,Benign
0.13500299056310555,0.09297102311562276,0.08557934925791823,0.581959721349811,0.1343809037053495,0.7250255349631746,0.6222239014195928,1.0062325705916482,0.8487324885267873,1.020634988665676,Benign
0.2784391774140538,0.41831710458464544,1.4897075278037868,0.8952516614547203,0.616591523416853,2.634036245767603,0.17431221878590103,2.6615694332299826,0.00597159909596815,0.3443068194798096,Attack
0.0833748207235923,1.8694439709295319,0.17395307763490894,0.05008150897958463,2.7277827066488265,1.775868745112904,1.282612921831508,0.9519774692850251,1.1362552306127658,1.2619730229551402,Benign
0.5440545467617645,3.4422536367384393,1.2033089995510862,0.4748009971506666,1.19077918372386,3.4005082471616994,0.2676759061641821,0.05041227493674263,0.9542941085232237,0.24574675951115782,Attack
1.4945771702872994,1.5788876601061845,1.4393999815827425,0.282371238200411,1.984201511217049,2.1646939981095406,2.746257861429813,1.3512301675735043,1.5548081365914384,0.04241918244816217,Attack
3.2782449132556377,0.5486307000488853,1.2099369814797232,0.6511206669138037,0.4379901776388072,3.158682939321724,0.4850703327134431,0.32578904172880163,0.7339102348740741,0.08890180471652792,Attack
0.07651113596474972,0.7349154868162994,0.9361035231065152,1.8841062606350623,0.6260369680066489,0.8377281432416643,2.1958354292559163,2.2935726117094295,0.24608084275695596,0.8589899403564843,Benign
0.6959400446283741,0.6286721075703314,0.5458011324900129,0.19419432880233914,2.2151851454418443,0.20909141417385435,0.3211145362900245,0.06475593832600453,0.6398036813262759,1.6674793309622808,Benign
0.030299514433024064,0.04984925978654908,0.9579556102834615,0.1491561523151202,0.3424148858488195,0.5677931051689686,0.41094437061051775,0.17081804944906764,0.019439126008875405,1.4717265218682334,Benign
1.2438111860187469,1.0810218876053936,0.1107872897409734,0.0872758818176375,0.1199166977733091,3.3214400185492465,0.12439584609392909,1.2286245125687998,0.8539207661124332,2.820905316528252,Benign
2.3412114251798775,0.3128238902695162,0.4150295266126082,0.7762424319317048,4.352469968588955,5.413527675663358,0.2482569632894314,0.29141281357349885,3.212490186310027,0.908415210579124,Attack
0.08690093466418038,0.584417911634643,0.05725278399607031,1.5970783988714798,0.17025361426159016,1.7097939799091795,2.4284155510349774,1.4494604352917833,1.2850239762726865,0.41314256356497525,Benign
1.188831333929808,0.9398692323752622,1.4920611334107519,0.010889367557481875,0.8426955390898686,0.06983409188710774,0.7484657016134236,0.43090790381574984,0.4247085246244573,1.0247637806634002,Attack
0.44409883646290577,1.309926351050314,1.0082125585672783,0.1110317010000793,0.8696973819662338,0.07879374299083494,0.8363561276175712,0.9724161611753175,1.8483908515959357,0.435450025049569,Benign
0.43478296783030856,1.3686602676053983,1.06332885920949,2.050965036172775,0.7017658495295306,0.2827874832702151,0.26026946605725587,0.35763739158221003,2.046943922738968,1.346864136359893,Benign
0.43082015806887836,1.8379400344136962,0.19055485715766585,2.6324926188569155,0.11007495397853252,2.169656434205826,0.28847294580028743,1.366782976264917,0.09880122222577668,0.3895256562728632,Benign
0.19577949649664475,2.338219743601499,0.2192479031410557,0.478154305453421,0.08526717871910389,0.7532623453955124,4.877032121852596,0.3773138153616423,4.5724160865973476,0.9401853107504087,Benign
0.412649416115482,1.2854609887337773,0.047540999614819064,1.4555175439361765,0.7983801521295347,0.5562525380470312,1.2459277045681112,0.4030475635666458,1.2127806309103861,2.0360594628146216,Benign
0.1873754424410486,0.47569366659144663,1.4717899570352204,0.11174564678208924,0.2608673619558474,0.4880971835260069,0.29184976323766515,0.6044457977254213,1.381696309660445,1.5615450383382385,Benign
3.2413483661390448,0.42779084878584567,0.26677890907452473,0.20477217992337748,0.4874401189742805,0.5562497934441818,2.0485073237615152,0.5202225694694274,0.1426993724788563,0.306984443134828,Attack
0.012720277788676546,1.3779946664417564,0.2567462041082636,0.012829811164209998,0.2410611610410314,0.7904184410318033,0.44696655697248544,0.9459390622130871,0.5653901173889075,0.42836612060835527,Benign
0.7972406492161236,1.5322986198089048,0.10326458158820145,0.40898692738133446,0.19827673522854627,1.8849792902837552,0.41750025539483504,0.8844198554700102,0.34230845782709474,0.18366390666131355,Benign
0.17454056031586354,0.7258899619959486,0.2881014199537744,0.6801704936160075,1.1095513251566613,0.5292285175063121,0.30330136393937956,0.8000882711938024,0.281651678155778,1.4542572440120551,Benign
0.2479635550885464,0.8996550286298836,1.2855740153524307,5.972635236987156,0.5997161576609793,1.9183878156658964,0.36424604856546383,0.01334846386401431,0.025303767928632603,0.5979463296182851,Attack
0.7169662971995592,0.5357732767312002,0.30692223886821846,0.8663722339360789,0.1486007565980389,2.2446422685000216,0.21202341731885654,2.3177370308226974,1.1522440086351813,0.6705064878836331,Benign
0.03722698456887852,1.0898872057759073,1.0147152495989016,0.0728885531844916,2.8166993485446774,0.5228978341968457,0.013786986159959403,0.7735195276426077,1.0712135391909365,1.8622913641727632,Attack
1.4703999210280938,1.0403295697942208,0.35091648277263704,0.008381646547015299,0.3166830798072239,0.43214579022652744,0.4409469099963983,1.1418011663157244,3.939782662269793,0.2589301527724893,Attack
6.994216965184905,2.1504722699105643,0.1242656405670895,2.0225399952579393,0.3758628813139962,1.171115474075252,0.9997224552660361,2.3233042698155706,1.5710980256394764,0.6861450427255164,Attack
0.5591604091831045,0.34748580463089007,0.6113987407177127,1.023766932695947,0.20744122381525626,0.11212699647513673,0.7431728049246583,2.5227649937737433,0.4799463361403848,0.6034891680076943,Benign
0.1263721561956126,0.3406894982975556,1.372445979455814,2.4196591157289835,0.5861295228432651,0.05360253582562937,0.17035014949400212,0.06757663220757214,0.7622723953072292,3.334111116303873,Benign
0.47576274711827404,0.9399853317960845,0.04923632216011559,0.4814438789435699,0.590661408570449,0.45923898082358666,0.03326435119694839,1.214041090812081,3.206638038581243,0.948173005441669,Benign
0.7116975917668186,0.30686722490297585,1.4536242295238324,0.9493821604863552,1.706148954665395,1.5220346146326533,1.441283528737462,0.17973974400334403,2.2214444787834986,0.42406948953071266,Attack
0.2800340523434079,2.1522449349445036,0.37827992691455553,0.43059312810985967,1.5435596788828725,0.12104003668570162,1.9479710281247025,0.20532774728772818,1.3078894517801327,0.8173765795447664,Benign
0.18377406931868878,0.7556903892924431,0.8467714229987242,1.3304501851509005,3.1327610011038747,1.190928537882432,0.11287605374653084,0.6838346837260754,0.3312309937415312,2.08869281630057,Benign
0.30207821119465295,1.8324450801932388,0.36499384923002276,0.3020941156810517,1.2842264652410087,1.5773490687331113,0.3961261188869703,0.8316087515421927,0.2615738178876415,1.6638008569924416,Benign
0.9865447159355836,0.44302188763314526,1.5854212827289837,1.7326653269531584,0.13669520204436109,0.8791112959741998,0.8464401639157166,0.2538600052172031,1.045810378763985,0.3979240180503465,Attack
1.7571516812473573,1.195090565115206,2.0443165857723304,0.9492011400544499,1.7173406002313996,0.11921623811877756,0.2933008959362187,0.554202797407012,0.017072463119529483,3.502697538091362,Attack
0.8830598308951888,1.9978819283602984,0.1127674775189265,0.4983734857765231,2.129120837701599,0.388287396061024,0.14528846065524398,0.9497436538700748,0.6617817957976492,0.18502556243240303,Benign
1.747891935422564,1.1269336405659096,4.122701521154943,0.3207369401484592,1.516538235908562,1.9127846031164386,1.689240306387332,0.9013917771984717,1.7883446256985156,0.5752601229237367,Attack
0.5155500017880333,0.3264033791603742,1.2272047423579613,5.6862726927445575,0.862545090250514,0.5020009844797862,0.03727699112525636,0.44652775074341483,0.3249259226984467,1.759392225495489,Benign
0.8792315220148247,0.16063712162384663,1.0022527702743316,0.8349130525090084,0.034364720544869255,0.09941352459702557,1.7811688906540943,0.0833448375526634,0.14678498126326517,0.8789613760018244,Benign
2.2840760842567542,0.30420962877378244,0.7478697621107087,1.148040857006212,0.37827226031165184,1.4693594976126971,1.7106665448605882,0.839163678376305,3.167545025808408,0.15007618743157444,Attack
1.5009453481856974,0.3317612509041025,2.024411317053224,0.7568966016554121,0.9895023486433214,0.09039742812867028,1.0675789468924002,0.19849357984538074,1.7319374693464622,1.000106620568192,Attack
0.26722188786315426,0.7686110423821398,1.6289362128529699,0.6558572380099847,2.2754219689217132,0.6487588805136011,0.009856973112073205,1.109777171674805,0.29828769503097385,1.5025473365848143,Attack
0.4615319250670295,2.474488265072437,0.3187082467378923,1.3514325781354983,1.2534763865390988,0.31878102308301853,1.344283349492865,0.09494464382651364,0.43027941667252645,1.8780676957329674,Benign
0.10849047487661977,1.0893889533772223,0.07833899341821948,0.44443654807235033,1.1582287560804208,0.16430882818012812,1.025232679211519,0.048234777947114525,0.011392189539721386,0.412381403976707,Benign
0.009460167024129697,0.7270695085652377,0.47322592403431346,0.26619945869598904,0.38038000112396725,0.36905254556742584,0.07748816235413718,0.17886173938855643,0.2701512284153649,0.5281577679242179,Benign
1.396768975463849,1.810910860681836,0.5945082280977967,0.3688684259540782,0.3957337145203089,1.0216588615047066,0.24484608190608595,2.1703297836762103,2.0368396550979133,3.936761611432873,Attack
0.26522816534868804,1.6724468811245417,4.8713684098845595,0.6736380148043606,0.7508798558885714,0.006637993331256904,3.3230649109667,0.5890689513421039,7.060991187193888,0.07502900109573565,Attack
1.3016470933639934,0.06847381019633818,0.4884584566046148,0.9221650812193755,1.1225402351682554,0.2681826683218811,0.5434834541777493,0.7950481628872558,0.7561743554037943,0.5412380239273761,Attack
0.10118992565764749,1.7964019057806788,0.09671917925386954,2.157848621025323,4.192813145215866,0.1793290817615999,0.626460430008722,0.09694103984462762,1.2390537399006376,0.552511413398864,Benign
1.6225071223976488,0.1841934825168779,0.30611353625935706,1.43680690363729,0.08957753176859903,0.40497291109833883,0.7343702159974044,0.44707438047802217,1.1622900817931772,0.5063193458230877,Benign
0.5459721488438791,1.4929108173112127,3.0743329715402523,0.0374691759183575,1.7248488197307128,1.2757860154411749,2.207166101366885,0.20469974478421504,1.3093157005855955,0.5098758154667855,Attack
0.81569840711316,0.19359479409954214,0.49976041257007064,1.9067777160515538,1.7499986458903232,0.5354447503303852,1.775100905037845,1.467217296046602,0.7901445320935313,1.5365424071436833,Benign
1.9299222705282193,0.039646190382278554,0.6085992238340275,0.2390636733197415,0.5431791977207111,0.7598035403151704,0.3893324110955089,1.665119191656505,0.017276155067517847,1.728076205337095,Benign
1.6986174446480795,0.5821398906731283,0.35373905737864686,3.4791746922441282,0.201613813327108,0.07655785664752,0.4400573231629626,0.5058407589251196,1.506584478643016,0.3561241832077476,Benign
1.3531741265094066,0.18857626856593768,0.2704226970291314,0.4241476989781992,0.9353916697559033,0.9649650165657193,0.8407873065432652,0.6608054582447812,2.7139996564740994,0.5398897354779483,Benign
0.038561283256486535,0.31428847405349236,0.43088102159303127,0.06624142092614772,0.9601068896514188,1.0527153061043033,0.9693795338563364,0.7803018701448733,0.1486728112729337,0.8635970471208961,Benign
0.2558995547462206,2.7447816353149808,0.28626094733866375,0.0879898091656394,0.5917916076931679,0.19132730354066088,2.969574419879982,1.4377604063708345,2.3097116552265033,1.8544745603102495,Benign
0.11862959593142546,0.5991794552974119,0.04497342314887737,0.6356855379079431,1.598046153474103,1.9088927392680939,0.2366282285516147,0.9046888758187484,0.003049050659436534,0.4276946787076291,Benign
0.6270272282849696,1.417356297688542,0.11821332043443092,0.7491839865115544,0.002997562786074391,1.424484141084503,1.35592765161581,0.29288079836615505,0.7977872668892668,1.6942350021427197,Benign
0.3998835208961845,0.2690960161628631,0.5165325402660788,1.7460912120184253,2.7036795406876912,4.356021886173918,0.018238875951085372,0.15446981084986644,0.5279828992516342,0.8466730883092681,Benign
0.28835413346332617,1.092470908402231,0.35051044225263817,0.7823741731974623,0.04977168883532185,1.0151753790937992,0.9331220221698159,0.8566258630673842,1.3730094179022279,0.37190855371191606,Benign
0.6867824231281519,0.8535831745662256,2.9173630396647425,1.096620572804931,1.3557370943359943,0.4392908419555959,0.8965007287745175,0.7882885158189257,1.9147401853749753,0.31382219761106744,Attack
0.42279400227033764,0.06748436063311399,0.5955191727920551,4.0310675873113135,1.400712818374995,0.5476339783623022,0.05861264190457369,0.2751317821664425,0.3169799276998044,2.37919546606229,Benign
0.022554331761671133,0.6859816432844744,0.20004672534765153,0.22418093675126957,5.658420646155664,0.2519866234799003,1.7615786052441749,2.441621460778277,0.7972530902018778,6.059383406838995,Benign
0.5648179419458705,0.4031470274368067,0.2816858995802172,0.47131172367676966,0.9706880616942266,1.1326760086943308,0.5384621687455953,2.2413529124557,0.024310059340168482,1.155634649448815,Benign
1.341353071375936,1.9103373615531447,1.20838639970739,1.7735673368136795,0.28237218045973533,0.5489991357552627,0.8537808225668221,0.6677994495185445,0.21312127285649443,0.89271750401363,Attack
3.9504335058114846,0.802741072063641,0.21548821946751742,0.4698749650525211,0.6613364182507965,0.1132747757142482,0.24368940221679833,1.8100996743157822,0.3174986911434524,4.17567645069402,Attack
0.9491892580884284,1.866493025718497,0.6669526511357364,4.733784256216636,0.254306264053245,0.2992931612532248,0.6103328816760681,0.17404739171087916,0.4135714499774166,0.311630602992569,Benign
0.7200425391566185,0.19927956542313133,0.7937318221910031,0.3557505634779501,0.0900033087966669,0.701407286217318,1.2865046350317157,1.5083353274994595,0.4222654183142846,1.1308740947516835,Benign
0.20122340056442345,0.42046075562974966,0.5640932731199556,0.9934859271997737,2.183165541120815,1.6122785050966761,1.2522323094496906,1.4164438569996523,1.4641987737300375,0.20222631045005443,Benign
1.6014149130100936,0.41522318587505946,0.12256107717623352,1.118896123805653,0.9958523588299782,2.1650789645990463,0.6126890910347523,0.35271060532769016,1.978370410839579,0.10877239867356929,Attack
0.19069884030341178,0.8033375770579604,0.003761093637216117,0.6234371306680144,1.124319782073272,0.4161280714799355,1.736071698951438,0.10391603913106606,0.3663109740673839,0.6397441297391421,Benign
1.1877650480710944,0.11001367432037924,2.0842705914213546,0.514782420995165,2.779400971052551,0.610949640455426,0.9823145305302194,1.5452885743583091,0.31199093205095885,1.0542307434208322,Attack
0.8200467047111839,0.09731369617439035,1.6803799539283393,0.05047064387998356,1.7449506038314497,0.2711975120868193,1.3869114577968082,1.0857554327056473,2.7487232692873405,0.8022721377236207,Attack
1.6005039318268346,1.2721627658237207,0.1995696354027935,0.9721335808086332,0.533706798672019,0.7195267959134292,0.26933142309105407,0.06718559569842661,0.35920921240809356,1.1630107465415647,Benign
0.15359611307199827,0.24435813291271874,2.5692404466372714,4.879800868265412,0.43450101543651665,0.2240016410392002,0.29527746425157353,1.3859072028914914,0.02169715257353276,1.2053723710965518,Attack
0.9415952686210286,0.07026195781457184,2.6467542210885275,0.6042598468007205,0.3822963900826982,0.3541642149607555,0.9641978058100794,3.2137892475536485,1.2076578794245132,0.4992803422057176,Attack
0.932161515138638,0.24996757032439296,2.4162602033209133,4.622384425495263,0.8258335035668016,0.3296138676089699,0.1812545197764806,5.098210900794453,2.2690702604468957,2.615646260413145,Attack
0.007662087103644451,0.7879958782631996,1.143229028426695,2.3595558941076002,1.791227473583144,0.2278502025525782,1.4966683665649299,0.6720144515643414,2.5376641954273818,0.2536553531305943,Attack
1.828565979457732,0.025560295500844998,1.138803666724087,4.804643038432495,2.5007429555530747,0.005305078029275462,3.3203995295479136,0.9754040524250611,0.1933238143223633,0.2604648043989395,Attack
0.8375350194786658,0.2768245238211311,2.3908535821883246,1.2896051317031438,2.8009524048641614,1.0062518927712223,1.4435719039710995,0.3457287502980506,0.3615842227849477,0.37453138297864635,Attack
0.17144383615039738,0.17421872097298963,1.2904364348288961,0.16516205249641977,0.32954118564833346,1.1234177020510154,0.11720598334174481,0.5250431297235171,0.05725621304612904,0.9103766060816475,Benign
0.03872007410106234,7.185053057082648e-05,0.8898937359910998,1.69676641881877,0.07535424696938552,1.4436537486068783,1.2496341641093525,0.2719275166065579,0.40651461553400325,1.7549487394498346,Benign
4.184299162566478,1.436295339336034,0.9809152467784784,1.9606690252193406,0.9253350698137832,0.38515273466994654,1.1622889127669478,1.7151689711215352,0.02229141550368137,1.5091877238450626,Attack
1.9336553552901135,1.0630558030504098,2.220148732565706,1.916057447616507,1.2646583173646881,0.47455960874536884,0.019407724534812966,1.5699747407180964,0.26065995404212383,1.2342502633108505,Attack
2.0094420046502552,0.5119310238293706,0.1470843857759,0.38361611640551196,1.2583689525210617,0.3431303641543791,0.13915431468021872,0.27135277882808967,1.6128068929608403,0.39138272471496843,Attack
0.6067431818513951,0.3542750151189463,1.2419802824721469,1.1815884419284743,0.1618034924803574,0.31846203470166573,0.01689263386526619,0.9681059904443134,1.953812332817268,1.6752314273330489,Attack
0.9662618519814743,0.8977676568876075,4.08836410592674,0.085946003222324,0.30390478377050767,1.5858084059722086,1.4173697987948157,0.7843040945789804,0.4239516369749648,1.0716548196916533,Attack
1.2341190695043476,0.4167068063233064,1.1746781242047604,0.811752794271764,0.9316063157082987,0.49700513367906063,1.4001215906212452,0.8612154194814821,0.20974400888480196,0.6255411365548923,Attack
0.42651533890286586,0.0002490827666532869,1.4552573469666519,0.3012119487055067,0.39741005819204234,0.13590395332711697,0.44364977043870696,0.6735466121867455,0.9102735503486229,0.9143253990288889,Attack
1.0500472152159446,0.20315523363647273,1.0779724264739525,1.4224454527527246,0.3938367686744499,0.5243156652784332,1.8687709315995193,1.338156274437128,4.113039025200796,1.4844860626025038,Attack
0.015228609096825987,0.16254480435242652,1.3584638971719292,0.08957633299881218,0.13315153213873956,0.406650942347165,1.1314091803124051,1.2960451017071668,0.4377977385928553,0.428080263451931,Benign
0.022238006209810934,1.5494028791105303,0.11018691602357046,0.9006247726870354,0.38651397346761057,1.8757478142628266,0.23364943475040958,1.6692650279148353,0.3258119818335012,1.8369629026128822,Benign
0.5607414035806965,0.40987027332404125,0.016574439549413747,0.31712959265221363,0.10792894561336305,1.0981704494947073,0.9843160715500313,0.5862924342589753,0.2500213779638183,0.21230454707343568,Benign
4.285491288414001,1.6964847538498973,1.290208133317605,0.35042276398789,0.311056390969241,0.4490713512450254,2.761331617209417,0.8056670370109876,0.3771714399257135,0.05540568846941773,Attack
1.6104509000119394,1.150281917648474,1.0284438785217769,0.4707806027331073,0.5025145128063127,0.6127694383902954,1.8089885670434438,0.025070945939595694,0.1733987986872346,2.0023204646001425,Attack
0.3775425003323518,0.2816303572910727,0.6687579515758315,0.07307092823881049,0.6347614750851327,0.789850417139819,0.7117557573381477,0.284590992716582,0.8373957100163794,1.737992604954477,Benign
2.6460424875315747,0.0033020359610206494,0.9751370274412043,1.6472169050652636,0.08550640170763084,1.236223116034622,2.140601831000863,0.2705011198936233,1.3032054160391329,3.433864648793563,Attack
0.3722947610489635,0.0741211933403107,0.663303909659941,1.5888721606702219,0.10375675304461393,1.5274251891336454,3.245792755590584,4.325552962040941,2.227689328447932,1.774907682943938,Benign
0.1817126427783089,1.1336290694840996,0.2134110721044146,0.9880852464797293,0.31681809799409943,0.2248784546680805,3.617267996265924,0.8861358407161556,0.8091099577882092,1.0546737868027567,Benign
1.4455952647488022,0.2901095387301307,1.2494427964049521,1.9536778979027083,0.25559960981684116,1.2816333257760602,0.5878985104797959,0.7241932209017724,0.37275676943871716,0.42023129841015305,Attack
0.2572797997312801,0.18570633573539333,1.2097179406906846,0.6752794662364737,0.055460317384433966,0.4457510104332363,0.9197492105708536,0.40511135223023953,2.882816595131869,1.6448464329841335,Benign
2.2276774433058932,1.3837470487596517,0.6929764842590631,0.9987113561809614,1.0541169952244958,0.511225212809731,0.37501972379650267,0.26132285746089284,1.8284263350082124,0.4512290487585379,Attack
0.3903067961647856,1.035238262503727,0.1495895805791886,0.42599926143759004,0.9598852722911856,1.9869738993319217,0.007718398309941129,1.4290656123910503,0.3075948021744514,1.9972476149977618,Benign
0.24637110416039407,1.0990803198110624,1.171414447531811,1.1353262834172195,1.0648496414381876,1.4298618619982895,1.568811257734554,1.1815744074915522,0.792502843164645,0.45930791005335087,Benign
0.5647401498561458,0.06044967669539474,0.3882906173254775,0.8832336996691221,1.034024286402565,1.7527122490736982,0.1176111674287729,2.0828147431827695,0.506177589119076,0.38509142007794434,Benign
0.8710817602485511,3.0338609805270362,0.4730291858963496,1.0124899163489371,2.4105634279933645,0.04074884005265289,0.6014159351363851,0.5195162721312117,1.2234816906881443,1.9902039146859052,Benign
0.9149009034053698,3.6417602656769685,2.698478407334696,0.9643213591014828,0.6587498266701266,0.3025700844310741,0.020586018590726188,0.832876826079743,1.8787525007780337,0.1608237220827377,Attack
0.6093703935361046,0.06981171843746146,1.8283531145622636,1.3785980716305826,0.07789095763870145,0.004313500165768691,0.22847928592247035,2.2025890390509892,2.8864849320687638,0.40921041805649183,Attack
1.208222756917358,1.376982185545855,0.7488486976315483,0.32264133131109846,0.1869951598541654,0.7662761723989484,0.6447329981647261,0.16288707192536978,2.1430189323957243,0.04493586403854555,Attack
0.02754219193768174,0.12238626906952794,1.4934387188357159,0.14330195169415427,0.08427150902333713,0.012410958769793442,0.008510837353837,0.5569688811418962,0.30285244820029794,2.1131001694676415,Attack
0.29409618545848276,0.580156091652799,2.1809098024234563,0.7369231631548232,1.1040784767622882,2.8927719800268985,0.9470001932341696,0.26661631089304244,0.1331311034717005,0.052804986909004384,Attack
0.10143524666106184,1.0854312304036797,0.5509719581859402,0.12422707774226349,0.34993403808772866,0.6123684666662814,0.4873226261650356,0.7226660131505704,0.0758777872386137,3.1834158142396247,Benign
1.7486703952164842,0.9819256194012623,1.4738622076303605,3.99362261791011,0.5114533262948354,0.060918077143770594,0.5768503895220324,0.6637381392081596,1.4070003304839063,0.0458410751978472,Attack
2.461066004378382,1.240526976988633,1.4713072199029822,0.7778888585342653,0.1973700195934608,0.40950836506501326,0.13753892122192046,1.1879621676076888,0.7949678228722822,0.9460773818279763,Attack
0.7148413053035014,2.517066927160516,1.0918561788057033,3.0775159779476016,0.026422657748068457,1.0332435788279617,0.000576318770272579,0.3226749326215713,1.3029084588274609,2.8485077524991547,Attack
1.5430619359146112,5.080407458078471,1.3469054746583995,2.205040985603006,1.2381020355277745,3.983519617409219,2.53019399093538,1.1546517347543026,1.084536552019229,0.36274192626582674,Attack
0.6917058492265148,0.38542469828964837,0.26917565700488155,0.9907312115743229,0.17957292801100272,1.5172964005838776,1.6152470448246252,0.7660646514005864,0.068267524317839,2.197064449772372,Benign
0.03300432682063184,0.8499223361959467,0.15550105361576533,0.07131740549404879,0.7350877355758477,0.10992823738376158,2.4778753605265447,3.0457600679583767,1.9670588538138236,1.2008278313937903,Benign
0.13795110805236313,3.0915343039697714,0.25116457992975466,0.3321137058294079,0.928138326888283,0.5762128264650804,1.5611865445832247,1.3496644964341753,1.2160642486198328,3.0612470174319526,Benign
1.7552546205321515,0.27649249330205344,2.203786465923956,1.6006836714005623,0.08906692022811674,2.6006588951049783,0.7568338021713032,1.071847268973456,0.14442849925384244,3.552793777125407,Attack
0.41612151550164156,0.7815004289014256,0.9261223737327295,0.8855980025786376,0.297926962203625,0.05808741169797591,1.2372462556808348,0.13175046330974338,0.4707003413603481,1.670812151941474,Attack
0.7171255258761965,0.24924995773810374,0.3036738451184565,0.7703572829510648,1.1962325650810977,0.47351436623896875,4.348488741536579,0.983584413174207,1.3247846953793403,1.562229781082089,Benign
1.3552354112711902,0.211868668708765,1.1605516011593517,2.465004973167302,1.982485652749621,0.07865024565326288,0.24889706944878343,0.033090305089877425,1.9187196079779585,0.34374508760311556,Attack
0.5674390978408691,2.1823358982031476,0.5402447781521083,0.6921423053963162,0.3375535966934393,1.6560904947024602,1.6267249365028844,0.9244848884805021,0.125285067595039,0.29738010912324375,Benign
0.13471292509612448,1.9716449814912647,1.1041805329758452,1.1956657525176404,4.215498648846257,1.0504336689563227,0.037546596725314095,0.8172453771286299,0.9622262522539816,1.6606785646903692,Attack
1.297901437256472,0.26428103609374715,0.47327844646485384,0.11444525988134549,0.10077584092558876,0.7534700111165787,0.530974032990513,0.17677166727521818,0.43332536589469955,0.7892712415847559,Benign
0.3489247973011935,1.0729533254200871,2.323157118917116,3.69994664222105,0.10374195974592935,2.721096176139196,0.28266044428797743,2.2330907901362846,1.9151179028392356,2.2363655741540738,Attack
3.3895249119991013,1.0464560771090479,0.14154757690447878,0.04077110760183363,1.351740606816085,0.7367970151616476,0.0838479743735097,0.33566815104589187,2.5590342527141536,0.04012633502430391,Attack
1.9540465533048998,0.5738839971302844,0.8080084596429001,0.6266554068830168,1.4394120570171338,1.9181282482141015,0.1425723436223963,0.6489319725264558,1.701738869994407,0.8788592314051019,Benign
1.1219067892106693,0.8761311447626444,0.5422920235219413,0.9098943695691535,0.35922124285689905,1.5056452463910677,1.6126854829672317,0.15937836925489127,1.023638647976772,0.1951219070773368,Attack
1.2446357841422246,0.48554555177409175,4.275654054377066,0.831929168728193,0.032290644626567826,0.6746674184055931,1.5428189576770095,0.21855292271297028,0.6310755042205602,0.05312421669080627,Attack
1.0230931189278711,0.2662514040783686,0.06287744711269706,1.7009998691643022,3.428304355027239,6.461544351503825,0.22561507067011002,1.6666632077523715,0.7761637015687578,0.24325103282980137,Benign
1.1746882878767477,1.6453100434438404,1.4422081734057184,0.20847710235024686,2.0557887972110493,0.5579864426332626,0.08544383834055772,0.003830591191237299,0.17377968070430805,0.5942112183188297,Attack
1.4259969533882488,0.15167509194110926,2.682187164882482,0.027497670699186096,1.323039186153366,2.8404997038332236,4.748365315005497,0.7838024113525373,0.6496201079385109,1.571468155283897,Attack
1.4260662391593137,0.35662052314520815,0.7180102621365372,0.4651082387093359,1.4237942060605733,0.3904061067389255,3.768711608064848,3.7045580282918142,0.0891634303553249,0.12661284728679292,Attack
1.325409902070514,0.14095308022684613,2.1789144521327155,0.7944198992729012,0.4250768009076222,0.1812965478996158,0.6025498822633693,0.8458890829514277,0.8345196283453885,1.4670906447159873,Attack
0.15924637628815821,0.8460620499814473,0.13215340821592195,0.3913973305737407,0.3548458263212782,0.2440665344962435,0.16836527176832694,0.010325954209278782,1.8834089183164564,0.6601425341800151,Benign
0.09631158150192734,0.2553097408439135,0.6764874889045347,0.005658177511891285,1.1752881859010151,0.09732913365102476,1.7278774709557727,2.142266644807144,2.9605843074049756,1.78364146004307,Benign
0.17274723656573138,1.8584826463647883,0.7740103181467197,1.266889956313818,0.14698959111601254,0.16759674566256133,0.6248421443002249,0.9682042255336362,0.617609307640822,0.574381246111727,Benign
0.41892307618643754,0.19694474641166584,3.031617303393298,0.39056038976580904,0.5438843083277697,0.1362290277482407,1.0205333064022484,0.02533983956638195,0.6726970616677752,0.18007166152509305,Attack
2.17341507228006,0.897010375306349,0.7026535476526364,1.5978769764093677,1.019890897346465,0.9065970899291866,2.3033478598614763,0.007129430222823532,3.212387542156706,0.5208309393932972,Attack
1.9836447382220617,0.4420358615960557,0.515344730519003,0.3100443955008953,0.5265113846728314,0.5441366062511356,0.05582082652893814,0.1776110967188657,0.04547833403175125,1.9052194195226835,Benign
0.49922493468859475,0.45534185981113584,2.167366930580197,0.7261035649593381,4.634408824110996,1.5115213744955998,0.1543106430598097,0.004020410557319676,0.18246468155949155,1.7987087133406257,Attack
1.0999408314322898,0.138514934177587,3.4528663339000225,0.48744664844523083,0.25908719510584854,0.9075067376021466,1.4091397755517918,0.3601656737322471,0.93065761317084,0.9823235576012211,Attack
1.0278499123150204,0.1633055404289529,0.3664526286623292,0.8750157301392623,0.34604151970102365,0.08673350088581014,0.5729377403363165,2.111506008392784,0.42843936684759115,0.3847537273527719,Benign
0.0039002902860739833,0.10472406591639065,0.4321606907935567,0.3068627635055064,0.8630142612496847,2.0388881038307822,1.7191540323641037,0.5714112752905247,0.20770927243276788,1.047993996079868,Benign
0.24783842440222678,0.1117990621849132,0.8902363749131355,0.25701991673526076,0.029126355009197424,0.5788715024702016,1.7605185317620071,0.40946089209285264,0.5360790671684805,0.13090840695911754,Benign
0.07016465571907346,0.2925470111667177,0.2456490703860172,0.14084137241743186,1.7935359667605701,0.11336440448326403,1.126974829339909,0.2520685104724122,1.756210025253786,0.4963341624048288,Benign
0.532782651076802,2.5241449186846996,1.4269984699685687,0.15305489948562537,1.035782256443652,0.0846971680993638,0.8678053420248043,0.393592243930067,0.2284141567325697,0.27503823623593804,Attack
0.4687533334715344,1.3073376577691298,0.8645649272118648,0.6846366111105019,2.288074263059079,0.7839431826935319,4.6420355655146235,0.01045935194407,0.08525343129064726,1.1648918681052782,Attack
0.30503530906339166,0.6468701998333735,0.0667562619382445,0.21944511610440812,1.2945543151526582,0.18098058297334552,0.8711381989067569,1.8117822884716868,1.1213254897660987,0.578523131545608,Benign
0.006412628928075277,1.5891098621376571,0.08613063008906958,0.38289293920441986,0.5185090773768395,0.7509992003113108,0.24907740804546705,3.359050180323064,0.869536206064522,1.4699504312996794,Benign
3.2327425046349343,0.2505473325955622,0.8374742201624664,0.37588811808637307,0.9560537253879648,0.04209560525117028,0.02171950846322197,0.5960542176332129,0.22918436928184624,0.32096980656041285,Attack
0.03298719267343439,1.3139627653374246,2.64981708318201,0.731266876822653,0.9758591127847287,0.5720398994931816,0.5565498594279582,0.595963566458621,0.2427574160011604,0.5182925097511004,Attack
0.3506256104832955,1.3939458351977008,0.9932369925105812,0.6592173983298234,0.1611106066262117,0.7410433331027757,0.015336669788590938,0.7096334481565221,0.27009315879255624,0.22899695076773793,Benign
0.3663789277847981,0.2289144623659561,0.32014164476380075,0.34881939421481406,1.3558743513709004,0.204562798027991,0.9053730803651374,1.6596223823507963,1.1261215332921972,2.6905894321235913,Benign
0.7528185889214978,4.637662831101425,0.33364258769289074,0.6176558343739197,2.63914806764855,0.03619725645200689,0.14320923086301657,0.029819681773675905,3.3176106211326597,0.9059685727991431,Benign
0.013673352729176021,0.062424710647863334,0.49781287837118743,0.9139814696064584,0.3715840659809992,0.8353613394817291,0.8770148886621748,1.6900797130595533,0.6073495111491698,0.050036536758251225,Benign
0.13097110486483277,0.40244397178098795,0.7592389724690541,1.0331651838096008,2.115918677037031,1.530301153681117,0.27863950214294825,2.267913043436083,2.578619568425424,0.1019781339636908,Benign
1.3238964168107785,0.1730185301545186,2.3745620987090885,0.5369563897034646,0.43978753937705806,0.25111191838629526,0.7320382659846728,0.5508340039407099,0.6337902763429265,1.724275003638278,Attack
0.1447198291193605,0.32136844889046845,0.591418142099178,0.7009814144379402,0.25442625318850726,0.5014981993777095,1.3509193219469453,8.693559072752725,0.014565232751292642,3.1401197575170947,Benign
0.32185484042283885,0.6314105234957337,1.1343387167918129,1.4590645912740121,6.116113650271013,2.8977342637950976,0.15116245346932355,0.17643914879051356,0.9199683563054106,0.208038850323043,Benign
1.364442038396844,3.155172812696284,0.21704268152849582,0.14492602692901252,0.4527869207707482,1.110293329442434,3.309858276640727,0.2442340441757339,0.7106813220492343,2.064865362716775,Benign
1.1039860659163099,1.7806937217118568,0.9148331951112141,0.11755903984051315,1.0747842422973257,0.20295016446803962,2.9039936278914884,0.8149907732862715,0.19033583970090953,1.4304555014648532,Benign
1.4427752351740901,1.460189034278609,1.0862624352417536,1.510964218372289,1.7482972704773823,1.5378924832096434,1.7803163236642834,0.07621159952856009,0.10182173276835478,2.29102057944268,Attack
1.4100130000871833,1.4403676051929573,0.5843295569127398,0.14380155589583848,2.0170001984676578,1.3033450184074358,1.9639011264099586,2.2316391668119855,0.5200987692993392,3.523961600248912,Benign
0.32382057103811646,0.5261769685037134,1.4917375399326787,1.059490610299687,0.17332213081381131,0.15409043553615934,1.4928803844832255,0.5782974588092911,0.7416046881432518,0.08825009710222798,Attack
3.0465860648375513,0.0762546452931335,0.18786253354465066,0.09388712672218086,0.18847689214787605,0.13352721753891464,0.23174810707725615,1.0256762861021484,0.3620568329253554,0.45099049288416837,Attack
0.04156644975396937,1.0315479330689379,2.428464651114228,1.4180430698023023,0.3248316744278463,0.9055039667124617,1.3711886765006007,1.2556244442210416,1.6529636165524388,0.06462489888874487,Attack
1.6434537291209643,0.6372013118030245,0.24448686191419017,1.483469148354133,0.9524166398030689,4.7099666775568005,0.6431066385253287,3.353791042287165,0.4208424022009771,0.06469137273029836,Attack
2.1802268162894545,1.670399280252194,3.058070420907015,0.7524135586690986,1.201597470976168,0.04766592599913653,3.8488863286458073,0.07479356114084619,1.184824833496158,0.1203431898997617,Attack
3.7235258164307643,2.8437777021204993,0.12641701549902482,0.1376658232506803,0.27536991505211056,2.67802051415963,0.2765861655718561,0.8964281817821944,0.9506495738346137,0.0195233774444576,Attack
0.17953869161406774,0.8231105369182853,0.2791516982286554,0.24690611417984126,0.04036390285081841,0.3273737785182957,0.4441974648499774,0.037204234229589614,0.8388444612290055,0.5957977186198091,Benign
0.14298401888684872,1.0236344392837986,1.5193867445226796,0.7411330977681239,0.20464922221807402,1.0234404774712231,1.0475353863215924,0.1049169854546635,0.17414058665732277,0.017394198300832928,Attack
0.14331717229520477,0.21648154170501113,0.5446705390207375,3.172336354480199,0.2493839939005257,0.7532840959156355,1.5295827913991844,0.00325340175526899,1.9130901065692565,0.3295662106804468,Benign
0.8465386879594384,2.1012575890616905,0.19253015421649605,0.4164364279053277,0.06849042483301496,1.0472822488364548,0.7293675526806178,0.7351492351630625,0.6136621658329567,0.1497389051125016,Attack
0.20789493001082726,1.6430276446429521,0.7520138139236284,1.8276278902951155,0.4535463859140161,2.3329570545689076,0.7007750723452288,0.47165586119970815,0.4275206804421249,1.051977498257661,Benign
0.02119526215017306,1.0562113330151497,0.07285229130419993,1.2606546866093407,3.0700672389867503,0.375170420185766,0.6676459092600648,2.5051340962462536,0.16293575839947652,3.8383046064458197,Benign
2.1029705289037075,0.37623971382828975,0.7545956489911596,0.7039682259393826,1.861999660348817,0.5570343763551544,0.9430558240330668,0.13622185957687244,1.1753759636517032,0.3196752381889279,Attack
0.6670944641592046,0.804211692950303,0.0284361707967342,0.29043008851442675,2.1955196673113355,0.508059671973913,0.8166019870534811,0.08401416921000301,4.254352384698626,2.9239554736577724,Benign
0.6868399587347256,0.029023425134064907,1.7654911151772625,0.497786370956192,0.2924435232490929,0.7096422354778027,2.957230045244354,0.4105342643578208,0.20960399026423918,2.0558736156799426,Attack
0.6807008295006989,0.4503240048978511,0.6781551456069288,0.40417041230326056,0.6059385669874399,1.3753576576276048,0.20999501505115512,0.4053385911058977,1.4035729944331798,0.46585431199590166,Benign
1.3383840508214293,0.12865048384586467,0.6955513742140811,0.06356423438919184,0.74201703383272,0.07127279443381783,0.5035691822589043,1.0894554969658068,0.7062210429386867,1.0366935217215165,Attack
0.5646114081428038,0.06393188471620515,2.697109779795959,0.047862479640310845,0.6886537597122913,1.6296237176665438,0.16930559428961522,2.0336494325574996,0.30552791124447193,0.05503300071646077,Attack
0.00685557143710605,0.13474048657740956,1.53017298298151,0.605482953047207,0.7112632349052137,0.5778068248976747,0.7680088393404486,0.14711466968266898,0.20757923539102163,1.6580298476705062,Attack
0.25239643783751875,0.1729413353781825,1.5638242324017961,1.226755826732162,1.5370993405275493,0.07789012073999924,0.11610347333522349,0.8734144038243237,0.6440640892850757,0.43683835264399795,Benign
1.0347963311971802,2.079914698172152,1.0419389563659354,2.7377377059792813,0.2825280001925842,0.21141537859346518,0.15337029631706275,1.4719526953717479,2.240757876126688,1.0502514340459046,Attack
0.058927224578391016,0.24469636135233144,0.02429849845976788,3.5086230640137073,0.3948532860108899,0.10062539191281043,0.9678158807594414,0.2540261903922297,2.8106551500536168,0.9697140911577768,Benign
1.0863272174751815,0.7580733379578347,0.15427161846453002,0.07851768867124197,0.4961578969681962,2.4763756873076472,0.010443693146296455,3.7603497062876157,0.8876737826498875,0.2706673073589961,Benign
1.1386341996143168,0.31309669606222074,0.09538004353043977,0.4760492735967425,0.26676279888278975,2.891923804187005,0.3021834975858949,0.3180158053627039,0.37502356918439217,0.9640627894172079,Benign
0.841625944058019,2.1711863047334896,1.206898803783968,0.08140423391779175,2.5415836661147946,0.07113346789082396,0.15598488792975632,0.14708005338285293,1.8500141518006248,1.65707047378117,Attack
1.4058361986000991,3.6995253782841706,0.1308352478639453,0.01260338691474786,0.08752435520362062,0.24330790490744797,0.990519245744974,1.1044305064926603,0.016283341551446347,1.527356931930549,Benign
1.2853669479433967,0.27994079850475073,2.4205648336988994,1.5423816487865831,0.31890808675585947,0.067514658745124,0.5276061646686291,0.7738203647943076,0.12301219147673137,0.4921327412094934,Attack
1.747117518105009,0.7063785572537647,1.6524209586611034,0.366236196126883,1.7813635391614682,0.36423530398038695,1.7034498078894877,0.8476234200188592,0.09913257754654581,0.4290382878111054,Attack
1.486039691214751,0.2421513054944838,1.5325687853537584,0.10128375009210143,0.09905260996502124,0.5654822249509852,0.9805798194091124,1.6914742087450987,1.268447592616574,1.144040844373457,Attack
1.0539683506859259,0.3098348373999589,1.6786257975324619,0.39257327795998664,0.615372126341377,1.5623138018378584,0.20283732946901414,0.40035821606852556,0.3323964240549079,6.11892783890808,Attack
1.2266895303239536,0.3211938655210939,0.1940185259537684,0.25737010102323055,1.4997451984353403,0.4383535205590121,0.22771295115646958,1.6787377546732845,0.6641860815694114,1.4161815736588377,Benign
1.554909280503511,0.6729191542238573,1.8826133920922994,0.29091621429523373,0.033242673537041204,0.4411601865046871,0.4977816467883521,0.9929259347889494,0.7293002320800439,2.1188434446559343,Attack
2.5889885177605216,0.8707707745605499,1.8692697523944894,2.8054158284659896,0.9087235044294368,0.47601089123158896,1.6008313954264433,1.9035217529404858,2.1635724144011816,0.09685856041893315,Attack
0.6824124298974306,0.5691303203308333,1.4340646731337097,0.6794547879904075,2.852999103060034,2.17540127408229,0.01003940858647271,1.06399862249723,0.5843384937372019,0.3230283559969716,Attack
1.4461681466014331,0.5031008597152076,0.5449436548592296,0.5910033913519807,1.4332203660378355,0.6342167203813847,0.051007039176713884,1.4723324288570772,1.0155927493472827,0.14324733680585183,Attack
0.3663998170939493,0.6829103030866368,1.5086787538879003,0.26783678602706484,2.854103534889591,0.256641041281832,0.21570803165744698,2.6911398825956043,2.278429133510707,0.2749112655249678,Attack
0.9003583666581915,1.4801191179623998,0.022387821033704715,0.6463841234801823,1.3280811971086264,3.289777862175843,1.079849856468998,0.17103078064738317,0.0057526034291634515,0.14158279961980016,Benign
1.5179396942590486,0.8486006098421308,0.7092149534352996,1.8056705699045348,0.7396735664976852,0.08382504993543545,0.6739938888516201,2.359328938757686,0.11433959509154382,7.776430668536634,Attack
1.8565586389910835,0.188576042649289,0.1446110943811342,1.6809447214972615,4.028874147266327,0.006238502110056623,0.9208066752687808,0.6475263647012726,0.3447122869955186,0.2500617631735351,Attack
0.12443868543993142,0.4212168926501734,1.8596872659009394,0.09643592384164261,2.4896796351656767,1.0394852180517689,0.06147532543806287,1.3279730245569419,0.3889373204060437,0.47617714319398374,Attack
0.9286789025128623,0.8474628447359059,3.4672231528091513,1.4050724630612343,0.6657391535862663,0.5160080111102691,0.36141848202329024,0.025833392908077825,1.7449871991172068,0.38481108042918727,Attack
1.1302611109727116,0.6593367354056558,1.3873921275764836,0.45763014683093345,2.0014911947328513,0.6012938941221808,0.062237854108664115,0.3552556715834837,0.7078480281776401,2.0410920193209487,Attack
0.5736318575718726,0.04585724310172776,0.6422454023880863,0.7788686159733674,0.6524701821146515,5.3026436260579946,0.49185827039019003,1.4192188464477709,1.228681148270621,0.3841638211825214,Benign
0.0595434583737948,1.122706572350952,1.311566205382726,1.0452601097568133,0.810809564563962,1.8376658592758601,0.49736944619803236,0.2683622970827415,0.5950037813734246,2.274594964536621,Benign
0.9411183876843535,0.1928967242552528,0.19650666691034588,0.7935495985550782,0.5392143502408376,0.12330424707643899,1.0901876715669858,1.8951742677257564,0.2977732440920796,0.7858401727227743,Benign
0.0447630191188133,0.29347461156573323,5.50089383681937,1.377889049851383,0.11854678730039511,1.5348557492198405,1.1061772414297286,0.7065655285734127,0.6421528005633919,0.5086437624503362,Attack
0.09243585719346555,1.7427060627524809,0.985269240178268,0.30682976351357927,0.03221884126222558,0.039237154385168956,0.05720894029405991,0.5273045245993276,1.3885886939793872,0.3367809163568445,Attack
1.235761858178309,0.004924467763255992,0.39919415840163686,2.789604856917208,0.6910401502466594,0.5617907698076613,2.136345763120458,0.2639600324203862,0.07246935174782333,0.9898246664378503,Attack
1.2807827233753986,0.7944913262614647,0.30435224109483766,0.8637696929489032,0.9298903566049259,0.5468455633786565,0.08519671607168287,2.07099762791416,2.644981281933677,2.390696614360918,Benign
0.8631754937169055,0.2208048137033063,0.7653660858714404,0.26692800007117856,1.1141128832690324,0.2854822064039537,1.4704629283839754,0.31010133008313634,0.24693519835741606,0.5223537796526754,Benign
0.8034349138688672,2.2656108255850276,0.2894328389995149,2.197560530137957,1.1280881475142546,0.9574242634646786,1.5681781599665483,0.2921760159015341,0.417234104093187,0.022480925516291047,Benign
1.3067520210940236,0.1024050605247289,1.8918099978008578,0.8553812855194588,1.4213356651506122,0.5548953049925098,1.0219397298581874,0.0032779923921428286,0.04889637844276397,1.0504153547492825,Attack
0.9042103170600633,0.6853026838372731,2.251435113978726,0.1570190632028838,1.1248180465359512,0.593307827510596,1.311269890881438,0.7276254760583157,1.2264789055551164,0.526741071308152,Attack
0.7282859289446794,1.1441331924070137,0.2607745737450012,0.664819090426762,1.7940132059426688,0.7725591570156483,0.07757817626316203,0.321022949493881,2.360959700121065,0.34283243779548145,Attack
0.8264376124024317,1.1837249329098196,1.1219296412556183,1.2944857297696302,0.9703968216248712,0.5980339069562365,0.02610280084363999,0.722611418279712,0.5587938650691592,0.4939055986965675,Attack
1.011874186126128,0.251201256424891,0.17123384213455303,0.6023871381064395,0.36507664802268264,0.7768107706131733,0.7381163059080041,0.7826254332627698,0.6034803124023748,0.16819419327603452,Benign
1.4764955883753836,0.05392320903195001,1.895275674774559,1.6275091007882565,1.476765477721338,1.2808703854282637,2.0791641102072056,2.3077252370177224,0.5096520151237811,3.610158428484245,Attack
0.5809320668941125,0.19501373792986085,2.5180910005574604,0.2221510268494294,0.09918245860733857,2.7162159723331643,0.052125284857630405,1.5317338117221575,4.680597692720965,1.1683607871720516,Attack
1.2640005386784257,0.9087646662894571,0.49504571492406896,0.2771031141599941,4.304035167319868,2.025274774061148,0.85711892399254,0.10543534751780337,0.04395353267037533,0.3266389532624848,Benign
0.23335061820250613,3.9163173015564015,1.3619195297541928,0.11798148009788349,2.4384378892835334,1.013086995421141,0.5185857861825828,0.25785198998197123,1.7916048033779441,1.0768428133440313,Attack
0.1898887389214531,1.815580544909591,3.887370210297051,0.2005348924604846,0.6061896614375774,0.202349625410375,2.290512642373458,0.1857204678326426,0.20000552681901762,2.3254438972083173,Attack
0.4716964956941943,2.6349707687874115,0.06427770544476383,1.3469771941402637,1.2224871684846474,0.27707697017590505,0.06870144697867356,0.010280086746833448,1.8027260113943364,2.555302782456419,Benign
0.8204155469082604,0.43216687714414453,0.06925299399059208,0.6717009549647667,2.9699504666562353,1.966952768105166,0.7922073117198617,0.10205786952248463,0.9238772947394566,0.10396015360141804,Benign
2.1450503774065197,1.7716555385551787,1.745773711324999,0.006496790222754163,0.21298829613495354,1.775144176916273,0.759654923094609,0.9748004629598961,0.39659154448249617,1.4569540649909245,Attack
0.8233819374396757,1.086145447882422,0.53578234823036,0.3072365848512165,0.01632673037542795,0.06751361809948436,0.1695707974497288,0.04258737829869905,1.5232778332907357,1.2861310477872447,Benign
0.33652570274933424,0.8576569215419818,0.7750376330838008,2.166951264320403,0.11978757183200799,3.083461439196933,0.01750461889731506,1.3094010389801294,0.10227175523518209,1.498244375065169,Benign
0.22593611677022124,0.3811256824063572,2.3679264472201353,1.333105329266389,0.9994538933839686,1.1854303247797708,0.6451170711977942,0.2537308311655398,2.745176179949287,2.3086802866338503,Attack
1.813559227739073,0.6150713443978393,1.1433335110809284,0.12258702085215406,0.42450997626558784,0.3045754729024971,0.9799388694511548,0.056412786770954314,0.48039519282082366,0.35600385908487775,Attack
0.24286699833536035,1.0528685319062019,0.34681553557264766,1.777369077319796,0.15561086608074248,0.04981755905690482,0.3373169768922221,0.10511626723823017,0.19032115014181164,2.6102174318279676,Benign
0.1446899300276049,0.0880102781447051,0.4790598632056074,0.21297031316428922,2.48332127257891,2.35265197132572,2.357587921151864,1.7057748646916544,0.37759482722270776,0.41430946731319945,Benign
1.0017594017074378,0.17713694162477223,0.3743532899423722,0.22064074103639178,0.8682454045604915,1.2814775016389912,0.3496702525974791,0.043155829604195964,0.4444352284889338,0.47111386853781967,Benign
5.36674804169908,0.49306966764857985,0.16878879160994986,0.28653057830920625,1.1971216447439654,0.9849724769510633,1.6232161178297457,0.4681835568034661,1.69361406456476,0.632018722135452,Attack
2.010429512805622,2.5361818866454318,4.429682569058629,0.2727339509505079,0.08708963772592901,0.15151545973855246,5.183492379549622,0.39401002264881635,0.1045171689492467,0.40396169528326187,Attack
0.5581866622051189,6.308948726635409,0.6349035673740957,0.5845432057147768,0.8847813772793122,0.2222728083907418,0.40543939180717,2.8183383029461138,1.1508023652073542,0.4437888995916823,Benign
1.394852614252863,0.10567914548216674,1.6845789387260797,0.9490491383860649,2.6152875551603287,0.0369749748690071,0.6060617818682735,0.6129327846810441,4.21687487270049,2.5377415541291777,Attack
1.221309183852118,0.6219789266332384,0.580357880674625,1.0145610117813038,0.32670918173372493,0.7663276623990489,1.2907503625521148,0.8285968567182874,0.8120013375054356,0.46635145291230723,Benign
0.32849456065281574,0.339816965966584,1.2620858138369733,1.0089792276387501,0.27510907809820373,1.0928352816025826,0.8661512293235994,0.013521578184977413,0.38425531116716616,0.5730328131390832,Benign
0.4448770504052939,3.177718949932774,0.4160752927054693,0.8867911145485721,1.2243168615029822,2.1057028720725,0.6314716317954664,0.05256759511543154,0.6258208727130877,1.7910315439151738,Benign
0.06144107687164355,1.4237015653890837,0.6793129347984675,0.869676737111516,0.09882795746474522,0.3388695816171452,0.21874921591674573,0.23743442724070024,1.9380482788498812,0.44697745446003795,Benign
1.536069369179586,3.014265116623642,0.3669576460652237,0.6602275807689256,2.6352427583821196,2.0428172040634793,0.5466861633450937,0.7570811519088607,2.055291826441756,1.176928041262138,Attack
0.09160973091275341,3.96132940372598,0.5063881519271431,0.2527352864195253,1.785305991586315,1.0949270408869536,1.1679659510606677,1.057956334826111,0.14114068917538947,0.2424865386910085,Benign
