dur,proto,service,state,spkts,dpkts,sbytes,dbytes,rate,sload,dload,label
2.4065090002881404,3.125059265862832,0.15758767244671193,2.8666136405196907,3.7436764049755906,2.691186041387167,1.7145373070298102,1.533933435648934,2.2426093332932346,2.0537971754682425,1.0211562274870265,attack
0.17629782909785363,1.1477858066151643,5.64048641212136,0.2128297472644091,2.0287281433241473,4.766428549313221,3.1788967843471037,3.526408125599192,3.2553061125009077,0.40911149760884635,4.200238774521679,attack
4.607752137920721,0.549873442656437,1.2323723100757298,1.8452689683784607,1.2448595394208368,0.9448817145594154,0.9644686789093162,2.8597942248155874,3.453407199283178,0.9680686576510785,3.437588092335331,normal
1.2403105318661864,0.5867354721696237,2.2022684475682923,1.7814955319526549,2.2636272615160395,2.236566881371559,2.0681049652386854,1.6272806741797063,3.3845579031747803,2.708413012903276,1.275931856859529,attack
1.2505774095444053,0.3720342121117311,0.43644882661620366,1.5387656531932687,3.091428720603548,0.8337609844741056,2.7956830027362134,2.0140148899743124,0.8810246545043998,1.832303190576046,1.778761385339031,attack
0.9150740633672702,2.666288753412824,3.3008590656416916,1.3690909814288883,0.6411332463378544,3.4113744550475387,0.40860817729887794,2.1450710365222845,0.8329111049117965,0.5912090873363184,1.1256219331642845,normal
1.7770003126604237,0.7146460198231148,0.500903055128676,0.28818756676354296,4.768982485289077,2.27178088776736,0.8866378855756217,2.3538457801133865,1.7637607729880231,2.8652736805659975,1.456737200972976,attack
3.226372520316935,1.0001107896241166,2.001657889869752,3.0880061260592466,2.075273647436026,5.763139308318613,2.827112603876648,2.325318208196368,1.2959132304316379,2.0335437938329393,3.8755988125933634,attack
1.1662555324618171,0.8072398788934071,1.1716834840424049,1.120930351572675,2.557932404884328,5.320514749408348,0.4291584985185601,1.8015118650871862,0.7175879431279588,2.2114431966611066,2.402523182183127,attack
1.1252161837769286,2.608159288353752,0.9750506304456008,0.9736526644139178,0.8502856643434153,1.182149455276794,1.670484424313391,1.53231562100925,1.9260089965952736,2.5147158970993058,1.9448882420040436,normal
4.707085671352679,1.7629901947927695,2.931969179885096,0.3711337416275449,1.9263031500477765,1.5187047240265836,1.4135863491916068,3.822688659498565,5.91242342091277,2.5335348145692556,0.28391189187338234,normal
1.077316948998753,0.4421908184033554,1.888675310514508,2.306040227088972,0.33779364469745893,4.2858793586677555,0.582621801061685,2.2289165585986703,4.223352207970259,1.9161526313794113,0.9231835649160895,normal
0.8766614040816145,1.9548110018392548,2.936134357614737,2.1723279065989183,0.8596505221481084,1.4902319894285443,0.7584826251458405,0.7508309324606836,0.7151106569960324,1.241228873402884,1.6148945476554275,normal
1.76272922059997,2.088651666378602,0.9034581461323201,1.6411819611416265,1.799073956093994,3.5951456738186027,0.3501772352419329,0.4625002884081959,2.4429337145236762,2.627196313044867,2.4502309341627866,attack
2.4319574481369677,0.38827616426526373,5.326914843797102,3.3219320097209604,0.39468161912410604,1.3403638062751047,1.2813660247938052,1.52606898970283,1.1542637877721005,0.6253649753353545,1.823239620885977,normal
3.754387546816766,1.1261050446473129,2.0764877748756967,1.560166174592623,2.431136428998976,1.4560786426238674,0.9941319273490368,1.177447212026098,3.6566065649982233,1.712585857725451,1.6708250252232808,attack
3.579579473625767,4.0325821812554805,0.153487625162646,0.4740958041755473,2.8935566871170737,1.772544958620824,4.04281329112715,0.3523291533172406,1.9660935205305483,2.520478947940567,1.297669535151828,attack
2.7793832207234677,2.932444342591659,1.5744586269077627,1.4933234852388946,3.131496286897345,1.9388202065763693,2.3996827994249035,1.9314462291223966,1.860776269763591,1.490514806124263,2.513025292893007,attack
0.8371859220585824,0.37092672660528286,1.6683531033760488,4.0839610415760825,1.940955822144421,1.3865227300902363,1.250207508055161,1.1850434631504316,0.06964088960426737,3.7106678227295986,1.0893184091841437,normal
1.691916766103877,1.3226626132205435,0.9429346724686877,3.8390622419650784,0.6519649432563617,2.5742479746526867,0.4314689241094158,1.5004324529921937,3.4836620720704143,1.1453279020461444,2.415859287407628,normal
1.103197924535729,1.2944978480468532,2.8178034806064978,2.4543450291436635,4.113675425953504,1.141453430540152,2.1390443733968363,1.7649136722947605,2.1822367750971186,3.3032216319534196,0.9825258376762602,attack
2.07795521766651,3.8091096447594337,1.7662611447071528,2.80318875135422,0.252060119034817,1.825989920496518,1.1956067277185696,2.4276596582673124,2.08769534873745,0.8454855679931278,0.48256097849482854,normal
5.45121758419234,2.208044325272164,2.1703334327197195,0.9597814445767138,1.326322827120656,3.836726725148889,1.7932134644841506,3.9250772331278156,2.213647050021043,3.3670280238559323,0.23041682730941696,attack
0.9158923298458854,1.7688170826624283,1.414016973110316,2.438514596169004,0.483328986310402,0.4929946132216324,2.374642570903546,3.269744972746627,1.3202695302065661,4.194530516822931,4.8499155782902506,normal
1.638864294995586,1.284056882183165,1.0608603919779789,0.9101910208096677,2.7061607260441196,0.8154402621988537,0.6931948925383157,0.8754441527267369,1.6509444421250838,1.7393197211558329,2.6053538493047856,attack
1.5379908482806748,0.4523696852143244,1.2387758211090147,1.682266437196025,1.0083326733630005,2.082524886671546,0.12948051894531212,1.5272493230035593,3.713504860471566,3.2071531659538586,1.8368833572433374,normal
1.7271299763295271,2.296695429436097,0.7005059818720625,3.03375327299073,4.1120439041051196,1.5209938807383443,1.8354940198354819,2.629778793507481,0.9321531260699095,4.199394575362539,5.370194947387053,attack
2.4309766529798504,4.420656128491517,0.6217836381387681,2.0332478457696452,0.2657072263080798,1.2390313414513643,1.26110273007528,1.023533438468666,0.6318234547571314,2.412497833304646,0.8722353432492707,normal
2.414281422054214,1.6033092459934348,2.119151612562448,1.105252779666217,1.5916584510872551,5.993507552422053,2.069288911512632,4.207368962321603,4.063337089139961,0.530301590449635,4.05544147530326,attack
1.5908695780989937,1.259772990990902,0.7203814067259211,0.5341120772356638,2.366128473237638,0.5154402461439559,2.436333812752755,0.16758243342028828,0.7749747077580482,1.4196899354860106,1.7350195697636883,normal
0.8119998334488362,0.5828419280449064,1.300502883671267,1.0441224479865088,1.1545518816789808,2.523010278675096,3.6371746945459145,1.2435232447933942,2.524771578763642,1.0705979178570173,1.0037857218841626,normal
1.2943556763003712,3.2830840557050855,0.40868834213337285,0.35258674593365,4.739565397432685,0.7904575979706454,1.4356131486379997,1.146835423496769,4.135842560256087,3.2607762298993,0.576922590121121,attack
1.7462929271953636,2.090714706303491,2.4744913388973475,0.23182467793244912,0.3516111433508828,2.599524250501669,0.5014155059135257,2.065423283886662,0.6069662201436022,0.3759957567760263,0.7662161368353714,normal
1.5563636980584812,1.9992047534561561,2.175335123098755,2.816386399521073,0.8054947963175727,2.707684262395917,1.6701402526635134,1.8684592882577438,6.355606105395972,2.4010202730737618,1.3452108217957723,normal
1.1774947624196404,1.5680051055289557,0.4304535710165211,2.0636439739955015,1.5535451713032127,1.8518174551005766,1.664322853694373,0.47674839276444986,2.4583195211420485,0.9834831244600534,3.0416767595079017,normal
2.6039039542747338,4.567418677444403,1.5641902852122964,2.8180011108968896,4.906603935613382,0.9129135997995815,3.293384269769047,2.3705609001268932,0.6783695459841564,1.4244354803762758,7.004046253481472,attack
3.172248783161737,2.2140801626853883,0.9345987993656132,0.17463378048343842,0.5077690974881609,1.611735111897414,1.6125660693705264,3.76638730923454,0.7546154137432403,0.6985388883531534,2.396368485114538,normal
1.1964949606530038,1.1855685022727904,3.5177100570516138,0.6608954638029614,3.1701148662581486,2.194559062204378,1.0996424014728987,1.5745776803587872,0.8258740862299857,1.382012549610124,4.730819243762333,attack
0.9060003199878963,0.3070167302326299,1.6106148338447033,4.194204736029473,1.8926453051379133,1.3159389074440833,1.2706273625666629,3.233122613695759,2.0678200534506654,2.3920149000871653,1.778893512904298,normal
2.8747863719763713,4.731002487449719,1.5902364108129872,2.0409907418466053,4.596866524974007,1.7754082701637053,3.2028048909514326,0.7773882525188063,0.8793805005647412,5.472152860709617,2.708348009102299,attack
1.437856002744696,1.049610914210538,1.273504321508848,0.5282119246653976,2.5525237343483513,2.3752895195886548,2.3363270715602478,3.9321461608709836,1.7015417426992374,2.1976131556751803,0.3232139138414852,attack
2.7269090405662504,2.4166975223677007,0.5936119623487992,1.4425947951452405,3.573051817423032,2.1485036017359813,0.9832646124696747,2.4213829769999817,5.136507318586045,0.4396827978282243,2.659846033201045,attack
2.0880376485822154,0.542423673377838,2.158998875045474,1.063375228995126,1.3263230979452036,2.4311771073255795,2.3637798521403166,2.3295897448041445,6.984040962485305,1.4908612147893916,0.6572644149385134,normal
2.6812015648246375,2.0782715074184943,1.1074164957633743,1.0461477978860003,4.106072206972053,0.2085363821930771,2.044079174634534,1.0125776432574178,2.254738627968697,0.8843422586679316,2.2935348142047984,attack
3.4325248743456727,1.1320099274398696,1.2733415868459168,2.2323237861379437,2.8436974247137,6.140207784787032,1.2954659438988667,1.272617607260708,0.700447338193117,0.14234967700467938,3.4537999831355948,attack
1.5455789963828057,0.6787285642512311,3.1005531344828126,2.6767534796839527,1.2606969759320017,2.106046701956872,0.7847288810757279,2.7731117336416578,1.082050748309319,3.72735700547279,2.4555454766992604,normal
0.5584009187073001,3.46062071374142,3.273765677551984,2.9798014265675503,3.0932478329491624,1.7098248650381485,2.0791984649983055,1.4719684034907778,0.3198216898726278,2.426964169465013,0.4343146103062364,attack
0.6986503485225123,1.034898637824814,1.7910905075692383,5.3600410258563285,1.0275276514193787,5.650156340318264,3.2099280463923883,2.2176777274720973,0.9337935519759909,1.8108830938611358,1.922003906166001,attack
2.74792827046439,0.9760248887103605,3.277735773999832,1.6588240830668763,2.42174846459483,1.5577947017102998,4.047878311455676,0.7378315532877587,2.123520980913147,0.5467464172492988,2.5632279986470654,attack
0.6841705450289973,1.4073836431328322,1.2797134528168386,6.573361828671309,0.957801271449184,3.2953066667654114,0.13419977362411203,1.7950497951432085,4.1674942366749566,0.34150459471775135,3.19730289178544,normal
1.5674358130770276,0.19723376934603676,3.5142698411207594,2.6508465715961007,0.8455552652355014,2.765063114972267,0.37156039165935095,1.0881572573656335,1.7610186982509466,1.6928158640902695,2.36925926192102,normal
6.467127951512179,2.020256743638258,2.0605470168093483,3.7362811747036027,1.6844383122443278,0.28237539776985837,1.874366344122388,0.24147380054397855,3.5006018572256488,1.745081972504422,2.3001276118492853,normal
0.7499685270069492,0.7840511021964395,2.6272856782800607,1.4049911803095931,0.9638409553425874,4.165991163480078,1.9105844100370293,1.0792849567115597,1.997339074794915,1.2416376751080158,2.471330784110885,attack
0.7102674472442471,3.53964096461268,1.2407463210788434,0.5283783486636586,0.593511667711343,1.4837373757126515,0.9694364913206068,0.4328675561036824,0.4581469491327008,1.7583995678108804,2.0807019718627497,normal
1.8510699606086294,4.084990915719356,2.2998897537783325,1.068722508266669,9.238620805624093,0.8151398983033412,0.38109034357205773,2.72627422662956,5.380550003950536,3.126148802991026,1.417694524851549,attack
0.8947096936147694,2.5941192484774493,1.4791287756957907,1.3557157334071066,4.306302909387925,0.29315663208223497,2.218245219467529,0.9511018128039682,1.7020254425717338,0.7925848843467583,1.4800760899845908,attack
7.278756422512713,2.9252866939441273,2.592444972818705,1.7377883708202346,1.62295689310059,1.8260469260132972,2.4062957712760333,2.963180369617613,5.811626825352777,1.4131680166349117,4.236574247697878,normal
5.853879714447184,3.120015777519616,1.6017741337560438,3.1342043976220544,0.4117607449433161,5.209031342629973,3.3260416751899733,1.5512864390258212,1.4642297409061091,0.5154951031365954,3.677288476165804,normal
1.4894373448475697,5.511969654233,0.4052459950177131,0.8063148945928171,0.7265817399496949,0.11980886613942153,2.733464195866318,0.6218169034216455,0.8094825808582784,0.657260132979467,1.2582491980263628,normal
4.7943040674328214,2.4064050894370754,1.9718231850153787,1.7052463591008036,1.1006877246620625,1.114272782771163,1.9004650184251786,4.444907146319979,1.0357201827864158,3.3979677690338073,0.6843090710764911,normal
2.7186971348108715,4.328177296560146,1.605545564015874,1.107459003916854,2.711419664438924,5.145699448065366,3.2942386156698733,5.614727451904539,1.7269713548324925,1.6468995201765229,0.45164866921605706,attack
1.0684211686830756,1.5545851610328985,1.6762072033715762,2.676381170594255,1.161743011589,1.2190679276633853,6.254351396808676,0.12683396134048353,0.18599899788235824,0.7857399894818744,0.1739194777347584,normal
0.22855236527390882,1.2822328842238275,2.162947681369512,1.2422271884696432,2.2583942491363382,2.9748525319838808,1.9854379313812154,2.2538747281848406,1.3727102380427894,1.1596479584164725,0.15408041360251304,attack
3.0816835563863667,1.9195075610110222,2.132459146162444,0.42870391934329705,0.8294101806003269,1.314562330388302,0.6174761718376298,1.9631741174024697,1.8634661373398995,1.7765253780678614,3.0496333008720935,normal
1.9973317476976749,4.093192007425832,2.047986790506251,0.9801001367298039,1.6527139775471515,0.0800181570079757,2.1507470758596217,0.8517935422387413,1.8306549796183955,0.9680936400545265,0.6179347707533555,normal
4.962947722143695,0.9526580695602831,0.8105512638360414,2.7553282530498953,1.2816530251092828,0.8931555285327277,2.8098650649990393,1.6149924781517466,3.07310646139705,4.190842973615964,1.2558429163831755,normal
2.649665150344261,4.3219659630888065,5.10129551041862,1.0523765390996638,3.3825425342379645,0.18922758750405988,2.0273995157557687,0.48820029952159144,1.2560788359853567,6.613785644015097,3.115556726066176,attack
0.49997634330309537,0.6664833012354204,3.613535305447475,3.5335949033143095,3.66209747825821,2.020360503571605,3.105864191409802,1.3040020057453523,1.258193083069713,1.938460461368041,0.8797175045596906,attack
0.7600469890293963,2.5328315899257268,2.6925422345499745,0.7767146383941644,1.0577187973765882,2.2843149178205406,2.1487651432790167,2.022099468276168,0.8108668383216457,7.200620068259182,1.1691179576774788,normal
2.3519394342094544,0.6152901137411172,1.6155974719861264,0.7605010071326395,1.1309155231614312,2.049717269365349,4.044930940566846,1.0359561503301937,1.977633382412497,2.33014175012715,2.77877866458326,normal
0.2675114740381531,3.0656806721995395,2.3491872553677267,2.0197969353602923,0.9345557141881957,2.15363040799134,5.963565409302407,3.746534428016568,1.251045481080739,1.9981265714578886,2.0437465534353487,normal
1.4012712223779573,0.5170319845616848,1.268089837472065,2.4733417424818356,1.2455397069581189,1.6149076561292939,4.077778686510086,1.6226392421028974,1.7024634523342546,1.8694839517236403,1.1565201575712256,normal
3.132922279162457,0.6171102161581907,1.1517446040200412,2.0057934405273605,1.3070193389498652,4.792943888283467,1.7150008799945635,1.6798758175756243,0.7748655234408912,1.3282644921166273,3.039611332048475,attack
0.9746532562019687,0.34421878675273754,1.5089236734941507,1.7755193939408775,1.2145037958155378,4.118714427211472,6.602932825473778,1.9961881460799944,1.3176727716090266,2.4742668626551674,4.137724343020937,attack
1.0380334565004044,2.930241086791189,1.507795680820335,3.595537416864103,0.7751735567869343,4.483513353832884,2.0441370288214165,2.4690548155485756,0.6692285855656196,0.6514907020449386,2.1953026543445677,attack
2.5226168804177362,1.4095309915287588,2.7096118456800973,0.6650103484414853,0.48161137385160896,1.8782515723888242,0.6423291470421889,0.35411242909334434,0.8302043870808828,2.461409802308861,2.013401194432918,normal
4.172963700277188,2.112629580526039,0.6891460480147229,2.5773633633223416,1.0144631015475134,1.3886060178949797,1.030340861401793,0.604439115669259,8.907690072199381,0.8881181032349661,0.30559719092699633,normal
2.79427798259611,0.2223561208962507,1.5170426289403827,3.0919162625612824,0.5327153418032669,1.7173261766434254,1.3442845640801844,0.8752001318251629,4.181056102944049,1.334976165535202,2.7548554496221884,normal
3.2750616620720554,1.4662734787239367,0.7024122175843857,3.3291154910017644,1.5194929491889893,1.6488561615036355,1.2688691805874315,3.2468888035433965,0.6261719733585231,1.6649570302661154,0.717676820559851,normal
1.2650956026864641,3.552642053147115,3.522563850569199,1.4228871504159117,2.1114302966005343,2.081967879228547,0.7203753624581292,2.506858926016912,0.7898351454484717,1.2059736207838363,0.3198328515340398,attack
2.8139501520294146,3.257838388313222,2.168215304422052,1.724708169808326,1.154939737974103,2.864292080543539,4.857414725695981,0.8880205989037634,1.4498118489769356,0.6817894580728269,1.731976892147552,normal
1.254321687857434,1.5325014076392405,2.890344595575875,3.4674293575443658,0.5887565300330775,2.0662263018489924,4.190696890391398,2.39936916922103,0.734265042351284,3.3631773447238174,2.5183641725214603,normal
2.34757130801048,1.4174587755647294,2.247095290518304,8.568466355565974,0.26350059889983213,1.195656061627401,1.29136696318246,0.10394870983167435,6.089808032440832,0.6814113624510085,0.6433158531724499,normal
0.4067753922201799,1.1848866978794752,2.3403938363658168,1.6336126878192292,0.7741816191193236,2.25018391546349,1.6488555796477264,3.865074874927756,0.9819413069382277,0.9065376243019345,2.9875586675402883,normal
0.6584797715405502,0.39361278980879816,1.6093497036389868,2.3943649740195636,0.363352567235676,3.216334662548192,0.32479037736423755,1.02698034469273,1.6430062191219466,4.118642813930204,4.28853871081368,normal
1.885196053900685,1.173832363542983,1.2333666795176657,5.699305480216256,3.655239088684273,2.1804843919970445,1.9295638521147522,1.799764622605324,0.24885099864723265,0.054469994158903884,1.3813440287537908,attack
0.58565070720499,1.9470311818554236,1.8401647895307698,0.3839877417800595,1.9761831428997687,2.0602099514534595,2.0181741626301286,0.9912501374276428,2.3136381416764835,2.423262259852861,2.298893614190943,normal
1.3290461385003667,4.497140553203821,3.8824324185022605,1.727825291645416,0.9169353861386789,0.8264279257721442,2.4602914861885097,0.504484953576425,2.587227411314425,0.43528291121505663,1.5177448753810883,normal
2.4475325143972735,0.8586517357861967,3.1742791326705007,1.2068682689393968,1.629913851951184,0.1959974567994489,0.42254956918529385,0.2162221438972833,2.775811005047582,1.160760547905784,3.3958213417886247,normal
0.12517130667728313,2.2386497736047417,0.19448955542288987,0.7726665205301643,1.4966444750106653,1.130455584305485,2.01886016207623,0.9853790078055296,1.3671924340632928,0.6505280007570734,2.5413269791707256,normal
1.7792980550026405,2.220532835124488,1.5890350455534283,2.870699227007172,1.001253501715532,1.7095642149137678,9.25579655746532,0.5495727500447974,3.5261351065072795,6.656856851335514,2.3794798421923473,normal
0.07312441925196006,0.5768318805434407,2.0366733291867174,1.6061699594100376,4.624816247578577,4.727400069489755,1.511772086093858,1.6020392381990383,1.0568026063539646,2.297483167170826,0.7342545429911538,attack
1.4639537861896765,0.7846336954003107,1.9340865808384045,3.372683087636754,0.4315121433508381,1.3875745558735968,4.121911339898147,4.975525448534427,1.0645289265763602,0.818592580602507,0.03851398388261026,normal
3.6318841695344237,3.470882434376456,1.7726115984543238,7.146658518675592,1.6053841965928137,3.7105840590773,1.1168125063042438,1.3411470872393803,2.0295810253173174,0.7932868593218918,3.0310851455900703,attack
1.8218129423500593,0.2612147471722063,3.7715096852223517,0.7334350621331225,0.801599874518515,1.3343555066092985,2.3437974036932094,2.12671447630105,4.648722016727891,2.0472855847594977,0.3920597258352781,normal
0.6439384002275194,0.35690214002430787,0.3500817727132881,1.2086513819008564,3.5849945799000227,1.8139119399148833,2.411270670927411,2.994969877532948,3.7655083503718076,0.8801436940222539,3.4162521257094243,attack
3.1028084455250218,1.1670864629193713,0.8303469803623568,1.448865750091872,4.557440128539802,3.720833595377009,1.1580863720370511,3.488877792000331,2.7006238439650834,2.3582039697505626,4.30791780493142,attack
2.1052266932187123,1.7285160359426426,0.20762358050776195,2.9770743995280315,0.7689576934653729,0.6610198400557046,1.7745450915325116,0.6473162073183619,2.236434665115012,1.9596980863513556,1.8318133875675247,normal
1.4493159006733112,2.9102538305221057,2.243124476362028,2.2148937504878345,0.8389769589626926,1.556579110246071,0.8268784737131928,1.5378619359837096,0.9420439210037017,1.5088696680054778,1.5569725719492966,normal
1.5088622005787904,2.956324880214742,2.4644135014593065,0.5053043431873061,1.3851754119348667,1.8289777652946397,0.9079147131499223,1.9622499388236345,1.0021595873285625,1.6360834811883538,0.7515251064578647,normal
1.5022919565601165,2.5089949321964427,2.7565447669305825,1.6604036818466963,5.879310858108082,2.1052074574963715,2.8140154905769386,3.867568493616464,0.922077969412228,2.4914672132323394,1.9463495742103092,attack
2.5550723351284375,3.251651965991195,0.794452008281077,5.719628026449899,1.7171247219202879,1.282656116468864,0.1375429358725113,3.695717206568383,3.0998861535516338,1.4226794190094554,0.2773132697321214,normal
1.7713965818976516,0.45122373396978027,3.443435443143952,1.3879500066103247,0.735317414546959,2.00087208051907,2.2174766007771503,2.4085048883777866,0.777779104796344,3.2333448133224114,1.41376602785207,normal
0.19385581607316718,1.5448864376702038,1.5295564754534645,1.5083270909159208,2.030532526752924,4.924951783926479,1.5799337208772122,1.7297853756367192,1.067271944128598,1.5770231439031732,2.445921090857642,attack
2.4868331259088503,4.068838530675375,0.2551253942116035,2.995085211867898,2.694293846911446,0.3929280030504299,4.010095273493647,0.48302595183710745,2.4937137078286917,0.2019908257342154,0.729621468050365,attack
2.5465627555488126,2.6222585549277095,1.4631055847248662,4.267607683012597,2.5055538038581826,3.29000698313117,1.5149098865348716,0.635048623911038,0.6287061908529339,1.2642976776440042,0.7600354513607447,attack
0.7138610745532867,0.3227298902002614,1.3321030331570771,0.3141892493890563,1.3099754561170007,0.23051307838001328,1.2120160925766725,2.444248210542021,0.7355169131494629,2.049947155536755,1.9512696084447283,normal
0.9317447147014859,0.2971439958620223,3.007382710356394,0.9254064538713191,4.650786302103736,2.9025871527228273,2.5625324263624374,0.4738945260192251,2.574357292830246,3.5537501698931204,1.7406180621726157,attack
2.0737912351730974,2.4552286717560463,3.8334653148700246,2.2151100226292613,2.3991648961701655,1.9980087752107765,4.744322613340477,1.7767749311267504,2.3871334511602833,3.9927789807064715,1.1482821173345765,attack
5.334133414298877,1.054508124960935,0.7452398385850035,2.43859401317567,1.0098837086594608,4.598903330629461,6.472030165972436,0.7705104294078867,0.7059986549252131,0.6763217849159121,0.1932577743394186,attack
0.9854175919527977,3.448876583824423,2.5280952700911716,1.413721833098626,2.3211848567794866,0.5110598168747136,1.7705999111170756,2.023007120793972,1.9312235367085928,0.9583414417638518,0.9272015636499491,normal
2.6981340296384553,2.5781478990980933,0.2073749424043205,0.20238585861973354,6.144928299283213,2.0716277925845468,1.9358129588070632,0.797924311214214,1.2786091801673802,1.0273434629468816,3.466930290466009,attack
3.3567583917413266,2.0971011465597593,1.8640414425993976,2.3714428729984847,1.844081934872327,2.7000063732739643,4.246923119400886,1.5825244567819499,0.8106790389968761,1.8787791808455454,1.0668940724014329,normal
0.6269973279434268,3.8495251868049096,1.8011358728455955,1.2701725064449756,2.0118027721901095,1.1362292187493526,3.9304492489762617,6.099594849649526,1.1879972434337098,1.5240688212553835,2.21155604614635,normal
0.5641953909201267,0.24219222522611436,3.634288971536461,1.2469871783321325,1.1606440652296481,2.3221378030127044,0.8072168859020039,1.1396904760923996,0.57407112367489,0.29805616271278446,1.1252240359209404,normal
0.8000218612789582,0.7108395032456658,1.722934351761869,2.9102061471995464,2.9473005194721824,2.8648202858210765,0.9080572822578225,1.5950027729017273,1.0864132285280188,0.9176437639673645,0.9670283175606463,attack
0.6582620057030669,2.029054212823007,3.5036010984887698,1.0650103486437263,0.9721915716970969,0.2345095698437237,2.56005506205754,0.17669138405549056,1.78426057985898,0.8423580296561558,1.3642023037876858,normal
1.8603179725889767,1.7778255055440033,3.2182823218972025,0.1879090985798202,2.9568323520066135,1.919203904387477,3.4494038509026943,1.692265772939815,0.4372762591938546,1.5140849681546218,2.5066081406741545,attack
2.8260229893725013,1.5547981620912195,1.4124716265231994,1.895297153196379,3.149524266044652,1.1468346346459726,2.2218297598416683,5.028462916422873,7.23991639760696,3.137018400138571,1.3791492203560871,attack
0.5635746616265722,2.1384069478430523,4.305812088813962,1.5572011935126036,3.3886621735388918,3.2075408164837267,1.6880870825388516,3.0131359207338684,0.6246803172852873,1.4356018535109851,2.317241824238439,attack
1.6576118688206334,0.6845230176872608,3.0153782898518533,2.2968939502741508,1.9100807239060957,3.878168764121571,3.0584385167890966,0.11464266720320908,1.9338021897549889,1.890218818029715,1.2826960351127357,attack
0.18952767556570632,0.8778505100326717,0.1387210673672637,6.179656952543525,1.6631214135902648,2.406529333313457,0.6744402095352213,0.217644541364945,1.210300200025047,1.0760319101167422,2.0092498465433875,attack
1.2545256422664435,7.071289076959184,3.491969180845423,4.549635694863827,1.671012052486318,1.981242852354904,4.274005921671826,1.1766294515056095,2.3185977449582715,1.2546302616361942,2.412834400543582,normal
0.49627636276895604,1.0327652844974942,2.012822901956858,2.1919027107430344,2.817076201496967,0.5938811912579394,1.9547683026815232,0.362410814192047,1.3125752768043688,1.713414544900012,1.5229876435311553,attack
4.9421773924729475,1.72558596281702,2.5422779937478825,2.017822798690893,1.6420765438045912,2.4122394284985886,1.8861258486048509,1.766537495705906,1.4095669368593569,1.1764007817206763,1.046241304376036,normal
1.769178501085784,1.6758822693580187,4.188388020852592,0.4430294287986985,5.199328271384182,0.609781913446777,1.6273678454139513,2.2084498158336703,0.7420347278860698,0.5962574618142369,1.4899950341236095,attack
2.5885471268120366,3.0872428538665004,0.515942056456036,1.441991062028489,0.30157558725423766,0.7582486899461949,3.6875039066008317,2.1186464764552575,0.8173415627864569,3.453730070749816,0.9239950661177049,normal
1.5996514188169082,0.23584459357871984,0.8200661100893755,1.9781308119123313,1.9097460672593056,1.174542772613713,1.4801369807611395,2.726249434144576,1.390746022695146,2.2120749476278836,1.0209435237173339,normal
1.583049627287618,0.21555296609896335,1.0852243429493988,1.723137899870495,1.5137024085372808,1.0198480000602403,0.6779655486004228,1.7665969047801138,1.4743933878027669,2.0564106654050462,0.8982283181731582,normal
2.4372297935478957,0.5838972519368537,0.3972558760600176,3.709138452350603,0.6188023713208207,1.778154273642505,1.2733194617940868,3.7694462051624367,2.504381467114477,0.4102180623975645,4.5290394234616285,normal
3.130993518207902,1.1523565612684155,0.5780647648465823,1.8703337986982849,1.9478754664341589,0.2604577382336242,1.7738355885942796,2.957659888120114,1.7034881499774066,1.5023329131332865,1.36697154052671,normal
0.8083320883554262,3.373046294095783,1.2050848616199659,1.869176271755599,0.47729163282895587,1.4618957590460273,2.288394998270453,1.1825680956842044,1.2100206923932806,1.5802429833370746,2.223958681170477,normal
1.7644168813837617,5.643921853830338,3.711923088051163,1.0060320117569008,3.2484978649069216,0.2552355383604004,1.2679822475801357,0.3770992130121686,2.4019976863059767,1.1829326187334688,0.5458308278511783,attack
2.7584239628376035,0.6195592770175664,2.576410527613275,1.9125940826489005,1.3612877856112668,3.01520557555232,0.7328745505830796,0.3031832033013034,0.5843135219244496,5.596276457952699,0.8170131827372548,attack
1.1305513046693558,4.277224008080642,1.1318678302914529,2.449809423983153,4.604736303887947,2.1769024749916017,1.5504154381336743,2.8209176716261366,0.16509294568359348,1.1199512673732546,3.754178709208238,attack
0.8260826601043183,1.7581257044178178,2.4704513460357167,1.2422476884341094,2.4933927314493287,1.9222432018290463,8.598134483126728,2.8575023800713644,1.9235801033131381,0.2163550006424731,0.8863479468464166,attack
0.6318997512571397,4.199796482862389,0.5594973888673751,1.2257470704915585,2.091426747157255,1.0282529720279114,1.1719520989834984,1.9235834751693626,0.8257070262567644,1.7514479863844066,2.7567119994869533,normal
0.9387238390290197,0.6099807425851264,4.817936888789096,4.864256547690296,1.499311713364227,1.7119848204205623,1.7005042357694697,1.11003264591467,1.4693696208178049,0.22124480412837438,0.4432857448277138,normal
1.1777349795187015,0.9462363022455726,0.5111774375354133,1.465478462632388,2.546125636270945,0.8268681085290784,1.924287479410261,1.2033957579753116,2.851322347714781,0.4062387710917058,0.583147432157342,normal
1.1468477990425139,0.705783609854223,3.4743582222364933,0.4315516077425885,1.11432742068827,5.545924695063676,0.3970063228279279,1.5806014678474132,1.2221016457231288,2.137984546892603,1.9816324243178005,attack
1.8883462075928026,2.989329281864875,2.9356678144523807,0.9360625572697244,0.905577940173442,2.4655057495367503,1.7611094921351593,2.0145471872729344,1.5988929368702955,1.0510563430688489,2.376036181134114,normal
0.7929267404355066,5.626449540830672,5.2671985942222435,6.485165715539508,1.849313742222951,1.167237671583501,4.042486349641226,1.6270191096449713,2.8486597608576476,2.8346340045853253,0.8127262049086941,normal
2.335735747217455,2.747022717455731,1.4790285208058318,0.43841297764342924,4.106774137698931,5.543033937924696,1.7072936198759103,1.2573682044681738,0.36179510751901717,1.7791980715191034,1.1010412190384415,attack
0.36018359479233264,3.0187704122500953,2.4264535360763633,0.9841448367313215,4.842278777048858,1.5324556481108276,1.73168808997392,1.3680151403773009,3.311515544071548,2.3640371609805095,0.2185925975074726,attack
1.6205631286851883,2.816169428478825,0.3611530736364506,2.7952321027615863,2.4031038685887687,0.6872917011297663,1.3310158809697348,0.5010758656050872,0.9960351307853677,1.313673821750406,2.559793425115737,normal
2.9295640691238227,1.9072573360470633,1.2679991173873058,2.7339673299241927,1.7364514327565717,2.067460196486517,3.0323441947104275,2.6187533980831352,2.0570943012248906,2.362323470334648,0.9795860816629672,normal
0.8701936778383311,5.492682737394295,0.8293109512224277,3.054114700959286,1.253446248360034,2.546516743310415,0.19187193637036554,0.4643249556534456,3.1787053172206483,0.3216206148297967,0.992041797569424,normal
4.1668815612241925,2.9320720245460525,1.1990867555174591,0.8324303872354745,4.601755860321637,0.8972344677809274,2.0029405661030757,3.9239005015672612,2.2625316986523156,3.9305870282147812,1.1598618007851804,attack
0.6286818351864991,2.6217895074510515,3.634510914059499,2.365769357644835,0.7322536171573728,7.099242549094875,0.5019356848157237,1.8485826396392036,3.9118387936621875,1.7154389011463376,2.6513501706284055,attack
0.295110671242012,2.576413957612513,0.6937123469136113,1.8713579361547328,0.4873570851336907,2.756605382853435,2.338094393254595,1.853914301930819,3.241329968398575,2.512207005653944,0.471208709826667,normal
3.177816089941736,2.5406597623357534,0.8291009356241262,1.657152137791953,1.1208995901517533,5.97627852569396,0.617791809358086,1.166755438791728,1.568489730813005,1.8079366138916664,1.1998561558017558,attack
1.7707051308447361,2.3712292665429295,0.9044637421651869,1.2014332056280892,5.1249101831540145,3.2284645893495707,3.174877012002177,0.4488761934918471,5.684042303413355,1.5222846210928895,3.426871221614795,attack
1.885136487305301,0.2866483550678983,1.2510426795799159,3.2619785708712996,3.3275413058446777,1.943840482401894,0.5967737553995056,3.494432106451761,0.903290537939838,1.8726255547155206,2.4775414032658634,attack
2.6521048302208086,2.414558366615151,0.7843404521116346,1.1592280997863862,0.7645538212656551,2.8016843850143522,2.5332729341562668,0.8821796524583377,3.100680914350118,3.0882883923244506,3.8296197946358435,normal
2.469974794327489,2.584940474747543,1.229745765849869,1.4788278848594694,3.5797295104551448,1.024898737408151,0.8162252887476448,2.603874296172532,0.2347634172281926,0.9748944515801311,3.930961508625904,attack
4.473930797478726,3.333920671412698,1.8095962871438285,0.8210288012676608,0.4725995042650827,1.3055635732747044,0.4812005083621876,5.530878614416831,1.2519369320276577,1.3776546531255809,2.9639059191951027,normal
0.3993913579039889,1.4080758870716912,1.697640342706008,0.49523652055523665,0.7699734253650597,1.0418318814661471,3.422286277278773,4.382308162766233,2.371072321173533,1.6014048466887458,3.938647794159211,normal
3.1134274322104534,6.652351195954626,0.3298520573305847,1.742322512420144,1.0902021534774151,0.394484922125515,1.7564316473155077,6.211147863294245,0.6524040423280015,8.282831483070037,3.1647167380004806,normal
4.045828865684633,4.025733085920247,2.3807454144244247,1.2402892392060803,0.47798895477098674,0.6611614648473686,2.61098355805421,1.2827229332901782,0.7369615585079025,2.0970227856504065,2.2790739510221965,normal
2.9734151094534518,0.8837562213091688,1.5966780663473132,0.9063517922880608,0.5613059489706828,3.590453871842192,3.423428659759393,0.34351191725550567,1.8220563940392747,3.954289791884786,3.0469086786706003,normal
0.800028790496376,4.257312012507603,3.957517826052439,2.2224391331524926,1.4167124186642654,0.7896060170269129,1.7462226329813089,4.678370304677289,0.8173950416043755,4.960966939734916,2.9437835959413547,normal
1.7451380368638962,3.9816151591541993,1.7054289153245048,1.5055394513451892,3.4828149787757354,1.8023986690838176,1.7093349110283493,1.0682654506044074,1.481084774720973,5.367169113555781,0.12169441000132473,attack
0.7954688180992647,0.9331255204743881,1.605278212890978,1.4057188528614124,2.0209846964129943,0.21070441100317358,1.997630809820483,5.339296182792485,1.8008994612136062,1.4457484159249616,1.6381754479505235,normal
1.2951229699544666,2.9422534110150176,2.242872129474571,2.130476161275356,3.98114065440299,2.9642269231968994,0.12195468748549511,1.2722826004595136,0.5325390106911616,0.9052934457555273,1.084797653562804,attack
0.878433297393347,3.0581782519200225,2.7150474638929207,1.2677689203590448,2.6426299600558374,2.4030266463919348,1.9144290510823447,1.5603509641182836,3.281382724446627,1.707726608933514,2.083593307506246,attack
1.9795986243507757,1.1190879359409092,1.0681593091506336,1.4796687961090764,3.02030956915426,1.6021898494683842,0.27208789540224315,2.2356370928317117,1.1614052668769022,0.8701935242728502,2.823146428399504,attack
2.8091787239462067,1.926673214156036,1.3976852954613146,1.201360534081081,0.5391477687162378,0.12472836220370645,1.2712867805060224,1.2939744539454898,0.8178425604900217,3.9690903872949597,1.1273248030941412,normal
1.9094379592893638,2.2081033691388425,2.4315517377365357,1.011774677208669,1.3678928197266458,1.7702586969364675,1.0169823326293856,3.7162492834711522,6.9248304847278055,2.163018471116551,2.1476675824875975,normal
3.5372818974380356,3.033030208754381,1.713434039826786,5.108027017849343,1.0588369826844708,2.8426169148651836,1.3588138730864499,2.349065835630844,1.2529818219314057,4.998028403835169,3.6563834393419676,normal
2.2634790236512914,3.0676420999397394,0.8214873925176475,0.4517220638756913,1.0259807860583368,4.904061079969003,1.249204224654065,3.204558978019752,1.4573312130926113,1.528431946767193,1.2636197198339758,attack
1.1957406492639464,3.0466803402755342,1.2111240050140915,1.18424567603738,1.728566893479476,1.3702873210970676,0.8830750748156487,2.8166808112893555,2.0328454001718628,1.1490158591386739,0.8853480475170371,normal
3.585669698902194,0.5959879814184665,2.563412008137192,0.2606052963264244,1.8597575255381087,1.8990237945209973,0.4994176036486444,0.5404245224901768,1.9479329864431836,0.5247779478877224,4.106253986507315,normal
1.1610790796323198,4.589291115577122,3.938233884961115,1.5759109823853623,1.995520886893624,3.440437701742398,0.6921710993700319,1.247497921688444,4.512766916404486,3.171821577297635,1.4285168298474158,attack
2.0083743488357926,0.9996867127222918,1.3344521148245392,2.534928768032982,1.3380743890270828,2.8236557855242057,0.5252020263471984,2.5144982734396257,0.7655736952727634,1.5423235088185732,0.949815488526558,normal
2.519285557267284,0.5781689730685168,2.8472319201756395,1.7149298762957366,1.4424651559359731,1.0598750770992658,1.2297432072856913,3.8795606817528223,1.0419859759804566,3.8987435414282974,4.752297410415211,normal
1.4173731481881577,0.4514012211502582,3.27140838503519,3.2466589057405955,3.936380362035888,1.6268123882735355,2.155866231082058,1.2173897297400378,1.1758630297415218,2.0770885617477504,3.4617284672911492,attack
2.962026012125497,1.771631401012822,3.657056782654435,0.5915136876486907,7.371969430811871,0.6511789160095891,1.6657309021289997,2.053857940674049,2.1105435530462295,3.4164907971819978,0.866006047073095,attack
2.2120075811535425,2.7980542316860735,3.749471683656948,1.4054392371683953,1.9194252416556365,1.7336391931961197,2.7056099271083216,2.717919940243959,1.3611451190653356,1.709341744874355,1.8038124429133044,normal
0.7501042137508611,2.2993655011008047,2.2367615991808143,0.7569294370885616,2.4081239432622787,8.047327863516868,0.9505847691455138,0.7502008740097993,2.773777273203296,1.3545830308498457,3.4237769105113647,attack
1.6500276657077724,1.1099767791690252,1.6300577039972028,2.717425150605853,2.653952918600544,0.5340150633881823,2.711996160562152,1.8423806983487083,1.9541562424979286,2.3005567849709645,0.7381424267463218,normal
0.5136956490677546,0.5510767157574397,3.283281014806853,3.2649703128927134,0.1738429404565634,1.7065343009446021,1.1908355377448063,0.820760046216195,3.7203223175391416,4.216955587279765,2.021932085579943,normal
1.1349016463895485,1.300359462680155,0.7072988643927691,1.284074446095845,0.913154845200662,4.036232842526701,0.35137561491623753,3.0353616939157138,0.8633662125209428,2.695255357844698,1.5794152927284941,attack
3.067675178244998,0.5755843533143387,1.0945902925717044,1.3621378085251168,1.8289657047633379,1.8091952599378878,0.7014272331113366,0.5385579928516125,1.426769378914824,1.6604476669788404,1.3680231833905863,normal
0.3503794671948864,1.7135863840586474,2.3837794609170295,2.0194657441794037,1.537143697013368,1.904493847694571,0.9409747859047946,3.7226392072888848,1.172673696476691,2.4359457811961094,1.4917714455284303,normal
3.1582834227264285,1.1518673189043696,3.177378754032031,4.041366515233791,0.8805827116590069,2.952199372837894,4.641430586487443,2.132339618695727,3.5620640121935163,4.101778312792507,3.2427169275110903,normal
0.959655715220978,2.338766747011469,2.54082903022967,0.3042513625485789,1.5837397923728822,1.912444475472037,2.4136113929619234,0.7642449434647758,1.4914996252966586,2.0192136361539754,1.2673555535351244,normal
0.2966631694799706,3.837986888709639,5.725858476234827,2.2133779420583686,2.242428188864028,1.6711897806380502,0.5453065976080849,0.3929693837038085,3.6445700870366,5.325390433289478,2.365967306312517,attack
1.255064953926826,1.4909111295373678,2.6063191600347215,3.519316482895784,1.6943666711425758,1.341144543785388,0.7535635248801584,1.1460818600095966,2.4974541601355305,2.1134078539426255,1.988247759212654,normal
0.7785098586899402,1.4335832034377913,2.97898677104441,4.403243553469908,2.878025933132184,3.5103188394711458,0.3059005273644598,3.919142975530142,2.342927635996609,2.002318204466216,2.1494016768103297,attack
4.973290531804497,1.2160515077546106,2.1509402792313885,1.5676051122368027,0.8164960444598423,0.4553657562039245,0.8049965767454124,0.9891188085246877,1.6205295809359124,3.5103639689227157,0.807166022948622,normal
0.9745949617500332,4.905266286971949,1.2470293795634004,1.0753005271551308,1.1086498386729797,1.888722966641597,1.634448465838575,1.013452332035883,1.3033772326126367,3.0426027715438946,2.0700868614146075,normal
4.131844157610055,1.409829327359385,3.0347461420096815,3.107121712248209,0.9633150001695884,2.2676030932870206,1.792870564584502,0.3252939820717187,0.479915112114191,1.9410832119767822,0.3545428971559172,normal
0.27487675320357297,1.761212411298396,0.15492217283728985,0.6999388453181066,1.7553199210335095,1.540314797276041,1.539670267574052,2.5744102055650595,3.3431635419949868,3.576731300380459,5.190455067076403,normal
0.1795526544597251,0.9077101785662101,0.6586647827238568,5.298433923438143,1.7833581682280901,1.5991106371121642,1.1907861864325868,1.1396757989885438,1.1340170630032795,1.2140617122615336,1.119638940793897,normal
4.495774595946487,6.484020044313217,6.231601859786688,0.31030367381272367,1.0020641038062692,0.23400223444069443,6.379907208499459,2.2187584970755023,2.9786664328639163,1.5022490736383745,1.604367844993183,normal
3.838453191295682,1.7703923659427994,1.826230184023832,2.804845981339081,2.5720483036454773,1.7246060528538874,1.1667266753460048,1.095548628523482,3.614537914251209,1.85594106345133,0.890512866691454,attack
3.2151334656367916,1.7003727465338763,0.2971867984865797,0.9369273954208955,1.7047317495899303,0.3746669594802337,2.139989342361494,2.416006976487268,3.4177970600170378,1.9855181961985813,0.9818943775032531,normal
0.30827981143686106,0.29286539077460727,1.4749589436790553,1.4741186314431192,0.35998630947097465,2.100073108876444,1.1819221074645452,0.7165189844997766,0.5461329600284797,4.523466518232816,0.2561438484250541,normal
5.366014689891306,0.7560792307691565,5.706059452497616,0.326772945433185,2.2448519953740234,3.9456238654955587,4.0058730506817195,2.2363137185571498,2.007285500829642,0.4201288099355543,3.2295145193949093,attack
3.6821441269643174,1.7336307784586835,1.953028432304295,8.611459891289247,0.46600900775907517,2.2843464041135206,3.173002274165497,0.2854793736692367,0.3183888496408591,0.888370890255595,0.9549704386133734,normal
0.8317278296135543,0.9863198576174653,1.0103141285394057,1.7130037189348095,0.7355946149294726,1.3403377877566267,1.6458037235234564,1.1900306972959385,2.280705586934495,4.348365398882183,0.44791351998762796,normal
0.6808109560182989,2.878037166288438,2.0698980158650095,3.0424780998571226,2.743492632566781,0.9770554394581192,4.578768170236839,4.655974890410914,0.7018583838362696,4.157413657467332,4.461812108016004,attack
5.587028749592577,2.784360920919724,1.2757478376850646,0.9209427519952845,1.2760973173804038,0.517572050150215,2.317385162696687,1.4656185270201318,0.42368653992766026,0.9391569953041808,3.9235254570416456,normal
2.349754897660139,0.846564107185379,5.488906902418768,2.1203518335729528,0.5751854213391112,1.2815939760742632,0.39358382132254144,4.573527738130873,3.114449673317863,0.8797604248608234,0.21687145483501027,normal
3.0780498337680138,2.068710090977913,4.104502564435168,0.13221215750115622,2.864315881027597,1.5975125269704935,7.07948458525256,0.5310005353341675,3.319535346000868,2.9168982196467987,0.41614562862075494,attack
1.3282562453077964,2.631282099007832,0.8834585015275819,0.9072618383966075,3.6010354205150152,6.008864673627479,3.3812033787277618,0.45442411885109,0.043397665662420495,0.610659240493636,2.843701671268083,attack
3.1003302399311683,1.222147588630761,0.6011925268391816,1.3188434474828334,0.27793625492278656,2.176732251644686,1.9913226249005287,0.5623173759538703,3.424599338235534,1.7705495299592187,0.8145970661948031,normal
2.2442750701040146,6.957880121141071,0.300021541749843,7.30975405987807,1.753778322679459,2.6586147404765406,2.8117522646703392,0.838777856249411,1.1988860312543401,4.406573730616744,4.982043430125813,attack
1.469534854248492,6.174612506424943,1.6027054277610355,3.1810176834290944,0.9043043247268995,3.0266662329324396,1.370221371015935,8.328288368965916,2.3471236126903734,5.691123765486045,2.037989995659865,normal
1.7792833394257916,1.9980334994596882,6.686007087731271,1.1511462174820528,8.095587708327193,3.5603932149456985,6.452371531449708,0.6070554567086295,3.1259632456138453,4.537998041114067,4.625930522432889,attack
3.1232984174426583,1.281009593423733,1.2091911014315146,1.1447635347241376,2.2412233726812496,1.9707579771730697,1.3284970925794544,1.5166561469746032,1.7989276650903994,0.17361171523905927,1.3853902108102198,attack
1.0746998725984998,0.5781415408122508,0.6168384340791924,1.3651376130398731,2.3186573021148775,2.4283657954646074,2.686709260263842,2.4310266016432927,1.1843996496787828,0.6140399449667983,0.7681881455543806,attack
1.6363850157337059,1.9912600405512504,3.307232214606022,4.655078518554822,1.2549221560615385,2.0454020486317366,2.7804709982520888,1.803574674861742,0.7902212010350325,0.9218416149783731,3.497685369153511,normal
1.3311217054986866,1.4450680301657175,0.15579599463482943,4.145958901553822,2.8417708115765676,0.4375910851114027,2.5879010454650535,2.723447257517406,5.643787198679465,0.850267728162613,2.4806803509757196,attack
1.1050677837437795,1.0588478701616482,4.941155242279921,3.517046356520804,0.4466483592210871,0.37675499421309216,2.6605210670207735,1.5502167061804493,0.7509360011382552,2.698034767736927,2.449403277199917,normal
1.7702738006742136,1.9068419321835794,0.8083552432629346,2.434846580375835,6.2675002039909735,0.5423334844594458,3.4333348166789563,0.6590250068585316,2.9996716871406144,1.5175739723402994,3.0551093890910703,attack
0.5771291173630139,1.9665421848732187,3.262887199351582,2.0253888829006526,2.8217398098558184,1.193977933875453,2.8752263936042044,4.90455515807507,1.1795353726946165,2.7888180205377133,0.9201519483833841,attack
5.264143370288704,0.4512676755628335,2.3512320551226296,1.805930669628425,1.1880272198758126,1.1530668430677016,1.683981167295408,4.757785496749092,2.1310106797750668,0.2582017997659413,0.3702710130282227,normal
2.1238169158167834,3.698210539576558,0.8331247088293028,2.0311557650780343,3.737753349169996,2.278683346516177,1.8814920279808165,1.3397761744809575,1.5214263812204438,2.8958690240314118,3.1596995782988295,attack
3.1176174326186463,0.9516332682650057,0.08429101902298525,1.214611767246934,3.3790100957503078,5.5056331021159615,0.7011622637472682,2.7846885376878427,1.0110498632482376,4.525633230308818,3.3406143096956584,attack
2.2336725145760052,2.3602165034100553,4.19678178844181,0.28633739135011194,1.6260112147373667,0.612793514488114,2.329517969922465,1.9842299872704388,2.2301081885606493,0.5251146641801487,3.723154378387847,normal
3.0044550004670048,1.1833599862423754,3.1749915286713546,0.1460619766257699,0.6312096663597615,1.6761528491331361,1.3606438270457788,4.3749836884411195,2.8584504140935767,5.027935818709647,0.43864565267659383,normal
1.3502671230421681,0.5974923004268133,2.241584525228136,0.4400508405961127,2.0190543520026307,0.9018986639958442,3.2049684163919463,1.6901720128057915,0.355108971989458,3.5737827297775637,3.6150104118155224,normal
3.07888045122519,1.1647722715816453,2.637633543276636,3.8432349533298105,1.5577375190257579,1.6157700919071738,1.870316541823015,3.111375971587469,2.0828536054303863,2.771732506889348,1.4955793473724484,normal
1.4661492921473376,2.8452175533076853,1.0332465211767445,0.711824360862308,0.9922700682368487,1.4141003084790533,1.776110996657545,1.1700056040313918,1.2813227773406963,2.3166539377449133,0.8930971653424074,normal
3.0412037483650947,0.7946649077503204,1.740809276692885,1.654375975310082,4.353932103743785,1.5137363386787486,3.3479177394717374,2.8499808838834,1.1098689139895173,4.0996197602280295,1.1567551030983398,attack
1.3705249360212843,2.4525962892050135,1.2666877103438168,0.4524296020385648,1.388921400263613,1.3703525848847704,0.75033131415211,1.7250139564859417,1.7546936286935293,2.3277428109437985,0.6307931934031701,normal
0.6673794869346342,3.1109330306577636,0.777540834849431,2.1187785995516806,1.4692340527102612,0.9401900266172244,4.3161869410858635,1.7747667760877255,1.0640653014068064,0.36560455706522377,2.7121568514200294,normal
0.7712391250082821,4.068289203885598,1.6289042712437765,8.14226281372931,1.3689574144108339,0.7440293473932714,1.8011227638423104,1.028689369614885,0.19292347860845005,3.2014478651355343,2.1580099637551515,normal
0.8728937493085691,0.6241495984154809,0.6965251260144539,1.7312573556991293,6.001078728110531,1.450150355909594,0.34499580206874764,0.7640023321727524,1.8938852661986538,0.8931861234052398,0.522768697335746,attack
1.4882661219238438,0.7614792387890965,1.9773539070077848,2.0173588639587776,2.489394253780657,2.8028397284368753,0.8515805093095651,3.1619370130860402,1.2538185607545203,0.2538194374645535,2.9125766956874246,attack
4.2729761221967415,1.420399990939087,3.2822053803933997,1.5056618526346988,1.0417243536465308,1.5246058988576525,1.6527958926011876,1.8997886279114344,1.30597502258883,2.8253993117196936,2.396437256890522,normal
0.6953784939388565,1.1085654210640241,2.7184977812274487,1.4792720039398835,0.8975260246926439,1.4403340249659469,0.4283016045413521,3.885927098501793,1.6965385420284584,1.0268977920305953,0.40783659804468786,normal
5.2040889817004246,0.3700197758918244,2.221321270963738,1.311836509808698,1.4406715528008747,1.5750258627293783,1.0652571290109727,1.6627787166463637,1.8539488598769136,2.597130516201277,2.4016151757426565,normal
0.7056515710857528,0.8355151244766035,3.169243005770218,1.1771757671368366,2.1282658026031864,3.6319219751387655,1.7357110058754086,0.6782378396543364,0.6904133213804741,1.3058661645151215,1.30951346663258,attack
0.5874439283170321,0.7961418644299054,2.4234768140106113,3.207819580618235,1.2055892258926206,0.037027658095839,2.285719637225411,0.31067973380262204,0.45658235189806506,1.4163232734490614,3.7586719769940675,normal
2.683729090801278,2.4934047455334136,1.4282811871968413,0.5399272513809362,3.388978853052908,0.5571616960310054,2.0880012530486027,1.8207822559254754,0.49116301444157484,0.299358877611055,2.4901059121855647,attack
1.6329321768536411,3.3738471082384955,2.0178670731221287,1.8408649758717597,0.19934251252858898,1.8005000028073548,1.5023928142524816,2.037932107869449,1.50368358792077,1.4732514324781518,1.4025206120065312,normal
0.9387248211850612,2.467541302976109,7.813992260404469,0.522537120424031,0.7238850705973269,2.4604596342905194,1.274605294253754,1.0816694949755812,0.3013366768238744,0.7645996339575292,0.6559084769323859,normal
0.3196886082676285,3.077077038301873,1.737931981529081,7.324711902229616,1.8787557734882951,0.5670030717063145,2.0101444851040484,2.3273955719654826,1.0047260855059195,2.2758104869962743,2.2357136485303,normal
0.8066215867910091,2.581289574814612,1.9487289634080278,1.6174126749574549,1.7424316929735055,0.561472514717482,3.981708879311487,1.259414582937981,1.161010373362405,2.0664330110093805,6.627105295369542,normal
2.65660381224916,1.2761814900717883,2.048047655212188,2.0386924898909458,1.608475434072145,0.5855174611300248,2.7137817903051817,1.0993971471854216,0.8660331606186488,1.1935776931887314,3.223452496034108,normal
1.0806113155908665,1.4859230938156631,5.56021925355897,1.1370597788649806,1.4444134999369649,1.5896836593200496,1.1283163656892385,1.4305596829055298,1.7350363442191117,1.086280466819475,0.2833937181858136,normal
0.433227707010035,1.5456478837003096,4.3652953166505934,1.257244341682988,1.9230742972916453,3.387537515521953,2.254552691174103,1.580094494471832,1.4487285061196777,0.915801239999479,2.6632055165309225,attack
3.2512435948687215,0.016257273136136143,2.6766031858621475,2.35143172267452,1.1909308663832157,0.9187212718200263,2.1421004424929144,0.43050949677759215,1.2229575839169402,1.9184904559125053,3.7018201660485603,normal
4.684239830661691,0.6418297384101382,2.0333890673163286,1.5838878503078913,2.441165372091167,1.4058949413337936,2.537854096398899,1.8882416797259831,1.0044062308688706,2.5547405376392316,1.4311669926577155,attack
1.6717508169824673,0.7500892765490362,1.294548919271656,3.653106556331216,1.0330306276292256,4.7016487959249735,1.718685121178161,1.9601993573276193,0.8793522250926183,2.668669678810895,0.40038767350337034,attack
1.3213705367267168,0.8843225457730647,0.4813385853041743,2.43895577368653,1.3640380791402822,1.6692316653525616,0.9200685665025393,2.805349296462158,1.8775577948487254,4.1046332840704505,0.9663027219620478,normal
0.9611605155950766,2.2762498797287107,4.383964419547181,1.082621512000996,0.14989526479763002,0.5525959858193616,3.6529910278438282,1.2777315628364359,5.004787060558081,0.6377716887174566,2.287608168250862,normal
2.3212915690005715,0.43071900801404145,0.44076869613445324,1.3144516078006239,2.432113722673357,2.083269800006364,1.4046775796207784,1.3658200594867673,0.21255761801032327,0.7778955325322555,0.3542954897904688,attack
2.0517688618149585,0.5563473537207739,3.6136197864080075,1.66784577108377,0.7561160224031898,3.229499927118169,0.5040164515907442,0.5159834039258397,0.7318317029292923,3.2429318230121353,5.034577992330417,normal
0.3551663011428939,8.876154052801736,2.4888804634428614,1.1158244317288788,2.3307575515849135,3.2888432069064857,0.7696779152161453,3.301991976622997,1.5812159253383946,0.3484180717924842,2.4692977993508336,attack
4.233296430659893,2.1544546073549427,0.6168167704551579,2.178824667818717,1.9224089920348173,2.3200290979623586,0.3247371007947566,0.37294478275650295,1.0115149516585151,2.881471272345588,2.58198049396781,normal
3.110448807259721,2.3508814414372847,2.742495688143275,1.9136914006441816,1.4120350846136498,2.522280295522641,0.5608330759866712,0.7095962979121487,0.5036666987479673,1.8137347436840294,0.5694606261727194,normal
0.12948746278721715,0.4246272717313692,4.237717183327392,1.8274468059304292,3.2263566306362352,0.36263628619145166,2.2735296607579216,0.5182579759651262,2.225825085284653,3.1096974410584077,2.4791814847583455,attack
1.6802528657377962,4.085571043868695,2.8771160114568035,0.8367653516828315,0.5418757311927859,6.951544644344511,0.884629989134537,1.4565529516141171,0.6791473358353078,2.767639886332753,0.7454624299980555,attack
1.6233851198703295,2.1663242041484914,0.9493524096432375,2.1446639779963825,4.7568760263454415,1.9084207459808171,2.609276209767636,1.1802449929392207,1.0990081376888052,0.5131231831033651,1.7848541173393488,attack
3.255314815006796,2.512609605055138,1.0923452494656805,1.273649606728344,4.8024561987014405,2.3013388185894894,2.816302499656304,3.0608476164076666,1.136402770348221,1.0270755314196598,1.118362553759035,attack
1.0056630391731196,4.164018695419922,1.3996093198106527,3.7650402397673686,1.4370746113898951,1.5077663622318707,0.24606621101576553,1.0667673945326588,4.240767796778863,4.133107744141629,1.0441162316358665,attack
0.14537833833463984,0.6994424051928564,1.035806019310974,1.041796836511064,1.0413608208783027,1.648458528787978,0.6309967090626396,1.46903526789704,1.9976781206903682,1.1097743725780678,1.7103778166981198,normal
4.715130162090192,2.590713952507934,2.330800309357089,1.188355937200328,1.0024500649719081,1.5353684090001598,2.294714019799211,1.8946759013825842,1.7572056891341126,2.8892053257472954,2.1999921207274227,normal
2.7653264839872005,0.7445610787080403,0.5369524308427972,4.446574104711614,0.13213709236935833,0.6023347849446761,1.1800189048098242,3.7394810785483656,0.5198724507598371,0.26170374288708576,0.782583768215484,normal
1.0696155713402253,1.69465675212489,2.366093025598463,2.954600779419973,0.4131936885196164,0.11543398112630247,1.6514788512061223,0.5096828273050318,0.9766984321342463,1.2361120699063919,1.0382260128456402,normal
0.22648863304896466,1.7838094121397374,5.553679619027433,1.4727073751547295,6.153024886158468,0.12875639753243795,0.7697639143619108,4.959122388808532,0.7499258255398014,1.8821107046929142,1.4982982715745818,attack
1.2013485462577236,2.9783287464555817,1.54062195469483,2.6179958520723963,5.045084353382853,3.043519330522448,0.5977900190174057,7.0316425614968425,2.3092549088102667,1.2973149359169842,0.5000106963029137,attack
1.6171168552000645,0.8239964050210967,0.3815145272738909,0.5480376893696701,0.314345601736102,1.1410304068182162,1.3961824925264663,2.084601902181846,2.259850208180723,0.9878065977783872,1.1000890399238266,normal
1.8003839593987463,0.5756812207181986,2.5441110327530887,1.1807442809371613,2.8567962476774142,1.6719365964602932,1.2915673378212704,3.4351012712681293,0.3586197976004429,2.0155484924799234,4.44942332737842,attack
1.728824357384029,1.475913975251307,2.9071156221036727,0.9824050993676964,1.227482837935676,0.5015848739709124,0.9330549950744665,2.420621671010594,1.2533367645679232,0.6995423737130281,3.540355444020413,normal
3.217588952132154,0.7785130378535283,3.199043946479402,2.3741606813820493,1.8054722735814637,4.64338403632674,2.0044118216210833,0.8419021828206391,1.1541860152798036,0.33555250828821465,2.3172281297945423,attack
4.594093346583128,2.0213504150440884,1.8085836926436238,2.848041989787888,2.533439907868546,3.6022853467372817,1.5334907838321632,2.160767331663746,1.470291292175063,0.49138752334369995,0.602419533498444,attack
0.8934976696472354,0.4747587059590298,1.7624152336796792,2.9824432960915837,0.9920864536179413,0.26988172468737137,0.8153542674897037,1.2609885360112605,2.8342954547094434,1.637628924699519,1.6347519046572798,normal
2.2356693342251472,3.1553132155715637,4.475306645464311,0.9952457056356925,1.53373412907282,0.9935988903266307,2.1513211212054753,0.26723379120423507,5.307849104972212,2.3247103621302685,2.0657374757893057,normal
0.8351629704499797,1.1293052666540084,0.47537246600568206,0.7941117958806567,3.155530948658688,0.33439236600292904,6.053698552945615,3.5936706380226986,2.0335858954171613,0.7428609470406874,2.6207032566255046,attack
2.4421370012824486,0.9782354944336743,2.2865491784684253,1.256916587355148,0.24269322747281266,0.5088289247616072,3.5041087996372964,1.0896964611210058,0.87057629286265,1.7560879178446154,0.156899443975611,normal
1.6102826162918693,1.844412976539703,2.568238947564599,0.6082675965292536,0.9627984215385499,1.811419969412702,0.6630814236624514,1.9274128417129015,1.7521030514503209,0.14095834270074362,3.104463079023418,normal
0.6802748309772029,1.6444077279858995,5.359391916321693,0.7516666474577687,2.2470084569996915,6.276439237258983,2.499147692511591,3.574387908417513,0.545890758621096,4.451423953192404,0.24873480119699148,attack
2.3751544325927516,1.5908649869826437,1.2278951868577117,1.0543532927701669,2.5412663371115896,0.836875981683185,1.103943599489072,2.3878530005394163,3.4748519889834073,1.45455957715602,4.575253173707772,attack
1.8355056253502826,1.7021043598478862,8.453111649305749,2.1374574666042885,5.751455171130555,7.982728649909324,0.5664580689104356,0.8247337611878507,0.31413515112633444,2.6791960650107973,2.708778370991138,attack
1.0006567962169655,0.12741606631947916,2.217478891004557,0.34855843851397045,1.3634441630992602,2.7887892746715144,1.7982139498384861,3.453936922593756,1.299449705204676,0.8600590338567536,0.7157226632415976,normal
2.7345542004672216,1.5036807656312885,0.8209462956901331,2.138374226228405,0.28189074586529755,1.6817082463775677,1.984126155750283,2.195360663176273,4.595923145744379,1.2410514153025012,2.006810905265692,normal
2.26002150992425,1.5185114098243255,0.5056482619496554,2.9279910833475435,0.12468653152393136,0.539312673194503,1.211473567850773,0.5374850600434871,1.676938971923124,3.6967579706094154,5.8944403677662995,normal
1.5414768687840106,2.126708065227623,1.6696715920133531,1.473452421014758,1.4806156250095839,5.165418169166571,0.17019571130112682,3.1104620551691013,0.7433661727688543,1.3230984627113285,0.5120803352931745,attack
0.4697078177806033,3.4671350028665766,0.9021172023895326,1.6263075947440104,2.338786172543312,4.585165856877762,0.48726544515503206,4.795963112521501,1.9476554498321461,1.8822531044566926,1.2304472459876445,attack
1.0767482330530045,0.2980979019496032,3.8969459272261227,0.4452753789113005,0.9595206367008262,3.474486507914157,1.452098462835395,0.572546678440206,2.9618849236200724,1.0851773423535236,0.9464049472614272,normal
0.46516832040141143,1.0210370948513472,1.2026600023479417,2.302155394538272,0.8059574570758473,3.977513158649011,3.5422798512599836,3.541987553605081,1.8404664116589418,2.8211336835340153,2.6350967091751003,normal
3.274147171098735,3.4961731610331443,2.7189488461240976,2.760795435245504,2.579071417609215,2.7649176132109776,1.7114760721161915,0.9686410363180916,0.5950159873919838,0.45958653672979544,0.6483767098497659,attack
3.349496206804626,4.381621424941912,2.669910471596803,1.9787887200886516,0.2975140057939798,1.4861015074904163,0.9226752506382776,0.9224763476628552,1.794783091964681,2.656532653131162,1.6578191404996234,normal
6.622959704614896,1.9338552021023163,0.24768973805237998,5.1908802694473914,1.586867465499469,4.362379341408368,0.4471654609054232,0.7990076330422045,0.6386912215680367,3.2871583376906983,3.88173957933584,attack
2.4140243337186678,2.049923444602362,0.27614423672698146,0.877034985729796,0.9933860333741015,0.36032915051943165,1.5249227719415488,2.459298709101003,3.0420765716981024,2.5860139288474473,1.2932552975102283,normal
1.0569359813519914,1.3591602852576659,1.4916605122254143,0.6118111772304153,1.1071165685143023,0.9468636626313487,4.770017378939112,3.2308009570526366,2.440463724398722,0.7177983364457723,2.8071225508683177,normal
0.8509260692787373,2.8298906887110236,1.3255835991064953,3.632548688370947,0.4298977830948999,2.7321405726610863,3.8540117523755235,1.3856381532306563,1.306050026838563,1.6396901042236853,2.420929117240883,normal
1.0197335421076752,0.8906399730692387,5.2598249478709125,1.2541621717527023,1.5648743518451362,1.1353530298934158,2.5637009368450703,0.9460337980603234,1.4661015922957032,3.362919719630772,3.0581216877385624,normal
1.2345919569209516,1.673299189410796,0.7523897792056954,1.6715155172065344,5.928886696536767,2.9124621860576925,0.7469140417442529,0.367775694657755,0.7641478516968134,0.5326639801598745,1.475618950670954,attack
3.5652825671553785,1.4897052569405276,0.9564978332225549,1.2576639106931105,2.3787913637261724,1.8689062277841892,0.7806284843465395,2.924540426155035,0.6466056674114601,1.771394355189833,1.118832825361258,attack
1.3900958535244559,0.6736940595014139,1.687985557923368,0.6061643785245061,1.0524653725972464,1.3232039834767448,0.7936212318682396,4.007210610174718,1.0498654406891257,1.25154566349957,1.6425512713205708,normal
0.4533313853627893,0.2887600025237591,1.324718984028663,0.345701626499514,2.0705629858740893,2.14367472746415,2.069948731866399,2.768864398411611,1.3200435641567803,4.086260978699608,1.9217511996182521,attack
3.8642533974883198,2.6795970312273143,1.3571505306855876,1.911190486434351,2.366039207731184,0.2689939585420877,0.46012087016582004,4.625511512068738,2.3495666208672366,3.294130189351529,1.3061439219240476,attack
3.9158334928253766,1.3700637879229645,2.3354305380321585,4.294373445457112,2.550177947098892,0.6521987394541813,1.447967437625664,1.9694640543549728,2.4512890411488737,3.6045172309664615,2.4656703460886558,normal
1.5006892994790721,1.2612790012385076,1.3166079936260429,1.0660552464461106,1.0238019087034864,3.245074534690658,1.7677403818293311,1.084285158048179,1.6090732954675206,1.1459826513790305,0.3089286555734069,normal
2.4877435033546056,3.3884877895540995,2.9863541031403815,2.860518025114513,0.6118598771660559,3.903022398273258,0.9849416812099232,0.5214758700561586,0.15180981944566746,1.9367386793397412,3.9692797287213164,normal
3.5969800393517293,1.6513127909911587,3.1769727476905434,6.0664233889854255,1.2044641221366081,2.2732027270906205,4.021904241096008,0.5384100794498282,0.5859190025329671,4.460763465513084,3.2389250907385603,normal
0.9100727452093751,0.6756894760717337,0.6025321561732476,1.8912764751581062,0.925472865671417,0.9423170284155741,0.6051388511417984,1.6937090057773263,0.5380015473848592,2.5201134427735434,3.675214740046928,normal
1.954033092466315,3.228367582260971,1.4472279435415647,0.8189562968627572,1.2143893561960357,0.36570076481856206,0.9849989605466838,1.3928885594634761,1.639651239929281,3.2981259307485655,4.1236164592049525,normal
1.8957458987787512,0.651501729073065,0.6453627313211053,1.0000742467254489,0.8618501451462892,1.9269781317403143,0.6841879228586536,4.192810646433841,2.9458326042170957,3.3813910139094925,0.9614272665496336,normal
0.6839452071462506,0.9152543260741466,1.7326117422709642,1.5953914115257988,3.9081509388077307,4.3989255316736875,1.8033838040176629,0.45991916698831675,1.279640613944092,7.933516795976452,0.4862618550015196,attack
1.984669915571165,0.9103363788226569,5.650340154917891,2.116356695547559,0.9181754225799054,1.1308709270417892,0.2478706072278926,1.9627174394099833,2.0069988847718334,0.4795325840898734,2.4966793938378733,normal
4.358967050735071,0.5867626761047394,2.4566464751163615,2.500873827842619,1.8107839180379735,1.9019079957228013,1.0961172701872188,0.2367381964059707,2.0810810771742836,2.9146483520238373,0.7261921674241879,normal
0.9267070619933582,0.8348033195289911,2.193166245889317,1.975409952264425,0.7686307347782042,1.5634262689076148,1.603596370743054,2.108098559498679,1.1958679304682176,3.4907464840959044,2.1283500646545632,normal
3.449307580088373,2.08919379405683,2.223653676005834,0.3939334820331954,1.9731598784602755,1.5352849396003143,3.6974002835641717,3.346388271708592,3.9615064566729408,0.9459545068915689,1.6233911130338434,normal
4.216864025540737,0.9251356020244175,3.714052417600821,3.441068861001214,1.5827486963911106,4.9396715572866645,3.542359133740955,0.5442334749973886,4.441972991966637,1.5859132726632823,2.1903396417397554,attack
2.1984498389157445,2.5893379894638158,4.278208720761401,2.169047937076698,1.5025281763585954,0.7472979205518814,1.1423766987079764,3.3795241220984207,3.882406806655483,1.2508758536681153,2.947567478589676,normal
1.0638218516500206,0.30178164522483675,0.46565141964766493,3.590766543834892,0.31977749140210765,2.774126151901045,2.0488743629198436,3.7411142179069112,1.8871167612810678,2.4041237555787824,2.011507776102708,normal
2.209319391797271,1.6669887591517674,2.4368571079373766,1.3645764013190607,3.22052708884413,1.8618963650599818,3.055903878460611,0.9403087129839315,1.2731347877363117,0.4765549646869675,2.239098879215289,attack
2.166331652017221,1.1205645805466087,1.73007525180777,0.7329135805669389,3.4402331475498866,3.363953991021159,1.6679436485220143,1.4481967218630272,0.3883221791326124,2.996022936200115,0.8545234747366863,attack
3.171943376032446,0.4623588335717257,0.7066420914613241,0.5781714616659182,0.8223430915466179,6.992240961204665,1.521937019351023,2.688144591346098,0.6777948284679649,0.9450656098003445,5.311852270728497,attack
1.5657997152384235,1.9220145698034907,2.34274683583884,4.869935464742231,0.12128496101275872,3.5875348418635964,4.085773917372704,2.515339103744932,1.3566283075845176,2.109668242361044,0.6348803123253361,normal
0.2493189950603656,1.9341411686250858,0.056853920169128117,1.0952801990684053,0.7217576323858034,1.3493189543983461,1.4368949951218044,0.5575845469289729,2.4209413543512963,3.918021980588525,0.6335459260059422,normal
0.5942736161228271,1.6083388083187853,0.2588385724797219,1.6377766734935129,3.5844632493981843,0.5983288302688833,4.658686679497249,1.1945353083391703,1.3371444196192197,1.01072458957507,2.9090231132189963,attack
1.8105721244390114,1.2507793126644884,0.8458257076786537,2.0371317163726923,4.105828126787675,1.3416692141497562,1.7728002758282655,0.39680578534259014,1.756135736067237,7.054082190002255,0.5328680575337444,attack
2.1639056087903366,1.063764953642635,0.36759228616225514,1.1852718258274808,6.007008196388054,2.1382483807962998,1.9712604710864765,0.5849645552865337,3.3796984985017575,4.300405738152169,4.188332784796099,attack
3.222144198421269,0.7771745244850351,0.6211190809565146,0.2210027458288981,0.6844200287016171,2.0845654182878697,0.6754907959329314,3.493296943176396,3.8706562860182734,3.722020712402182,0.29601078278261767,normal
1.9746553020792939,1.8075407452857517,3.6522713451214015,0.38000292021233484,1.7904009031942336,0.36999162201165287,3.2906148970975813,0.10463314694816757,5.918602549984443,2.453702447686306,1.6036729986787934,normal
0.9517305195652892,3.7674875842045394,0.3895853343628616,0.10250869260298957,2.3570340476238014,1.5132103204421685,2.081441364156453,1.8640544737841662,2.60582048999902,1.6099097317077524,1.180009390519171,attack
1.6520927530093352,2.9105580999012353,3.0591127639028755,2.152282539792107,0.157132697498267,1.976686651056737,0.3197411263499369,3.168042472510919,2.874731992463775,0.7396224603561441,2.542982326011361,normal
1.7437889237354574,0.8742800867757777,2.507820516445704,4.528046332635472,1.1403648723473154,2.1730206084784154,0.6924493159713985,0.949115597345328,1.6701370742569244,0.8386985529016143,0.7894561205946911,normal
0.5972786087782379,3.8583379667902284,2.9533636413585005,1.6317622010890087,3.101435950194896,3.2781234318519608,1.4316633878913336,0.6588896823677146,2.1871860648646755,3.88470319716779,2.7799592294588,attack
4.395233457632502,3.2476608965454674,6.369008895795055,2.2863126213594427,1.3065217352375236,2.9195799871615415,3.9949066841577463,1.9891544129796495,3.2978398796922765,1.1971403753810828,3.236391936209645,normal
8.355757617043004,1.2069206141361166,2.0877926021178568,2.655856979212687,1.5689563948764267,1.27292432137158,1.7946703913712903,3.6382439043367327,0.40716209221030286,0.8119182292191587,1.5327001025422602,normal
3.3622947716314964,1.7835854618498341,1.0294294828609019,4.697219800617073,2.0440235068589026,1.2536606069231246,2.6268412841647444,2.5373831357162024,2.0847396408684697,0.9775614051845832,3.3170059101689175,normal
5.2496911978093435,2.337045921160197,0.4715214846608925,7.015236979024032,2.611025019512389,0.7292630507326158,3.200698897075367,3.896926787622712,1.8374344359267303,0.32945109359412417,2.1604212035994954,attack
0.7094927553072169,2.67137156628962,1.0128015977316613,2.4581512545864066,1.2902997774628524,2.2347488199812897,3.264615162927796,3.3280694292020536,0.8996525554825878,1.4184407713472111,1.4708804734128516,attack
2.133829285081544,4.083770810856747,1.6110355075041625,2.4868008732633946,1.5505542221004363,1.018066331948699,0.43839717361326075,1.228876399988885,0.614761278265024,0.6476776026953901,2.2677009279446048,normal
2.4652518168225575,3.432037977965798,0.26597942904797095,3.04230994930402,0.08764756490119445,1.0234281441808686,1.5548919909004237,1.0183597494641692,1.741166460783861,2.0312794467556734,0.06026678997703113,normal
2.5215599911473694,1.1582173484566265,2.963873958200693,3.041020075330399,1.893326302240864,3.325173621444591,0.824568084751748,1.036856111283828,0.25636220931725345,2.586085722210912,1.7656540805722287,attack
1.5408160105310111,1.4641020564348954,1.2985928180712119,0.6524531040629896,0.5316690750505944,5.274408563705354,2.4145292510059946,1.5070966823739367,1.3599793729642953,2.2221104744828604,3.789175174214939,attack
1.9268174517209673,6.6057057878209715,2.6575061759161662,1.1630070513688504,0.5206200055313264,3.6568580902940226,0.741860839183751,2.972696785538375,2.256903787034126,0.41401045702025335,2.1827358528259295,normal
2.4941841211155076,1.3138869080611078,1.2492477089598049,1.3774718415961182,3.593962320896311,1.1947610216614837,0.2834215902499249,1.7726272138631027,0.24290390364132952,2.134016246781712,0.6874895052390564,attack
1.4465848165145452,0.6983610357692039,4.47484167000358,2.244012281960259,0.6622210563705874,1.9159917654128797,0.5502969855686994,1.4294509859137483,3.785543496559527,2.2743267492598305,0.738514644097066,normal
0.4593993949415339,2.5080592557642714,5.038438509324439,1.4965784047754227,3.657612006107815,2.303680206352605,2.48089370904425,0.5365580769440913,1.4205089381427267,1.5029313005384677,0.15661545657366044,attack
0.9490852887274509,1.0451193225159925,0.7239464817164564,1.3765968285060157,2.869765602085784,2.9313264164367494,4.120116631403742,3.231458285292506,2.0301353741356927,4.2085625890249325,1.1159641846473574,attack
1.6202773373420551,5.300890544480813,1.086632861111426,0.11517017646001679,0.47110636132165484,1.4864567087715226,0.7172512952368866,0.42323321461632823,2.984699784425215,2.3075200379446574,0.17178554065306578,normal
3.4167075087267027,6.2533095566063635,0.9339173164270758,2.340926232296407,0.639077795193868,1.8446651659680962,2.397132796510488,1.492691288631893,0.815518250172294,1.075940829857577,0.23009926600471284,normal
1.6905877676123249,4.746012358488286,0.4689232441623346,4.099034668615739,1.2835065962134982,0.22388142763826654,3.013153281694109,1.7093102528127133,0.5886263329011594,0.8554126432064665,1.0288972230949882,normal
1.430036471812079,1.8396958493882924,1.8911369720188513,2.8024015075532422,1.6592069546318842,2.1014701004498417,1.7116567716311808,0.05028065054046013,0.4900443843480279,0.6352393037440518,1.6047971386339321,normal
1.719476191379704,1.3062382382652047,2.3516179781872997,2.600576682392644,1.4186619084204866,2.8368149670148837,1.253417590021688,2.008104406493313,0.09783914440311817,1.4366234951533,2.9180273488813295,normal
1.6190478276257967,0.6045500901928195,1.9066810886528172,1.3011288341489131,2.0674575622331806,0.8164383422086834,1.3791979523812246,0.5744394280309325,1.0293791549729687,1.7929239642315786,0.27313497087920685,normal
1.433671794043006,0.4699729082789662,1.227199391383624,0.40214632383716237,5.728825436415564,2.9080185174254765,1.2953264580418073,4.077347444761783,0.8409895140305215,3.477245529460457,2.1005193464670753,attack
0.8740306265233394,2.4028870067222736,3.007007040906652,1.4768761198166602,2.7565018598803968,2.584625712956837,1.9292008808727017,0.4000687642121607,1.872140226882848,1.4443455588867025,2.2836941532484536,attack
0.6250146496591823,2.814229771236001,0.9868862521659805,0.6399356553436607,2.52355676185233,4.150866272489114,1.707699161281736,3.9444007461215023,0.8746424947960546,0.7268558727809649,3.30494193488223,attack
2.2938401418171006,0.44726051498690855,4.408887910750762,1.4451306189155675,1.5466160049204862,4.831486577677599,4.021555020511417,3.808186592887027,0.8773657560532432,1.9245356610730588,2.208969812242813,attack
0.6722309257996085,0.4627329441827207,1.3708757229289459,2.7922510856910994,0.07922948367649943,1.6437692190061508,0.5256565614538599,2.98185059540321,1.9863589305785527,0.5154683204968926,3.0250180370058275,normal
1.9764133936057264,1.2848616836261282,5.778150509892361,1.3952403968649916,0.9954611559477052,2.410386764631514,4.575582047081693,0.09036484352181591,3.4525497397726066,2.4886133231878924,4.092999099899083,normal
3.6085813571943604,2.1503718259263387,2.444543318370505,1.7140662689501762,4.212165554252787,0.8590948338707568,1.697119456471539,2.7998177962550743,3.02955210752292,3.036929824800075,2.2993572603884482,attack
3.0517457897575317,2.437015056652614,4.851428515365864,0.8323052023746457,3.0435372472533984,1.5119911567952546,1.8084915410172446,5.0973732621907395,5.04967358850602,4.2113042618559655,1.1083519424984445,attack
1.01708457434441,0.5141557253164638,4.458553730623055,0.6918376428869943,1.3057178578959603,1.1118296750391736,1.001115199472874,0.26442140158756977,1.2107038318460837,1.9223180464968068,0.5907972564330084,normal
0.8840533909123488,4.031866357219264,0.7535986585354671,1.5647210647036314,1.6468431353874575,0.8993055978623246,3.2832769127359858,3.9234081394216234,0.4549881781834368,1.0931440916087818,0.8413297233750926,normal
1.3146233171910915,1.6491176576896713,0.2842313596741851,1.643057890633749,5.076939711314381,3.6757912688942582,1.9075069346593114,0.34555861823025025,2.9719790608406362,1.18849033039329,3.4699328443510455,attack
3.102716760773713,1.3031858245088033,1.547598436044365,0.8623110820922744,0.3688030305913236,1.6203138729938527,2.667802506816291,1.7690728292897526,1.4863494081412723,2.4320404720449247,1.4502915102830476,normal
1.9098039331764247,1.265365699262711,1.5918276120512238,0.5561787366336002,0.9575633694924381,4.978045324520082,0.496750400871984,5.208534297149583,1.854672921019394,0.36155003978028216,3.0296914954753373,attack
0.4714205533093038,2.8314802527144507,2.240357692124095,1.7602478202042093,2.0435499162510546,2.125590086449656,1.4103767589497842,5.463758473963855,4.1276259725432,2.946647959136817,1.2678149191384898,attack
1.1716775781483588,2.1176911598431727,1.1811393495829436,1.421062139114673,2.985202429635843,4.2360723468828345,2.1548611699871336,1.9506783539889543,0.3435588207682033,2.8840221202954623,3.1131814453132005,attack
3.634111048239915,7.831510970608191,1.1407003010132721,4.634487260907219,4.3212020582994315,1.977416542233582,0.4752841232439117,3.978262313127846,4.735453642966244,0.6329905208942627,2.70604153888465,attack
1.8692409875264537,1.7922282750734235,0.3597925881582626,3.910910946744449,1.2779580769390493,5.973728357009782,1.4959850661076877,1.1450289993480676,1.2538993863868573,1.5554106077411651,1.5210151893164097,attack
3.9205832632035316,1.5087112872710948,4.367632128220421,3.8561103543814665,3.505773217333463,3.0854363071436097,0.7226383901639689,3.232973593525215,3.865038826195961,4.550638832828796,0.3858930378263923,attack
3.736232688688796,0.3981448717205601,2.8087399251370915,2.48068776170319,0.8566412931348818,1.9474241561047756,1.6602550363746023,2.5893242519965516,1.888503426601291,2.3431167786653546,1.4430909273191335,normal
7.3393162860145855,2.3886873733267593,1.263775571295375,1.2002442753736962,3.118480949896558,9.771142711697081,4.152536707521901,1.8106636198581405,0.3368657963562334,0.9023435621590733,1.117644471375996,attack
0.3140562011342408,1.5830670941354326,2.8514250731945943,1.3453711191082516,3.3565831281610032,1.1863082112600032,0.524701541413147,1.02073502455706,0.9229975293476241,0.40624502872659407,0.7536860944430077,attack
0.2599062796496827,0.23899621012880193,1.3226938350006954,1.1007049308812746,6.344918711387111,0.78466305478554,1.2498670948401602,2.066599597874081,3.523886216210784,4.437642448423055,2.0861993773654137,attack
1.6013813867559876,0.9729954468684238,1.8930978979180484,4.200066131954763,1.8441238248380085,2.430807655173361,3.2329997313560246,2.2868193940574644,2.594881680108594,2.237218097951541,0.7169737648593515,attack
1.9270457117070516,2.0905055043206993,5.342830588256562,0.9853942062295514,2.0194692310143925,1.316533140143688,5.0404494208905035,3.813476276751514,1.9912873949909802,0.051860932849984,3.9311469942575545,normal
0.43707641563383887,0.2720339277699547,3.3671346868290084,2.5070384720168755,2.33824894897805,1.0254111339824394,0.3643627485178006,0.07742101051527844,2.3287990148418998,0.5272766348648138,2.636391355308931,normal
0.6041204334533639,2.0282409167465327,0.6898867607904616,3.154398083058662,2.2563222728526213,1.8928042286209705,0.8014239065804961,0.4144232879695494,2.3406004841936703,1.0494211152676978,1.7978753498157178,attack
1.7155567246722812,1.62611810439625,3.8437314350706253,1.6530552391229927,0.7034764071237234,2.769845627806738,2.6997025161916772,0.9523845926251211,0.8067834710941852,2.2454325115548603,0.557494915169686,normal
2.266055222264221,4.58654692896583,2.744339989992006,4.759786545998451,1.8074036823728656,1.8034084468423137,1.9663626264408138,2.431669203839549,2.32701295492939,0.8333443016257425,1.6875523753525468,attack
3.756763112368856,0.6785283136747692,1.9636766900219746,2.3992345440577703,2.398523727052722,0.40353981050031684,0.6616472443919663,3.660764001101747,3.6199600604971414,1.7452674958851577,2.1692139330049245,normal
0.7401715142237175,0.5093069968978455,0.2866651226993915,0.49864560985181366,2.1675310652301096,1.5515672785522514,1.883094850023686,1.859100222069882,0.6435796817154309,2.2656932127470926,3.9984180954969015,normal
0.6535135011824816,1.6429610877175915,2.830793133518085,3.6122154905102173,2.459001482314799,0.7379738982637474,0.25142836622230874,1.318865227482091,1.4951678761256655,3.6155789034958428,1.2203326651813688,attack
0.6350700857545692,0.8959326745094004,2.4425089605074737,1.7299623757606217,1.511078800088918,3.6795917123730755,0.13954541451647823,3.226225374839759,0.04004456401179963,3.106607706338956,1.945792652565762,attack
1.8530593960961705,1.8843369484615566,3.104624867463234,0.6135483226708929,2.6372736206102836,3.169469019458911,1.579603830720486,1.0131596759459573,0.3189424469723806,8.716378566564268,1.877450375481408,attack
0.26102554957487917,0.704289575148214,1.067473110336777,3.2224618835096432,0.7043481532673733,1.024414107841631,2.8574404467659456,1.273090298381564,1.8191696081490443,0.46209399421926667,0.5630988887202708,normal
0.6352593166629416,1.630730462847804,1.8042228307126156,1.9424542398972597,3.670003682431356,1.0064337485364996,0.36887087944013514,2.914720688990918,2.0184075654911324,2.776546398566265,2.0139128326794875,attack
1.0975294267063738,1.0972500273610384,0.9097235618258397,4.0795428124825115,6.594865225732191,2.548407686227019,1.4005337768879744,0.9719201427142212,2.270044324723215,0.4679281445043655,2.487400152884552,attack
0.9234882045569119,0.06301409081412604,4.792414608698773,2.970686256197092,0.41413877554628736,3.322585940475885,0.9102179897754447,3.274255883163929,1.6129161679408197,1.6985718793816282,1.8071510116842082,normal
1.6247346116886332,0.6843084067653771,4.800986691258236,2.536810265706144,0.5407449704471051,1.0271848401326011,4.8396164595238975,0.4034416688901492,2.47214344152393,0.6392075590091455,0.8892187951626409,normal
1.619203627320384,2.31353891943407,1.851155091865949,0.5763979168719979,4.699800530210182,2.743321703642353,3.8277527724449922,1.555673686384095,2.8803256662915273,3.85661213047602,2.1641818379193056,attack
2.1144188242486788,2.4407638143568815,2.4301850161421927,2.202520895758447,3.145087498377481,1.53196468432752,4.477950265362361,0.18778412523224913,2.8364328548911573,4.303424597779193,1.014893801096323,attack
1.2425147539485102,4.540253061935761,2.8206144317013524,2.9637560606380915,1.4659012982190278,1.3696698631276958,1.4700246135377086,1.3422327121304174,1.488313791631698,2.6120922522649925,1.302210670981805,normal
0.6449397110691285,4.153495877704554,1.0066579193458531,1.2414652368513577,0.4542794600701166,2.135732008284248,0.9766503146901089,0.6209549177025319,3.3512431711395974,5.420334669331303,1.1084971483470256,normal
2.8458242215134675,2.257012170738393,1.9625551586703953,0.594107386946434,2.1053949201865936,2.9305967586390227,6.434144081285198,0.22029851831574437,2.819751683740657,1.9600954857888386,1.4999559921045413,attack
4.1799024548590475,1.0898672275076215,5.344640709858198,0.1881981877516939,1.326852187532732,3.394377479452114,2.0392898361822316,0.97552960055938,1.1434234279612423,2.4959510253083135,0.8669658019189735,attack
4.61432427731523,1.6620439899594521,1.539030079323554,2.2916947162269885,0.45782042533519807,2.04686039529446,7.082793141052748,1.624330318856707,1.9929567049803418,3.0731900146083073,4.534391257169246,normal
2.0298862160171893,1.4784901883579393,3.312639413608584,0.8578791726758045,4.454369935871701,3.632545895133636,3.2448086098821043,2.3662328340479997,2.783572944163442,2.7815358830384813,2.1914029957742893,attack
1.097387401407773,2.842490679404978,0.5791773503406731,0.6980102311277567,4.618102830699397,0.6827230699008656,3.9265772760379365,0.6590651252884501,1.5573704164462472,1.6868091262825406,0.41970589664282326,attack
2.6059171780633728,0.49950762237859003,0.5330596452712045,0.47762694077194395,0.18341984760229577,3.199174179042798,1.136432255958787,1.383716399237983,1.5408627838533206,1.183229179952414,0.6314639992068667,normal
1.0763101518995086,1.5326431753973917,0.5944386537192642,1.1123673111113084,3.5242053963934437,1.0693380727088777,2.3117479802695375,2.5587475059251448,0.31082111756564135,2.6033395198786433,3.2193309024707704,attack
2.379986318129423,1.268053652395518,0.4704448897009342,2.465325921500236,1.1226607284675032,1.42485005802945,0.8314173613005952,1.5465910367830606,1.4764903326081023,0.6667647205636906,2.2362584031190162,normal
4.609260854344348,3.398533959957208,4.871774722364296,1.0691888836194843,0.7450122474293858,0.2579887561786257,1.3146367504156364,1.4618247587091528,1.721048740777158,0.6373161077675361,1.9602723243735718,normal
1.627335209388443,1.9848675919751229,2.3094768975286177,1.7792423963909796,3.3300967591129247,2.1935768435723517,1.6638867771339994,0.9315837595243772,1.3455922249428653,0.4472654637167983,2.8818538961105507,attack
0.9372572329480755,0.7303811900785644,0.5136903270723411,0.8750060307415685,1.1034013853500266,3.7927679376278176,0.9201334915323761,4.385741979333456,3.821702480423503,3.7225277813350544,2.4900164837210266,attack
0.3439979115453203,3.4391575297961037,0.3901985717370298,0.6635344296035264,1.0987187472224562,0.9479898003779529,2.9881033436987114,2.7302199718365134,1.4904235624872906,2.4638647234590008,1.8252402390511606,normal
1.613942701913056,1.2011812263344248,0.835316366981553,0.08731332234644563,2.934467323652257,0.8963652044030611,0.9701830853462601,0.8460924446036169,1.9889787790549485,2.3442083614874423,1.011407404949806,attack
1.6613682611384173,1.0668161458202328,2.9387832372851865,2.121528325393489,0.19671875357631305,2.2832049908787306,1.7494579335707605,0.7800263306337613,0.6889380071033439,2.709256075907796,2.832685952627205,normal
1.8238748485374006,1.0274002063759915,0.8006272295927487,0.8295639426786436,1.2259554019736878,3.2834047206263204,0.3016432097890297,1.6254382783967645,1.2355162789568317,2.1495965432474406,0.6517612722638185,normal
1.3546959926713058,2.792597514987247,1.8386627564441549,1.0892271049632838,0.7636950911223624,3.8271267062015477,0.46580557279643386,4.186365173476216,1.8023812782655073,1.4594838913523516,3.2395749055384653,attack
3.341259986762996,1.7055622452128458,2.202571020712167,0.5771268942821475,1.3602857420782144,0.9243322312264844,3.870031431491606,3.622239179003489,0.5903251996110732,0.555361389489522,1.4125650199844701,normal
4.286901798911924,1.1394020094199826,6.294086087564945,0.48011781671769227,0.8940566505877467,0.5738808963775454,1.7264266989851529,1.115622581526273,4.0266506750637525,1.040217131314687,2.870924946008693,normal
0.6086764408423325,1.294603812366255,0.24742817533029654,4.335095669012715,1.4075169763956068,2.8567215097986733,0.358568629370506,0.43947008764007767,0.6231708905340737,0.9577664014146247,3.3118441484470487,normal
1.079724348489077,2.298765531558149,5.034379562374526,1.246260300911151,0.4033921695207756,0.6348021185066196,2.455746506392611,0.9306905043944327,0.35324273566203046,8.00474580321115,3.491570963542318,normal
0.7474119470045891,5.987867582843255,6.965508470197894,5.229733011084598,1.2786318998291228,1.526875682471969,2.3747951042384567,0.8336084473632355,3.302403772351798,2.0487845231780764,3.2341794700721915,normal
1.0916659921856582,1.9324232637561842,0.51335849699521,1.0028675064959878,1.182108963538999,2.4465771255314905,3.082172937713047,0.601706637587758,3.8285722141780143,2.2314891453271075,2.6004282358909325,normal
3.0645916189854376,0.7184139999689758,3.7809069597690135,0.9437416384826758,1.4677058565365484,1.2865031198581942,6.000195129453501,0.74378402363686,5.2430351988462975,4.361342430097526,0.4777275054020745,normal
0.9197836115524631,0.9353894396218101,2.637816634634423,3.789412261853978,0.9371741745845155,0.3778949515864039,2.6425916891710823,1.7615303325112983,0.4652073164642101,2.3868100677505666,1.6604469415128673,normal
0.6029727651436525,1.0636231593816088,5.013494174326854,0.0821490333539222,0.6792859935420673,0.421152415731003,1.3129203606470317,1.8673815026851437,1.4987355592015226,1.6405784411014244,1.9641992276496665,normal
1.0558292013862256,7.238932713629707,1.7465040457904357,0.5098380876147819,1.5330853328243466,2.6530519751175805,2.9351928122604884,2.380888021177551,1.833161625918574,0.7142322351054351,2.1158749886593067,normal
1.504925905405998,0.8990623499781066,1.7461655099418365,3.053446651585836,0.36622819316324334,0.7104188112654641,2.765161816238694,0.5698824149596753,3.6487342075037694,1.351887300117128,2.355570701178344,normal
2.683443901087368,1.5775923220141275,3.855055225726329,1.7899403493040253,1.9285279218955786,0.47262527596331494,5.125366050933791,3.0587649180361214,0.6471294352668765,0.4780133319898569,1.186885440311438,normal
1.3167149646447385,1.6739796378094784,3.69512417056565,3.830169414178761,3.005837582653216,0.21880972738885296,4.656299334802576,3.2931014644214285,2.5089312035158797,1.3682620261598488,2.3609229826272626,normal
0.4006218535043032,2.2897353587756184,3.1844056048051623,2.05691198968548,1.3545976079140416,3.929620197932265,6.639426710921179,2.4799791753823186,3.1400567297800004,1.6115457324459168,1.1674154509405665,attack
3.3186754425085856,5.6208600146428305,0.9441076336438275,0.6672195778713592,1.085814034574274,0.9010960968405501,4.128743505755623,3.810328209123772,1.0449188985097657,1.971790839154279,0.6811373721027957,normal
1.5593437602572846,0.6504823864666599,1.3693631546373224,0.6660451338300931,3.907491597181479,2.0252056384026917,2.255571453765471,0.9349336974973668,1.2284768470901881,1.904107071726151,5.6001996742030755,attack
1.7354658757210282,4.404031797592567,1.3089480784225977,1.8028850368693636,3.7188522081366022,2.897834456554293,0.887220749015842,2.296072712057495,2.4018754294623146,2.6859197506392185,0.9501246174800073,attack
0.5656289913667588,4.580746725874479,6.714671615587584,2.6453173608987948,1.253949292870513,4.115779359114339,0.8005747936178341,0.857012121948335,4.797111808292053,6.326813102364248,1.134432784599739,attack
0.9295538086395598,1.7630931836407846,0.7290558783363653,0.48039800289670276,0.49897487255927375,2.247083235542485,1.6812468239329375,3.692188968516644,4.807838773023372,2.5655880140290273,0.7297423575627398,normal
0.24054820998164334,1.3316724667246875,1.1939828318754633,0.764687501506633,2.5118694913395663,2.6496265004698647,2.190054006706551,6.544751162681067,0.519158753047801,1.3981111266282888,1.737790265633675,attack
1.254913940886396,1.12395636050687,2.9656726476044777,0.9618873926348641,0.8140716027118023,2.6360173542496153,2.584393736284975,0.4431074703634739,3.7329497430435485,5.826965683353652,0.3155328480587012,normal
2.9862990338486606,2.1021722569276404,1.946512081114031,3.890417920702692,2.0720818431022168,2.0100794698030433,1.1974632342068383,4.0205310758468435,0.42495304200454853,3.375320321169457,0.9216984113106435,normal
1.6862332224451757,0.739126919645483,1.3103097293828552,0.8510781730263388,1.4152734697886589,3.5413841628432605,1.1719641201116868,2.4935152207982663,1.0677340884151783,0.8497159681167551,1.7901044693330146,attack
0.1359337364993017,1.116862696771073,4.094233385222425,2.3857708936338975,1.713720676513713,1.5937679056342628,3.541863877608444,1.0727985602903407,1.3597777686223071,0.14490562642831908,1.6042527019106707,normal
2.4858902143899146,1.151056736171295,2.2432965995898946,1.3547873770040584,2.318609906741764,1.887319199275622,0.925545864006958,1.382304526318916,1.6087159780541107,1.579412514338423,4.841088619291869,attack
1.5443787611879372,4.149759542961519,0.7050494285756874,2.2601569064827345,2.9800001672062124,0.4294534786559481,2.536317926501657,0.20919193270260267,1.036527306530255,1.764642432206041,4.901715132872903,attack
2.543572585960858,1.0081521835686977,3.4879048732762183,0.5521680212187401,0.2817945863392031,2.2356535711504577,1.1275725110349248,1.8174869762580426,0.5409660047312409,3.7461744692839605,3.4991491725523005,normal
0.4201489065236818,0.6882518499061983,4.1761359398347935,1.1123771835019125,0.5684493199236134,1.9839385267092968,1.1756259949726948,0.5455820696193479,5.015209316968952,0.27300675359717275,1.483443080162204,normal
3.031316921204979,3.9259357895527,2.581104817249312,3.163780550893362,2.813110142928922,1.7633190451450154,0.8299582938906528,1.2310905382605961,0.6453001314099257,1.8793167512873081,0.8167109910696269,attack
1.5181994743728047,1.3917804327112635,2.1300865385026273,1.5138628599182022,1.6238444137922463,0.48046266093387674,1.0112380908906635,0.018279560399952096,2.498705045325699,1.3246258538947349,1.178416063289651,normal
1.9228583626099793,1.7174294460431665,1.8921576159657814,2.1394521671903868,1.4867404243365734,0.6343530791793699,0.5390422853958976,0.9433032911099337,4.57523100933362,1.66070884506834,2.341029153733291,normal
1.2149193682367152,1.404627737247456,0.8376911710108598,2.4149734694975873,1.3109139658189513,2.587176147628386,0.16291805343621663,2.6784892699379372,0.7249405494498246,0.8442386852284935,3.128120249769581,normal
3.4325808080708673,1.7665694619157788,3.2726070829573035,1.015078846422274,1.1741836279257682,3.9964252617552227,0.2354894773280615,2.3795955759558054,1.4661430075607618,1.9509212949862709,1.7353334208163085,attack
1.9227219863997136,1.4409100508300603,1.899863671195358,2.3591259173707724,1.2279536701506408,1.4749368798229738,1.8477946073201146,3.2916575698079145,0.3671028617284435,0.6838309765911474,5.110269738209361,normal
2.1721309099527284,2.1175200380743404,6.898664688142592,2.0915307842119817,1.1090401311910494,0.1311668709120986,1.4121244727233506,1.6836004796293125,2.9483639073563346,3.0588936561241393,2.428131836948402,normal
3.3794996299458013,1.9078589402429167,0.38278067375376107,1.3315177806179272,1.3399163116343786,1.7816689333304812,3.4634392573204007,1.5766372168202165,1.6060202494591567,7.491505263938631,0.7340460424515777,normal
2.0390241192544662,1.0309052707042197,2.1908894918833868,3.7530905526726785,2.7177301057401326,2.009837642759564,1.6279643803475412,3.382379999408553,2.835497217829031,1.643720722046848,6.952492839854716,attack
0.9125368781469116,6.602007031907339,3.474626233072545,0.5483835394982969,0.9938511310874911,2.0218559604729953,0.4243544647909916,2.8879029997186816,1.5854415528423662,2.977446826401005,2.7137413929384953,normal
1.3896797884811414,1.0152620708261693,0.1974076570928932,6.800304718154635,2.587048809721051,0.6155608926110906,1.5814975652217245,3.3585408643167822,1.7529490633287457,0.47804653720812323,2.8223709537407853,normal
0.4818067804867966,3.1074658050273545,2.2386435318132625,1.6228539600210652,1.569831062280283,1.3354433591027743,2.5804620813152006,0.5872442152604617,1.0778122058943405,4.287922292296299,6.312838061849283,normal
1.460873479524974,1.8576653443826507,0.6860390989852099,0.8954865199089223,0.21184601658145005,0.37461179233309266,1.2029033152527167,3.2030123534579786,1.6264324569523356,4.150678123837872,1.085300900083403,normal
3.638470474213008,7.643097142464896,2.1951138256410236,0.1961150680735051,0.19020761211931128,0.3989903747883131,0.8500906572153855,3.052625739247513,1.1687480763021798,3.6337699662469944,0.9938541356385376,normal
7.462982802097531,4.310103493486776,1.0999894551900666,0.7585428174420698,4.347807855041203,0.5986660298014456,1.030130835320806,0.5889704261686062,1.967065708970576,3.8072805809450503,1.1348920578422024,attack
3.276342597304928,2.0728168104537095,0.5714978722031171,1.0604077531321985,0.37596036913501407,5.230599087247975,1.8194208578783364,1.6060380134102579,1.7852325181464994,0.7400235155909183,1.1783972469208224,attack
2.1799920564284574,0.2797091445822417,0.14118019163069706,0.9760760046025906,0.8424741581962429,3.9802825685790633,0.7380669373321458,2.2191284735240058,0.8397127496150133,2.120259179432568,1.845613322454122,attack
4.685432315119648,0.6740970011644549,0.6769115513935274,8.28112459784979,3.7101371624712405,1.045948373463501,0.7117362899666495,0.6216172475196181,3.596220928148218,0.8983910867370628,0.7596295743477527,attack
0.7410217748534236,2.477109111366986,1.3157327487562653,3.681262534700167,5.998456696109509,1.84817149790146,2.0010696293056442,1.2555235624945396,1.7864338088818987,0.2098230730560651,2.1468325593676196,attack
3.1259700273950917,0.5805806490244384,5.310280349971651,0.993999721876344,4.362284884381245,2.644616975381033,0.5148816245919228,3.5346775925161373,1.6183961579196304,2.309895849792385,1.282541305467296,attack
1.4504263823929995,0.28544673164526146,2.444257370930522,1.5870166384711584,2.0142137918745413,2.357996009338626,2.2285307007237227,2.519880977168709,0.27742099217156435,1.3109518437573007,0.5042813452579813,attack
0.07851426788723653,2.278005241814933,5.920219030302797,0.09969267418400031,2.4563387715031526,1.192191194353162,1.4579851034570521,2.3961255694387367,2.1493869907313274,1.2816243485247787,0.9969278017926755,normal
2.167831418780388,0.14729698464738256,2.379299733879405,1.1967324691100938,4.074466505878125,1.561697644950825,3.9314465182356795,0.6480221463446593,0.5962488536142474,0.8160649431603587,4.584518903297148,attack
1.5113317075384838,0.9617276958004133,2.1376137703088713,0.8592818988563571,2.1185845685976523,1.5034229587152503,0.9302219322047472,1.5731386808343828,1.5751867637067096,2.917674717697518,0.47981357780773504,normal
1.0691391071652323,1.8760326338136688,0.7739301899818203,1.359536159576976,0.9143607211190473,1.1549618623345754,0.6013910281410354,5.933546607169879,0.15815877944456386,0.9095758219454818,1.553729068248139,normal
1.5413340447481738,3.631261754450937,0.4742989935053068,0.2972793033594957,1.0262187975738308,1.5552855881462802,1.222817468703345,3.101460088167353,0.5404519025495055,0.94183788326229,2.3545839410085345,normal
1.576347552134951,3.684530889879531,1.5794532513182267,0.4678517656624356,3.371318262320764,3.10776071619888,2.116545925959292,6.658285238661329,1.6380191840962126,1.737738832861198,3.0521129574150074,attack
1.9456387465009206,1.7225703293706756,0.28937289274771893,0.4132942799289702,0.4119524320200207,1.1748034047361753,3.8090451610763916,5.170284796005435,4.164276910844681,4.290391986539741,0.6957937699529225,normal
1.5753140693309593,0.6110270629318114,2.052793451832503,1.1846435575958734,0.30119456432485164,2.254983372936385,0.8384959507754736,1.4481140657358003,1.0051628268442494,2.482526861807011,1.773085940787154,normal
1.5596208378237244,4.065562198650056,1.0648381128710362,2.1540923693420906,1.0978780775764445,7.579060614215577,3.46202476164438,4.970384759799224,1.7359993428586205,3.563731381211029,0.5557635476481936,attack
0.4677386764844188,1.3218563850894018,2.009514190869539,3.8296865334577554,1.6296304857300814,1.3085670095949058,2.845165218257579,4.784625711300382,2.9850373784221205,2.269426678476207,3.5431121992148373,normal
3.352466104671736,2.9946432461401757,3.409905463603773,2.056284099913398,5.458630417882236,0.47913834668012245,2.5640245940864697,0.8973820315523439,1.903804453579556,0.5153158603613167,1.1548614741181722,attack
1.2897939342656748,2.343141710842725,1.0714373772367323,1.3797464945152464,2.9371720240598393,3.889873570276144,1.2431455639608542,4.319408086994511,2.7950407119091287,4.278575216626906,1.8096120815193932,attack
1.3584903436625795,1.5990914124499258,2.296552699286316,1.7793496244063238,1.8199125317101383,2.7771606086310645,1.0836646062609674,1.9602644978461825,0.5089781292829583,1.6750287896755198,1.271369573902601,attack
1.3108172623644911,0.6261711855823913,1.0325782568903767,2.342822444362664,0.7596019121408503,0.26430357477,2.5938306307942294,6.368942277778453,0.9808173490498306,5.3844348061714635,0.22853578629098273,normal
2.4844842707751242,0.8939918282867612,6.26262118737451,1.4798320559850682,1.0416879407919337,0.03939001167125205,3.0840797137693907,2.946244508931218,4.172797627123834,2.0487915790554454,1.3548323411235637,normal
3.6837229772688773,1.159655602301268,0.4660251570703906,2.426217980365965,3.3971241173030804,0.36774154409031334,1.936234281429842,3.0937822631338054,1.0795983086758882,5.335923582947357,0.9810124230508784,attack
0.9815230031300126,1.1731548983138562,0.71980767345573,0.9809150808781061,1.8863800036499634,0.8117545692174223,2.6108055577173706,0.4102306611019959,0.8217931524657459,5.407153019729365,0.9551669723700307,normal
1.6617086818656237,1.770836299158966,0.6659755572103685,0.8799177634271194,2.2127988021729723,0.9596759165358304,0.914188041250383,0.8753920003174933,4.130106338589571,3.569418862925764,1.9098272493506412,attack
1.4563734706542284,1.8315502823022842,2.332232212275515,2.3437490173156754,0.9707210642953389,1.2386814054916016,1.1383411183849679,2.0333801470285926,3.9925079838667594,1.668968392847576,1.7906189799824939,normal
0.8123930959338178,0.3445492658269264,1.2095225085715253,2.6965387243072985,0.8283394256669957,0.2705779957393321,2.4079256434648233,2.227466342904198,1.003567061310303,0.9033199656621776,1.2902498315407351,normal
1.0675729018477418,4.6898985992510624,1.2601625185547347,2.1099574135073924,1.4204057442247968,2.1647914367748684,1.0317952339241383,1.001022905355262,1.6602493679065944,0.8881666598811085,1.2098760096812942,normal
2.6136055569677374,3.6570096824869553,5.732737142296672,2.4698268233274767,2.034023362964107,0.7343948601790056,3.370624729968827,4.551305378337406,1.1638575500535742,5.417507460286989,3.6142147150668142,normal
2.491618695593047,1.4512089040322738,0.5357347217465969,4.702047382573346,0.48127649375401976,4.849365515868442,5.217384933852404,0.7469873520199631,0.4764243413239591,1.1343000436619763,1.5324254292043722,attack
1.0555257431178626,1.1196154968403371,1.577898282200533,4.5830319328284235,1.4255119793235047,2.637636199458909,0.5574691097368676,1.7479902188236052,1.2102497849572633,2.576480605527649,0.5144002516758026,normal
3.893694164541614,1.1695385663928013,0.8552588701453153,5.178082641959857,1.9772532261319251,1.5484462654929032,0.5092516346638921,0.738336445635747,0.5311962109751077,1.6611711036126406,3.5803123844605085,normal
2.0948021591635397,1.7405583056499956,1.5815986585058708,2.997420358868143,1.3646366643770707,0.40408446735016235,3.309341788189274,0.6243573464084858,0.3483782341284398,2.0251118996157267,0.2149534414033119,normal
1.6040203547762524,1.8374825837021822,2.272706755292812,2.1061824664213975,0.4783900947879391,3.0018952462950854,1.563435765349368,1.1934546088814664,0.5125966839153305,3.4486488686712957,3.2174666607467275,normal
1.0525698799414978,2.281527428327258,2.701614214556205,1.3042343229812725,3.242879631814732,3.3622490452640696,0.29225411823464714,2.629944122283453,1.0753920637894827,0.778067373698266,0.22129403246567458,attack
1.7292424556611308,1.275615191130368,1.0311533018478467,2.75341157032258,10.009151669528682,2.29827799233457,1.2712297718730876,3.3146752816457443,0.6644395972941374,1.0842451198313245,1.8206850780565795,attack
1.835717621854571,3.0663235841603846,4.476910346152491,3.0144560694157905,4.5039544221221295,4.643470155779798,2.0218923025201736,1.444995167794869,2.5592003665203875,0.3286648275087483,3.0571806140987614,attack
2.7893545799650457,0.6423680707187318,4.203271779208389,3.4408914450807457,2.453168602433357,1.428766999958421,4.310097436526058,0.3609521383490385,1.5587884179557574,2.6522785209105817,3.6705563317423517,normal
3.3740997724242616,0.5928958469513244,2.259755943955981,1.8564798000744542,0.3002126279177973,0.5447047598374037,0.22298298902838504,0.2988286711989155,0.5936490352112732,1.469390623415349,1.53528015706374,normal
2.2059005231354885,0.9451845481065632,3.806520355957012,3.22954367708571,2.1377992797054852,4.962563034816847,1.996538782207149,0.41791779279774965,2.596463895429949,1.769841972512339,1.1728105342089195,attack
1.3137586120432307,2.323041944819316,2.0768562683621727,5.666276208457082,1.8848224494904002,1.9974107012604652,1.752900351046983,1.7345456097168053,0.6304904484155315,1.0477780777830323,2.2768797654692636,normal
0.4174317555224209,1.361858425184383,3.994687717178529,1.2992609684470948,4.768380951862021,1.3233704220296956,3.3814116797540734,1.8006853503188796,0.6424158558391329,5.550957878139594,0.5825647052562433,attack
1.1217344044524995,6.015740127194268,1.9888998351541336,0.873394516891971,1.744778144447956,2.5526416564242687,1.2947707219686024,4.280022835069899,0.9327255693659213,0.22438279924002671,3.137495816453963,attack
1.5161483610069906,3.375571196863618,1.2457381756648382,2.279577017926311,1.1949951893353425,1.4015847202754357,0.4475402896959303,0.6212037296209759,2.107720082873775,3.137167009261799,2.2599859651652303,normal
0.742374847107989,2.4232326907844755,0.7590268052131182,2.0829270006926395,0.9389562959696556,1.4733590267420689,1.0217888257826748,2.495536922449005,1.160995449797018,2.5534605670361485,0.14061077037464856,normal
3.2530586047536993,0.7365071448306503,4.536873779651979,1.23128862546277,3.959129772810643,0.2897243180929018,3.5721097086748617,0.8507431836411236,3.551712470933289,1.6589670731162796,1.335705618567755,attack
4.025768966031843,1.0722928890515921,4.7624994510913545,1.3842465745709003,1.763597891856991,1.9173572342513856,0.5941317051238403,2.187292148007939,0.8492981583616973,0.701190205450734,0.6920050567559685,normal
1.2287496227881431,4.137873115144831,0.9432355835068268,2.143837282896185,3.904347134817143,1.3896154859101792,1.8918678150688162,4.357241918200922,2.4567153951804643,2.2444199583988027,1.658417327067244,attack
4.6700988662340475,1.2364933323971947,1.1035270933312469,1.2896595026256688,2.606280436276936,2.0440196537881246,0.7673997032786635,2.8304889726359264,2.427588074140957,0.9484745745501155,2.162904060027453,attack
3.2931206871448815,1.3462497974119179,0.29887275874903385,1.5446105310528295,1.2813177881353375,0.2122347351345049,1.1228220693213047,0.6268868789472753,3.9765322493326214,4.007365013008496,2.3071968790199047,normal
1.471046706913218,1.2284496190501613,3.123932828821376,1.3876597060667877,1.6049226299661057,1.9902781063280204,4.632326771362165,0.34801930955233246,0.9751909251880971,0.4902508052779043,2.2601577178205283,normal
0.3599788999984376,0.8435060954583153,1.8584938132351025,2.815118122365402,1.5315846263096764,0.8567072721066648,1.2691206939903186,1.2202852842405674,3.0869318459849366,0.9368931547176805,2.955176523924063,normal
1.5065812506556722,3.4747092544735647,1.7592815391202976,1.0331917254996175,3.4320584646275427,6.133836102477451,1.8500491193402702,3.111804086295289,1.790463303307717,0.9070699061526071,3.576948521471457,attack
0.5665530938675625,0.49231810037237034,3.60662022178029,1.3109992731037183,0.6365520528389075,4.778812587169718,2.7071701627512383,1.532801681148129,2.1120149192000324,1.9326971481070032,2.6764098433046106,attack
1.486699563504009,2.8408370178362192,1.8365850619356359,0.23203349935432743,1.083107359124157,2.487054568070572,0.48020363288373025,1.8375206458179625,1.3136523712190709,4.841610079280175,2.908955687673884,normal
0.5056167164031651,2.5761036856097586,1.2925202736985129,1.7199242905408245,1.3047231962458987,4.9424380995128,4.677775122828868,0.9322126428107987,3.4734525583340234,1.0591635822744625,0.8852420424217396,attack
1.839137427365307,1.64904240964109,0.7598996528297516,0.3754615327186846,1.7172204099445898,0.7601767769344182,1.3767418962179863,3.709856237693072,1.45404853893922,0.3550031477686259,3.424195824569149,normal
2.3374202859008766,3.048058176627374,1.625189516341769,1.6172224006569367,6.388297968593813,2.3506265536533566,3.385350311688153,9.91682490396622,6.260284537204252,0.5971194343622844,0.7324513932860137,attack
0.49062206397982777,1.599556240473796,7.2121993880437,0.040343764568327785,1.0523846913354857,1.6224156409589132,0.6711454818519809,1.33599122445392,1.4093115078805492,0.4444264031659742,2.98268306162962,normal
1.3490518093913204,0.6213668201381387,1.6424531284693398,2.90974821600159,1.530076169538256,0.6790354071854355,1.8843277427748082,5.970435632660982,1.0143605354486644,0.7771470806333769,1.151190283248302,normal
0.8291281611006565,0.8606415840482895,0.5567271874898024,3.3761036254139216,2.7261643463008,1.2723458774607255,0.9812841924482524,2.1970297067798,1.8581232357700355,1.8075790617571512,4.110181186252076,attack
2.3896469831123364,12.554620721317324,1.0628535467436317,6.138086735788522,2.304691654294093,0.6522277712977709,0.9001273290503065,2.6136988886600694,0.510548326917954,1.5268623665506518,7.668854030476794,normal
0.07096126107033812,1.518465806864617,0.9004031776446514,6.2979371267170015,1.4306004932135854,0.7779521457049524,0.5182801839745982,0.5891751392463791,5.673777549394737,0.1361292145577268,2.367053991329286,normal
4.384689172804064,1.5032747369118091,0.5995526516481813,2.360663139695535,0.7336087801425398,0.9636189781228498,0.8209393504439536,0.8555824026533756,3.2304821646846156,1.3658511755276546,2.4730338867884307,normal
2.469031650417444,1.6032884187548777,4.563246269910293,0.6779399838267451,1.46260135265272,0.23922373505932776,1.6897507525033588,3.0885635533695415,0.44119264838071154,0.9968868015088062,0.8344352412964722,normal
0.06356570047769715,0.5927151781296583,2.6106484129417695,1.5476711771511114,2.0503335511257803,3.097279708209972,5.340360346381456,0.5887716894138648,2.3972904425512267,0.9630911339462055,0.6430825253317962,attack
1.2566796575323016,2.4800136032271776,1.6646594271692656,1.1266115203536402,2.6730836853398783,2.525406443672535,1.0680537971678365,2.3813096708808876,1.6283582750250656,0.839409156848769,2.5147416732594103,attack
2.574756020974128,0.5426741292646529,2.3685914792200014,3.389430041193131,0.6020300530945936,1.865342558141534,0.6145687451143839,0.6738990586780337,0.3231183185802968,3.707505041792096,3.4124865915608593,normal
3.5528223328925157,1.1617877395457148,3.091469952636256,0.6382930201080332,0.5346280351050998,1.1805211681208896,3.2651129157077055,1.9104102662790465,1.0628328670495122,1.0160602878769789,3.7120465128863795,normal
2.7342273164834414,3.849684796993382,3.6660706294037224,0.25755222443426273,3.362433490072657,2.7715217750460344,0.703057024035304,1.1749556210282872,1.393706941677644,5.25564173610968,1.6790279395912409,attack
2.6856527736131257,3.326919827440741,1.1117094094795243,3.6457227102565666,1.5366698943377293,7.742752464254771,0.6922082294767451,1.4193345802325197,3.4377781428448357,0.8691555639469147,2.8985009202187086,attack
1.2316036301616915,0.5945056767156224,0.4886663381748994,1.8563673201718833,2.2717282397184215,0.6588904900309105,2.4215715576939796,0.4487708952074472,1.1265925297675812,1.5070202695597772,1.411719935652967,normal
1.7871065196989908,1.460096427801966,1.3029719659120014,1.2983197407567153,0.9411370996384405,2.4581947791246392,1.3127580598321609,0.8510000043050197,2.3455226266441143,2.094429798303827,0.6315942995454209,normal
4.123901217547446,1.1365966336397815,1.179046660923335,1.5475575270882729,2.044933653738352,1.6056100645133125,0.7848803119652755,0.28294844015388676,4.069259087307167,0.6959379149314188,2.2233765891030104,normal
1.5952928894065237,0.2101408128595347,0.9257955105513365,4.745547499953581,0.307659965482471,1.2170793546661367,2.044018962747499,0.6992170571612314,1.7314676830554596,2.3716269102978607,2.156052158492767,normal
1.7278966073653694,1.3807001631976896,0.7253339480848938,2.3190136744282612,1.5712078236000206,5.176535188363186,2.755367972877273,1.0567772093937888,1.880717808201852,0.5388913924916072,0.26836937530571203,attack
1.0278819449998753,0.44132013493824646,2.55462291942611,4.863350209733106,3.3677421592427788,1.1735940783380832,2.635065276382472,0.983593116300386,3.672540128900008,2.3725055023349757,1.552800219717681,attack
1.4739127366282103,2.369027816203701,1.485430356394518,3.2403921964464173,1.153628722983505,1.360031125541408,1.423477577973534,1.2818821952728217,0.7697124198127119,1.0842707312549846,1.5316984683965698,normal
1.4447072476116545,4.427435116639264,2.0516586954741753,3.7970743526849193,0.3858212431770757,2.953666994262762,2.0523689606104676,1.4276662540416747,0.7143646174146795,2.519495177551517,2.271765677686057,normal
2.586871923318812,1.0615231678482666,3.2298716150707123,2.400375498324449,1.1374824766278167,4.129713330459538,1.8392128785374884,0.3049434581171643,1.1360943009088849,3.204224186565793,1.1643993076226475,attack
1.6149885824665278,3.270174394071161,1.1759792376316447,2.713553039280378,0.5571130678283848,2.0020133016635513,1.9173258333625998,2.1295415226059666,2.3179119834071598,1.6669431119389782,1.5226474670737655,normal
1.6093350308834227,4.024568660187213,1.7909585701218012,6.097651939900084,2.3107049675072946,1.7915693648745743,0.6040413979768465,2.842195588378937,1.3271076256093677,3.1468576422391554,0.905277196868226,normal
1.6031951040576409,1.285570938875546,2.6941086317189034,4.242831327386292,1.577444848167179,1.2056991123966418,0.634306640907346,1.1011620411261882,4.2792721260376165,1.5948721273307171,2.2325883934124113,normal
0.46064688694688644,0.4425037550971286,0.391340102080998,3.5779768186189727,1.6417256340242847,0.8773569869573998,2.901120692774629,1.2739054818861233,3.1387270166463974,1.5746448218330784,3.169377498007538,normal
0.7908044902180729,2.176366838720773,2.5649627476102057,0.41434687137609255,1.6432369718288868,0.6189954494394718,0.456479172505391,1.3485036509224277,2.242410027267081,0.9065375436840891,1.3991985939453035,normal
1.0193747896079337,2.991167735033745,3.749115501378919,6.880409671562695,3.415213589469187,2.3855741983615775,2.989110489135682,1.0289984284856906,1.3269068559760582,1.942113256337158,0.398937287334185,attack
0.9628747266324491,6.233568737224643,1.3354982577653534,0.3342624533604274,1.1190189437620792,1.8460269028005816,2.2920575567986643,1.577557856142899,2.127661372870602,0.9512616238096302,3.821156164198369,normal
3.2751481789978643,0.28001495332073256,0.6962517538692969,2.912532409834216,2.030452880689969,1.9534073831638386,1.768414439169802,3.424571490224151,1.9833780665735665,2.3125340650960107,1.8063816196954086,attack
0.7566039737411167,3.0491590100686112,1.2499691357691898,1.2397795136586363,1.4442281725267359,0.5555055028652548,5.622083754154766,2.9015705709483175,0.7108644069554819,4.491853929198121,1.0819418977455035,normal
1.2341516308161107,1.0711214581201909,3.9534901487355874,3.5197457932371266,1.4779185502512477,1.572331468096001,2.8193184219645913,2.763942221491031,1.644219641372719,1.681079790526319,2.9359489648116304,normal
0.36394820601406885,2.2040510072432213,2.105100456110836,3.9728283952812813,2.3462146193486877,2.527512797440033,0.9775900301082613,1.034999241606825,2.1679645091277497,0.21354449340727977,1.304934957281957,normal
0.5939256151840648,1.0785318078438806,0.2747265612720342,0.6580921239415496,3.686229240829576,0.6152707458636524,0.8250797228084158,1.1510383349889017,2.541215006242961,1.446479171559523,0.38030467121286815,attack
0.23783666474647752,1.2998869252493925,1.4242982499173407,3.0654140193890895,0.6778767530174399,4.286958033467429,0.3850812796452218,0.38942017835839204,1.269101621177131,2.996994678282883,1.9473824614564537,normal
0.6544482879906076,5.794519941917264,1.883298536227998,2.017453621781623,2.798173899044668,2.0684836176051693,1.106502322129643,4.7032194105604415,4.010354717202476,5.243501931933478,1.208155815830798,attack
4.58102841966695,0.6238121793309633,1.6682791899530491,2.7378477210744374,0.4940596111077028,4.998577057306586,1.1112249398175318,4.1298234706499475,0.5453610829803405,1.6389787823181414,0.9377734678683031,normal
0.9437759902319126,0.6092262858384067,0.5674718792224891,0.6797189967430989,0.6595402723135814,3.5422096937727776,3.900355244943727,0.47034459446537996,1.3594142732520016,3.490605560250115,2.515292076731018,normal
1.2799362508669152,0.969117265051902,0.47919332646069507,4.8198606026992445,2.042282801608884,1.7874753198598445,0.7720162334908441,1.537619045450255,3.5279539594342313,0.42847879697652186,0.7594094604143309,attack
0.5222070537947199,4.160931129933621,0.41099097115479705,1.968970509906151,0.5279866506409532,1.8201706271964584,0.5112450721121998,1.0395473685454766,4.611229548113881,2.256926803180579,1.7483571289375053,normal
2.145385962182166,4.868288992117957,1.8365904119437904,3.3691026169275835,3.440817203919417,3.1349406799390196,7.1306887379731645,2.5667626679619753,3.221252233736428,1.0556983691765642,1.648152081582333,attack
1.5865151150831833,0.7563031993394573,0.8309915574733747,1.5671125910897652,1.9053505413006988,4.749625455473886,0.7548538427521672,0.7171961929841236,0.44127938158747654,2.842005051913688,5.487890978619961,attack
1.4964460014763807,1.9734809092211056,1.5218071837810097,2.647772524985579,0.6233770798211984,2.262297269396335,1.5203995401373103,2.9142694564817524,2.840850746280741,2.0789823438685198,1.3342099940673768,normal
0.7802484289889634,2.797139214792971,1.689283322388379,1.6614313624709185,1.1707823545767808,4.2507883395812796,4.381556698569568,1.2478348963633688,0.8797335992707044,1.3398740036097234,0.9413600414318173,attack
2.2257392365864677,1.6465091770643423,2.704080320982438,1.2602544176696449,7.4882425304759455,0.46458373203698716,1.6021499096910516,6.526192826553373,2.7320038262358777,1.4268466575263448,2.1379163046852168,attack
0.5647096821829033,1.6800370937409201,0.553846614044282,0.30639929740000205,4.063124335008078,0.9845208837164497,0.5167914304450927,1.2793142080693418,2.608516680056104,0.556669678131939,1.0962159342945947,attack
2.8423584315636665,1.7428895047030917,4.1390504274446185,2.8743547803082303,2.404008284787798,2.8038077730648916,0.4493105841134269,1.5855820622858143,5.912302291796547,1.1839944415750285,1.6079097556779525,attack
1.000271471909781,0.9931376845605241,3.094086897456364,5.742018977254419,4.513143985695169,0.2701316153972241,1.5263762164521675,1.2044672724002585,0.6119941931450418,3.186646561710675,1.2775206223045297,attack
0.6843379883230323,2.1501829896222335,0.5527695051474519,3.697216782493412,3.8958404833020954,2.763994335140946,2.331828275206973,1.5147841751911735,2.046957821820069,1.4856910689153688,0.4276997324536298,attack
2.6685847606793556,4.277805342439336,1.0030854096563353,3.0009322023182046,1.643759305851013,1.071111921552929,0.20373433109274758,2.7316340198728457,2.347672259287784,0.671077068740479,1.3346982755397905,normal
1.6341422212574783,2.125003859292581,3.4399679817971105,1.4432783789727586,0.3616659331208581,1.6954783074412898,1.1845764639680372,0.8590780918783346,3.0780483645247676,0.7811138888044254,0.5033557641582539,normal
1.1120622959584567,1.6068373921767443,1.7766965210526553,3.735840387917983,0.9461552866202521,2.7508206208819614,1.1142185816523542,0.2434472478903568,3.492369197157421,0.42384826481299787,1.9663013988118017,normal
0.476735687591327,2.2604977893663203,0.5925747562176749,0.3426131502300341,1.3563835149442383,0.15833416555899046,1.4560421044160758,2.7411925016786367,5.871958874280191,1.8477096066736074,1.538166673426169,normal
3.5867834776190874,0.5449611310085851,0.7908323267416512,2.6929737629833146,1.0882057784807488,1.268124578995485,1.6852595257921874,0.6125141505211074,0.35319540790187726,0.7481515519529548,1.1817646259266763,normal
2.261998059955537,1.5893233969175207,2.6262887952388856,1.570051522436317,2.9122875356874354,1.2790901499381342,0.1821527012447339,0.929691254624875,1.7209355179880925,2.447938920202589,1.0131950443658704,attack
1.8644686733558533,1.1325955381000135,0.8006972402358886,2.448742196027065,2.1148712371179594,7.172325779326991,1.0148224442078537,3.835150539748334,0.42418973723740855,3.837194364151957,1.5975832366359355,attack
1.1829233969054507,2.1222205664125466,2.240660214861458,3.5157852153759914,0.7014982937602858,0.4189718845600422,2.1320974896740124,2.0361408135638297,3.4742784953863866,1.0833240242849922,0.9112099981714241,normal
2.086626450485457,1.6670660227263712,2.4097016477828515,0.8633668133077734,3.81282433696378,1.9884092827509907,3.415163909901957,1.4091757321092675,0.8247110157146251,2.1815686866045905,2.632190270852334,attack
0.3584889778400421,5.522765284797432,0.9037440130531493,1.8015044166650518,2.530707721138465,1.6554426453904847,1.7348465184906507,1.7684756584578332,0.2298807017658779,1.8540676519868997,1.067522929226093,attack
3.3651128307579046,2.953601056028003,0.44456035463076427,0.4220668952049339,5.679103795065576,0.10282976663857205,0.9399996848259122,0.5664731025449965,3.736319357473006,1.457556417907518,0.8998972569793622,attack
1.6869494797139981,5.355515462072467,2.3392334571308515,2.3031527211723852,0.34254139261462996,3.4903520840491007,0.6913228652541085,2.1950547984194886,0.8249670752085531,1.6741380279603217,1.6058381305833953,normal
8.30788833407431,1.1444201271881012,2.0205035243570273,1.4425558642928746,0.5357100954188689,2.192567605454943,3.0754349261053,0.6130833333738867,1.3137222622204736,1.710239419097783,2.845089167492958,normal
2.92734579796414,0.3181755165524212,5.639820036223162,2.3486581952647163,1.63676128737112,2.828732198308434,4.1430615907363135,1.425436796615434,1.2946011413232457,0.5452081095152993,1.308566033381942,normal
2.468985592669377,1.3101172759490909,1.2688415331953227,4.866614276143902,1.9980314821846077,2.0014354580070477,2.4961889681691285,3.1991861484437836,1.7432742176607123,0.781597635487205,2.3283081615509698,normal
3.4973356561690356,2.301535570632862,2.8117344107278472,1.2691188758662275,0.9018803725361367,1.9017201333714648,1.089742334863867,4.225391601619729,2.382767366273693,1.154869320329781,0.6493015885409708,normal
3.418774795250643,0.7457191134350403,1.6734061323960456,2.016536643638575,0.7546929601422616,1.4852806142777706,3.7989374067282533,0.44998306346014755,3.4038328090240375,1.9155904634083298,0.9907197827099695,normal
0.42039608962793956,1.5194020398237424,1.0369721920971249,1.5045599829769636,2.530547643612246,0.3884576589004737,1.834970789457198,5.045974455328669,1.1583365546189899,2.278749649710553,0.22441479884282778,normal
0.38569649121981875,0.9296689531062845,3.9268574300552825,1.0632809941392487,2.3312227457233066,1.0529775333932547,0.5535735490731102,1.3699279729849032,2.4835904699788633,3.42494542817232,1.5221129150887678,normal
2.3262275020607825,1.7283832574432711,1.8520170630701125,0.7674149244803601,0.8399159509021363,0.6073158538205086,1.114839450903997,3.0877047968501077,4.587332975695263,3.083716435182437,2.246058960983754,normal
1.69193054807032,3.077624421877446,9.615653089628855,1.9858538442914928,2.462327650591377,1.9986807818550738,5.44298019842684,1.4827829738405045,0.8323005778509401,2.693567517092388,0.8348341449555582,attack
2.0913165935832114,1.7007962990097825,2.2940575437793305,1.7589219458092895,0.2990660763441671,2.524289304705713,2.142266705237907,3.607330826646938,0.9092831434294537,0.2543613005147016,2.6754233573309945,normal
2.5953636443538475,2.484077530436088,6.055441542322683,0.07076781283636682,0.2502240594058035,0.5332330902946246,2.8872900821026293,3.8038358198359044,1.7634346520002147,2.542198026521395,0.8591742978357455,normal
0.6782185960855056,0.3558253745441522,2.535088186157547,3.6193131542547308,0.47687308734008227,0.8143757398354968,1.0952959324074547,0.555061387565196,2.1222451391624517,1.239285645336011,4.0508191337181705,normal
0.871049010341936,3.0892659407098706,0.385212794829939,0.97469188107075,1.8241972347531092,2.1364513348759036,4.469270457197777,2.07701973838716,2.1020065269658565,0.6879212133311522,0.7811589307495204,attack
1.0800939497397382,1.6033714957287768,1.4806368338456832,2.1497643500450403,4.142372993450454,1.6632395963506095,2.8160903801539674,0.772649578108089,4.553957311113281,1.618679910806957,4.505152959557452,attack
1.319384096808667,1.1525717143470513,0.9541467780807913,0.5937879534537376,3.262847256347076,0.8141241014502324,2.0987281988288635,0.5321680977013233,5.4209589232469355,3.3169310265261154,3.162483864351017,attack
1.8433119403133262,1.476249749280246,1.0176569944277287,4.451696357275046,0.3754519633315336,2.5733339916200286,0.8473999951748373,0.5294622242923919,1.2202239231023653,1.2363343760859382,2.183773252743562,normal
3.5584478656364826,1.4364965110044967,0.2675750043467179,0.7917409702866416,1.420734843518925,1.1181285749619947,2.5757176829757054,2.1181999566934415,2.907589069736341,0.13999572510559136,3.3499005658240644,normal
0.2974626419089647,2.433373400678647,3.955098581081514,0.1155682714968148,1.4874726002180882,1.1247777484566615,0.4726761650461183,0.1165221825386806,3.3984065590864483,0.502918767103528,8.35203513723667,normal
0.5461153898416721,0.5904714879628544,0.05394437113494337,0.5011541958782463,0.6974053181995189,1.5348288618937482,2.4358419148058004,0.9624392417163066,2.413893175231083,4.907498956264932,1.267934956457811,normal
1.0111397128612805,0.5909663607582304,1.56741854231533,4.408222766305684,1.5057540478965075,2.482374259470661,1.5777280549661068,1.4716566889188016,7.411872125180727,2.079523595743898,3.090365579888692,normal
2.3110012105034285,1.5360889658227508,0.9317927214367194,4.334433006876346,0.244685845830563,0.8185795335936934,0.8328027774610829,3.2447172929338928,4.473579422847879,0.40524258548176045,1.3576974942344957,normal
3.1728880860957127,0.8790737753169753,2.458763049315954,1.2998527197494263,6.202761325367384,0.9495496937185232,2.772055043537548,1.0895629245088119,1.7824855517674314,0.4561577162645157,2.4756890863271153,attack
3.607511499889153,0.3752120140837635,0.7753354952662559,3.345811999291499,1.1648680213701141,1.43389095569195,0.5417701350752488,3.6627073553566625,0.45711159374601984,1.433083976654322,0.9338792357907674,normal
2.845205707998045,7.505998731556691,0.2753174548622288,0.8775655133379218,1.1437633527156494,0.4366008671395605,1.5651814036392893,3.035947750048566,1.9253736766683072,2.5267851220100015,0.825041171666836,normal
2.5482737257945103,1.8750339378938679,0.5158783863486949,1.6361401984153747,0.9374732749537557,9.955900561766596,3.1831949137544324,1.7887822988097768,4.101206735451651,2.593700292324286,0.5244011014406345,attack
4.975842590021689,0.4020529248751838,4.552523485179836,1.9126853107519268,1.5611001351495999,0.805514031617866,1.9925302706411723,2.476749458467435,2.325203576976619,1.8920903111882956,1.392034581157068,normal
2.703546880824265,1.1406299174080472,1.5054269043012602,2.201428040864723,1.6210527230860192,0.40876929014677543,1.9083797659101263,1.916273565719485,1.7895527964007678,1.4100196100398208,1.2226458105340163,normal
1.6521543822958404,0.8191235857925604,4.300050503764755,2.239631281427106,2.060904874471827,3.554732680247383,0.7204200570246766,1.063249129677905,0.9870569196886785,2.1369149240065672,0.6949490774567382,attack
2.87176037788136,2.089374068128565,0.9346932171887595,0.4629314560538341,2.0451409713367688,0.3005465009697084,0.8640963567749176,1.4718954012330987,1.38623931387112,0.9586707513664321,2.747966299026708,normal
0.766138313890425,0.947328301372928,1.763045448318843,1.7669828573487432,0.5440621019195409,1.698587260734964,1.0443410792730485,0.9881923084170585,2.0020370969771073,0.6858327100612152,1.3225481816311684,normal
1.5370979620767977,2.025048567027819,0.8993086517643806,2.3467127644183785,2.82058728918773,2.7755810849192004,0.513016908913283,2.7219450907205136,2.805191873181462,4.903548695375614,0.5804036438115011,attack
3.9526053097686953,0.292417665522748,2.874129878986116,3.2736446453609025,2.788468888159887,0.395667910457477,3.780471264576284,7.065891363085925,0.6554998610869835,1.2546273722262737,0.8798288404104684,normal
2.4715751153543226,1.1103005667251782,2.577533192575064,1.408068689584055,1.7766619599717848,1.5931352630741062,0.30288942059289775,1.7098045867144893,0.40840150211739285,0.47663802471047423,3.8325645503153845,normal
2.4345179448325016,2.2954172064978002,1.7308304550214042,6.237066266918244,1.6978517884038051,1.4815042646660208,1.4414042987431543,3.410546410709403,1.6364610062052183,2.00627163508926,3.5925047698656076,normal
2.3349952732860455,3.0072477357227765,0.8739497355059955,0.5866232259301395,4.3718388143088545,2.936486969529457,2.514039359788786,2.106813895353325,1.6153558932717509,0.9030118724753726,0.8772214715130757,attack
0.5759079444762722,0.41568032107154274,0.7534798473688741,1.2004658285292753,4.349090153979878,0.39783586923295144,1.7787943968592006,4.6379719721590575,3.392031686775215,1.6430807169257498,0.9285829614063233,attack
0.22007824263721448,1.8194377701272177,2.6720878232854317,0.9475530935234249,3.556904202786982,1.4972762601075784,2.0461779575484362,1.6451302634254463,3.52415416186821,3.6016777451946287,2.3989969138946634,attack
1.3021229794483886,1.5969880056857197,6.4228849274632624,4.821613877023062,1.710954280253154,0.6102569032422536,3.132832208688076,1.1175734776837618,4.208784166150712,0.9383049226267282,1.1289800520651105,normal
0.5498706243743715,5.414958191825701,0.7251535769630122,2.9594974969885635,1.428704881767545,1.143130907294574,1.0893833543952491,4.14947654762252,8.865936098147058,3.8432390703566806,0.28913349274169087,normal
2.969822870034921,1.4374190665477722,1.5076053667019838,1.9269422157925609,1.6582668717206572,2.404252578168384,1.3854588245738833,3.1869505408065804,1.7542618848907243,1.7823462060848754,1.63471232286407,normal
2.9624097444974526,1.2055302563926134,2.410025493571136,1.8225998381074948,4.193888838997498,1.2695811555526946,3.233811609448438,2.108109424728898,3.978538531865686,1.7767659205469954,1.171913661666529,attack
1.162745762229447,1.961302822194112,1.666885262726282,1.2322513035794553,1.9936570157502758,0.10665643838056789,1.4511598242443322,1.708682470036874,0.36102188558567333,0.6844085464245946,0.7259106701502254,normal
1.597348443921118,1.3684365427730334,1.3836173988457383,0.3669320020331007,3.4368335444236697,4.0724233811731345,0.4783299917276418,1.310010367618398,1.3590245891475465,2.2334208913814217,1.160122188718131,attack
3.2124457081314866,0.6401537179902218,2.68452118212231,2.1839573521498545,0.5376590682634595,1.2635940819310627,0.5978167096544584,5.656705636522114,1.4631189825738433,1.1321173720377562,0.3024214103651656,normal
2.092307986736181,1.2432016994840696,2.661691060751181,4.551859125132706,2.9288058465190288,0.6909722359672043,1.1431200789357894,0.49000776778187616,0.9262483287373254,3.3326849623307715,0.9863572835199802,attack
2.6819798911476482,1.0872185803402776,2.8875905549417498,0.6763515446078275,0.5638085472017559,5.6229535315717545,0.7365049995797406,3.3909264517146385,2.372578903170503,0.8961060805705287,0.9060513936803098,attack
1.3016482045526387,3.4407044910777373,1.1236144844019986,2.669726138518042,2.1668312622166837,2.2169951003365886,5.752581221424801,2.5176531158775624,2.1934077560944543,0.3033326154126547,4.066502336954155,attack
2.937399420644878,2.1324193599469488,1.2937649553137027,0.321759515890555,2.475450382263594,1.685162210137232,5.462721608786427,2.680631187492308,1.8571741666367279,6.610381450241995,1.6788112436669331,normal
5.149970074115272,0.2464201642955502,7.483476173210266,3.4266527382644627,0.8091623994641086,6.143255963799538,0.17289404928536803,0.5800320877964192,2.416224974820664,4.085870294370541,2.1538584203525333,attack
0.3478916428555964,0.8856377375918647,1.1045897028728346,2.3364208480640096,1.534273817144015,3.863835868835368,0.3205989436312289,2.692365233929795,0.5849989577970764,4.604763307793197,2.716014593999893,attack
1.5356466275583927,1.2536611716309682,2.2575785646287265,3.781380864134782,2.1757604044251955,1.527814066534998,0.7368432145731683,1.4735664205824215,3.7999815421673886,3.0228444390945612,4.162244464841858,normal
0.6999227950376234,0.34285617312383687,2.8309959571422256,0.44656830455453056,4.159050641086587,2.8957402484253643,2.127099949967431,0.6109936986889929,1.6909759747091095,1.4751402438021513,2.197336612195618,attack
5.0525841832354095,0.7120796860179334,1.2934459102679357,1.5621694300432256,4.338079972381504,1.8321825028328762,2.7009117758994328,4.580786736202581,2.1216176600598855,1.3076284616337184,3.9633653143775183,attack
4.93080341914758,2.5507270017147716,0.9678498232615328,1.2029884768225605,4.896922380896446,2.8896105545866733,1.3760420336737207,0.28972667117941936,2.934314988487154,2.562004471595175,2.895127131766371,attack
0.8446395420640951,1.3129135631974895,3.614546661398323,0.10207575743175595,1.3004397144143254,0.40790705258253285,0.7527568757375132,3.2445050322059505,1.5111681060770714,0.6263673040436949,2.412211875433366,normal
1.0395799027824408,1.4631528803283642,1.949422541474589,4.178961357645497,1.949442815188178,1.228258532599288,2.3147616552579784,2.428917324544554,1.1344687837057414,1.510559191460942,1.6471296622200313,normal
3.704452260395995,0.11533115020270292,2.221460963820232,3.0771671257481805,3.625748525436073,0.3746702526357675,0.36133309829950716,0.9967545180097975,2.741343623758723,3.328484890394607,0.3054710588960693,attack
1.9870980945886967,3.202007070412906,1.1810685919057462,2.1088521370961337,0.534734046220609,2.5450184369070348,1.4422090309045228,1.3229523592115997,2.0404556345682545,0.2526067937638729,1.0273927340002547,normal
3.2037722070713497,0.30155345125487854,0.3449505245512254,1.125503239977542,1.634718693116819,1.9520582381531282,5.43329308025211,2.006583324809615,2.208345727056498,3.636053012184781,0.7975342059188163,normal
2.26924478748212,2.7182857220596794,2.4512608535163243,1.9553217721417746,1.8501386804323272,0.6282344110032327,1.2345618260757716,4.577877121487401,1.0057899115555222,1.7174861206506447,1.6302872783242262,normal
2.2711575757797666,1.6195315310928038,1.4154579473683093,3.1299671536359104,2.0037768883120473,1.8526094084297873,1.0666198526230761,1.26328058264755,2.065179080989648,3.3477602028279003,4.1498548087929485,attack
2.192601439832133,6.0924018408291305,1.352814128259209,1.3454416567630236,3.8102327679871615,1.9160559132857502,1.0959561501668451,1.6764965049161684,0.7098036282544855,1.4842232875561265,0.6352889464057186,attack
0.7087821607898818,2.048530993022339,0.16947180572216913,0.6425411242841635,0.8908785381910286,1.2231873725108462,2.559129114402419,1.1880342705348332,4.467006035030407,0.9952537970277616,0.18928008295310714,normal
0.6806741044132019,2.0266044133711,0.7064924674755301,0.9723471545000328,3.788911105858419,4.594290475899917,0.4547700598008236,1.4040756879843672,1.9910029086228969,3.2301727009482213,1.1771172917837192,attack
1.978926805836265,3.6328681865549037,1.7165337038884807,0.08254875708487824,1.3928930652975786,0.8316140944115168,0.884129863819249,0.94764961414603,0.16382565864804746,4.384145593152154,3.375012649638069,normal
4.840828240141359,6.40392967561339,1.9260977914785449,1.0826941199366231,2.347125875758581,2.422097330754966,1.0791787546061757,1.0534806838058102,1.5629829252592409,0.988256633475581,2.440546122998019,attack
0.5492471279918056,2.839962668156494,4.074457496760423,4.648054660825002,7.061524490033353,2.4689083088839245,0.45780699772231087,1.8205051895831135,6.060028978650646,4.550597078536178,1.3312207018604736,attack
0.22308333006084755,2.376995633751224,0.4284048844434268,2.3284231523730234,2.5362986830622316,4.40030418608657,0.2538475966562835,3.2530413360215333,1.5745833051414382,5.2025621119311065,3.102362527472694,attack
1.9376111595125765,0.8072377793748815,1.7020096328885002,3.818068529318361,1.7107885102026719,1.6669531670689328,1.735890864399614,1.0842772835899386,0.7293345004917656,0.8382046871945414,1.8594912066397606,normal
3.362679597552599,2.059001600226304,3.8700983459734526,4.605609023625667,6.324012394367473,5.951932762827206,0.49013790957628256,2.672837899092035,1.2432555201555648,0.8736065168168224,1.4801813088443214,attack
4.948975148375764,3.831154269270829,1.874666063518075,2.992509883272576,2.4144121851084654,1.4828919613422034,0.9833926068729292,1.7005352670130673,3.134169662743657,5.33958347369075,2.69395685693658,attack
1.1483508659913964,0.7700439796616398,2.351524708125839,0.2639641223237217,8.769783492157742,2.65584056458209,4.3750598797678295,3.665644003218584,2.622429227928464,2.5016231428272673,3.2572606908949293,attack
1.3769718429643842,1.9000016459421047,3.391457871143485,0.4887809243767084,1.8503303818682726,1.6805247708195903,0.24426934274412884,2.8163465530588203,2.1872020588394783,1.8476637219851366,3.856876909289954,attack
3.429617614165892,3.618346018802663,1.69846773265151,1.3436768426244396,2.1491543192256057,2.6047067575960066,3.0793829887854995,0.8717964161913265,2.4799667805513996,4.171023085450231,0.9769273525707722,attack
0.22867181047255808,0.10192330534931227,1.3314714135687602,0.7300855435558762,2.730268538425698,2.4084565528147603,0.30214963851712545,4.038908409718501,1.0533692225490103,0.8243620495370552,2.3178264751967035,attack
1.2493976082348253,2.1650198216154988,1.635318445504421,4.362452720924002,2.2019737517403617,1.4847671105579354,1.7995866271785532,3.7441283200881568,0.880897996747186,2.838666037135221,1.879623935370548,normal
1.926159530539836,0.734254308124115,1.3385832099719541,1.1250941103259273,1.8719889231739177,0.5112272197531588,0.20314744049707584,1.2420558878589896,3.796751323018482,2.656362173779936,1.7260117381930262,normal
0.7832812276657733,0.0886376245422274,1.0465938182518195,1.54338044049434,0.6442940901375968,2.5133195774672705,2.4673044564568865,1.2245189598210848,1.6186667727223203,1.5918214048222759,2.3451296810936073,normal
0.8568909213058803,8.308510119612077,0.5078357830927137,0.8680212631712433,2.0963420844972314,5.395295845977905,1.144836268850619,0.7578465559542387,1.4325512134743865,2.897486614595541,3.003690206375857,attack
2.646623081225818,5.79170157244273,3.0147895092916728,3.4506979606865036,3.6925517666949625,0.6772605905014637,1.572015728025617,0.8822156978758935,0.9557532036183614,1.3216737047932403,2.303341125863351,attack
5.219504700613888,2.81124365316445,2.458363057059673,1.346455603555177,5.581730337136632,0.4707458570819271,3.0711192345905416,0.2276690829061485,1.9814426401244856,3.7190482194813943,1.8152900250086157,attack
4.4304976221901455,0.7810659287626782,0.0810989354707521,0.5098935356142564,1.3748621369719969,2.3117891576935463,1.03103846058512,1.9902056715104404,2.6679253296057297,0.830455594664724,0.8533547409698633,normal
0.40638346921931684,4.431387793872836,4.504664212001685,1.9746763197982335,0.5577601213232494,5.048158991512797,0.8547093421746221,0.42889124602878165,0.8336888543359477,0.7405302312167418,0.5855219706732788,normal
1.01834752194292,1.8564647509675403,3.044511923778539,1.4532674572493673,1.4617200460207878,1.4241683697303404,0.42899756750110274,2.9876070985380245,3.738864149045966,4.8844809649505585,1.2787185962010248,normal
4.6857482078162205,3.264282670613816,0.620016594537733,0.8568247753654418,1.8873241900300175,1.4611204670713094,0.5150776394531201,1.8760403689683611,1.9128007794440025,3.236045833609613,1.1061071222488748,normal
0.880336079370731,0.3989338183607301,2.1513491518912717,1.963310776192695,5.337179483455839,3.080779910935686,1.112832976982766,1.7810019667783172,0.5033984006723591,1.2701453384951007,2.0294314857948876,attack
5.511014184616288,0.7346609420967425,4.333548302960103,2.132112996648047,3.0307038638133266,1.7300895047375053,0.9530931686465144,4.173947123858097,1.193529332319071,2.908181334991305,0.5481184010620953,attack
0.6925832737509884,0.2317972182132226,1.5800424865603466,2.1343077726649446,1.7784926977655433,0.3928510350708716,0.7049799966640808,2.995313531123346,1.0893285298497288,1.8469208244955801,1.0220355234267313,normal
2.7500363989184833,1.0317217754246686,1.4758551446286916,3.564461765992217,1.8076630039739672,0.7843331954897735,2.437996179011255,0.39205971538568896,0.7543749286941689,0.4303110493042814,2.802010999305828,normal
2.3095087176007647,2.58872763945117,2.0563803157951765,4.116586769198737,2.019498369752408,1.0763786726175126,0.8145987770313359,1.9972976173749506,3.883183115354427,0.5309506345970456,2.5406522390103143,normal
1.4754260006870925,3.483550988712236,0.3376079459568212,5.351529312334623,1.459982856673279,0.2688785749568678,0.5196566548101055,5.8655578509341435,2.5323181176232725,1.3298105537222669,6.772852178439197,normal
1.9557630799949255,3.3361856260834166,0.6954788720120771,1.2865173485089667,1.9310152072117959,1.1590314994988504,4.082348449183427,2.477595290531259,0.5165494934397072,1.4002729809301326,0.8335726144299926,normal
2.5221302472603644,1.1533930224463416,0.26901180533655106,2.2216237777886083,1.099590656435314,4.498646524097121,0.6005202119657717,0.8829803346348231,1.3472317096076,2.3157581407784478,3.5581969891529064,attack
1.2865861951770918,1.9766915821570186,0.3660020035707301,0.8931659459240218,1.1801245418966544,1.343894587611571,2.7345642547096944,6.096333601137561,0.9401195951630319,2.5132988352297665,4.067599962335434,normal
3.9269780418541953,0.7335410665704022,3.7693066888797344,0.540526562661933,0.5282787358133797,1.7686665463167581,1.172599859049216,4.7491592054023855,0.25745325316243023,1.7878723225274744,3.379104495152245,normal
0.23099548403310352,1.2373356176983947,3.313876022689625,1.6530682932945668,1.6521434310898073,3.5660481261670895,2.3762840942686343,0.9048398818249489,5.327943505648706,1.4583933294902636,0.5058958158085357,attack
1.7218867145864911,1.5651190460218065,2.3135530696776923,2.6155526338796085,0.3900580725801322,1.3590801782637787,2.3890124758611826,1.674753687098287,1.0882692519801407,2.942737540418775,2.9262218133079374,normal
0.0035254202134808944,1.9873190029777676,2.303689212423976,1.365977209193805,1.8577906291883295,1.4561476778276186,2.245491052063194,1.112395866338506,1.148881219536823,1.4610210564851236,2.287186823235603,normal
2.501580702681626,4.315379626931045,0.5696023511332082,0.1874294336574903,2.9286387060940218,1.751521178201062,0.23933434477737692,1.4409419743897107,3.5433413726409264,1.1117660640407858,1.9730548011776332,attack
0.9139388156869531,0.638090560081492,3.1727259719260426,1.006754723149629,1.3203726274059608,1.7208521011490623,0.8991048049805288,7.8000754712598654,2.8873111572777654,0.453901383896825,3.36549084714428,normal
2.0178772394034508,2.1997085012226245,1.4815303029122922,1.2982524967871683,3.368240131691193,0.6247199140213751,3.9037669274463425,1.8269673487768228,0.41714828790339775,0.31314367590324477,0.9260299895619512,attack
1.0617421531902713,0.33020112952119984,2.3861061847388823,2.6636935115308855,2.5603225208530844,3.1345126733730835,1.1387283946028834,2.133271540297205,3.1123077594776047,2.4080041519775857,1.9861157374819138,attack
4.006283077738389,1.2366212699421573,1.2295744875290882,1.8258950737724948,1.8196586506962953,1.7649794561873293,0.3596056286081708,3.409961267118072,2.1286924990686744,0.08466830622723297,0.22122258528605815,normal
3.981093310254223,1.0444377803222715,1.7244510391966603,0.666816844810117,8.155847757037712,1.5279161776480799,1.0876931018652944,3.234899008778452,0.566850762245964,3.552011737505904,1.408221653665794,attack
2.787719631468708,2.016890060985532,1.3332296521969482,0.35656197031676906,1.8102870439838163,0.8092642244075009,1.7702658738728494,3.025834216108363,2.4065845595887154,0.05738879280459917,1.2279798422528574,normal
0.9503696420605509,1.0559212945262118,1.9045702407945002,1.1044759750700983,0.7979193308082617,0.4807440450787882,1.1776131350265704,2.8655881245356847,2.969388751437512,2.045636457300235,0.16931259393373024,normal
1.8970324803646597,4.3100959988288565,0.5253252267081164,1.1364902751209047,2.8856797833265593,0.20109004156293867,1.1575722928740715,4.982543359599036,4.606863122840072,4.630590437776149,1.172849647748917,attack
3.9535012466581283,1.9516688601659464,0.7693876462387843,0.9801438632747882,2.267688312786179,0.17687471060554172,1.447808921002571,1.7923160769549615,2.5864979479869707,0.2590676646288015,1.4627280142031613,normal
3.1519473407299614,5.889289543484427,0.7699457285865792,3.9364336983123627,3.027100648989733,4.388320353383902,0.19260540686684485,2.705677875737253,3.872232124525587,1.6187853202221547,1.2677179705279311,attack
1.8082033668956992,3.658008921616744,0.8081266361341332,0.7532592933850402,0.11489507259434059,1.4901199864939216,0.4231368754602491,1.5145613792932429,0.6668915496693022,1.0186715629431904,1.1677626292196117,normal
1.8704481610317791,1.9884839649669703,1.3387671928358214,1.1122746664091918,1.0067840689758285,0.30794006020670506,3.66180627573644,0.771107621444982,1.6633871186701457,0.5005894107844031,2.6596897703891123,normal
1.701130424989058,2.1066293671348952,0.4811868804950717,2.185894781666322,0.20066955600274208,0.9105179657253858,0.5491500082563776,1.680433683551532,3.8395081042822343,2.4608799238630397,4.408870088749897,normal
1.7379934646367678,2.6997104643348484,3.3232693728038543,3.2963294128513696,0.4567299152808371,0.7550354181675872,3.0552748132141168,4.443944934543869,0.7070117360429133,0.805439944466538,2.4406239821507505,normal
1.111987961267071,3.192369580158318,2.5987419753581973,3.5097658706621693,1.2568603108807022,1.0596798170348651,0.8187316772251351,4.369208973795043,0.48053618233550877,0.42206764682645803,1.7786267126940134,normal
1.043340767570286,3.3425027913488656,0.38622042795422723,1.3689959474078173,0.24325551741150767,1.1935843432021493,1.7468531578093116,1.5335488309094676,1.4508281539925214,2.6168731129185656,0.6698918632079017,normal
2.140486966779668,1.4072274121324777,1.2102919439298938,2.31887075984904,1.8546461250286388,2.24198556573864,5.670146941255071,1.3954792596464316,0.4385954369849781,0.6885328566706341,4.343041883621649,normal
1.1711843514828657,2.604741532138067,1.5295956926516467,0.5783872351902604,1.8377756769432927,0.862137612557966,0.9632018381413578,1.5372213840416713,0.297342424439914,2.5607137328423386,1.0633087921876052,normal
2.820678546222894,2.7444180215477045,1.3521470906162258,1.7478101573011673,2.157513548224153,1.1654943368706714,0.22377324345554267,1.8265403643661735,3.3110526835319876,0.8344271810448272,2.933605864389313,normal
0.5072458039185278,1.2771537957355443,1.4416152005686587,1.5638454815861147,0.7237115721497562,0.5142916740223522,1.318302903532268,2.3681999010841133,0.8230343485767804,1.4103066017006822,5.6729940985209275,normal
1.9404505639377632,1.3135110634754852,1.5168890615237522,4.949523252105834,2.4268872002680832,0.8644344777505835,2.585917988548141,0.6220219254402902,1.703826029282575,3.713683692670667,1.7173849433153077,attack
0.5778933942813218,1.5944962127511477,3.694291507585923,0.8100329692310013,2.5579472433756667,3.83449725605391,2.1231693198743224,1.6448536989970999,0.8722398525219527,0.9707072617149625,1.3036071186380935,attack
2.6035276555137123,6.597155071665262,0.8181693806381389,2.364018018898237,3.232976379278916,1.6244571622262824,1.5722024843052693,0.3827570982496494,1.8263930842620366,1.5164668182380678,1.197273825258681,attack
2.055417525001982,0.6722077383490762,0.797761392426644,1.8560697091358191,4.337883562072851,1.3875275427633391,1.628498224479212,1.5869216443928813,0.6458259151760664,1.253498445112463,1.790936684246448,attack
1.761651605096865,2.1761864685930994,0.6197363947771488,0.936810943508376,0.2973354255806892,3.912296056035018,1.1175509012549576,1.9269489503473936,1.5572745439679303,0.11584014909955281,0.5142950744707434,normal
1.5056492405341624,2.3412587029370315,2.2099241009219672,0.44570188428740676,0.6426909296418316,2.070627327523151,2.1959760306496596,0.41931144450791225,2.0623635968940914,1.497336067445909,1.2871643171463751,normal
4.426898369466987,1.3893222073673213,1.0052709308550867,2.7211832988484206,2.641831525896366,3.769008042907245,2.5198466690401626,2.4498503400974143,1.592661488280695,6.213917794895216,0.6751483357800563,attack
2.2412868129321724,0.6091095181821597,1.590274462766039,1.5550368680089273,1.5873814639027335,0.2699180844667686,1.1137490572209734,6.973091866062915,1.7261591443791844,3.1282333557368074,2.059566588811535,normal
5.751998794101686,2.076288632349806,1.7335239102031617,0.4845576997087258,0.5062680445873956,0.9662417091804604,1.356029778939992,0.5574176387430413,1.7202960485462364,1.6725674947006257,4.805631350669591,normal
5.274817153363329,2.7246873994295058,2.7792306057511267,3.4923345922887417,2.0872715747420885,3.6229710573711755,0.441211073453199,2.9936312857386045,0.5873672465905937,0.6668618785536794,3.462880763525451,attack
0.8830949528672515,0.6882468934664786,2.19495464918349,0.8057244942460887,0.6891092559756413,0.389852287192064,1.079982372608321,2.7049529426787036,2.994011513163763,1.3019317406230795,4.738749703147194,normal
2.286167201208641,3.509310083502479,0.9781541431379686,1.217193199377574,1.3657702650066956,1.2041231989842227,0.1363863242360727,1.653094848599113,2.0629258617500468,1.965738220725825,5.0977217562541,normal
5.369258106007838,0.27408737541852735,4.137790216585794,4.902316191073215,0.17877214815573275,2.6290342781235494,1.6880020000493057,4.733040343400504,4.5242888361647315,8.803329935676377,2.699404876828548,normal
2.357780580809188,0.802142039605617,1.0572318100453837,2.441882764140601,1.0146527903792462,1.6789732453985573,0.3215176458057308,1.7727752956455243,0.21135827959194864,3.4248529518530146,1.8461633174002865,normal
0.9454043898573328,1.4294626419145573,1.0251588411461048,0.7578867866923094,1.1479352386654502,1.15513759674676,1.3146392336840942,0.12073075247070512,3.612633263202428,3.663430320895475,1.570873114735862,normal
5.544466802247671,1.220139758182819,1.7381817035516023,2.3331835087515627,1.7003100936722204,0.9497947042159204,1.640658010830153,0.43803842284977784,0.7612071840585489,3.1289970808293064,7.771489789288716,normal
0.9201288874059087,1.3788145424074139,1.3127880556255898,1.9361911496957593,3.4058422883183535,1.7957482791051609,0.46147853197171623,0.9877702465019882,2.14118856814103,1.1923769566336846,1.2317747629123619,attack
1.2602083131824897,1.5420034019685867,0.7090354360403699,3.0880559866198705,0.45784610120420705,2.106410753473922,1.0402534278638382,1.6928063685075145,4.039194578435068,3.977037648834186,3.3466535713846746,normal
4.533760124439268,6.961979040009826,3.0953199275921524,2.3327027209973368,0.717971208381046,2.6292882289204873,1.7644868857622917,5.1670499856549945,2.9064080246839947,0.5760119127058022,2.0519285697345597,normal
3.1734192762685227,1.738654695409897,6.832461714864945,2.825229223545474,0.7399730738448547,0.6900146800366945,0.844752230983622,1.0902505500153734,1.6745896376603857,2.163065864245507,4.042320358031398,normal
3.107507080280011,1.2615242051499567,1.2708235717441942,2.9904301240928346,1.0814720047045678,2.46070600690419,0.3984186190639859,2.2340317874722326,2.015117555362979,1.094461483046456,0.5166755758023496,normal
0.43982343084469616,1.9074892192461124,2.148016263326532,0.23018742024615207,0.2205425532875062,0.624157021804706,0.7076764551432229,0.8851077560036995,1.9156362280830228,3.359727067135938,3.39718647931259,normal
2.652405579546608,3.2916155336644426,0.736189894270819,2.602509989150016,2.853648269351264,0.3495430753065092,4.075853011471027,2.9483967953874797,0.9861444719481152,0.2802605492775901,1.8790107996426912,attack
1.2579762300401296,0.498094155803017,1.6490376303244094,1.0994726687510117,2.9647809011616832,0.2116309259141223,3.18227039490569,1.5550209109172213,2.622636871084079,4.314497324447309,2.1903371771954396,attack
3.145736960248929,0.39235271336359945,0.44352680025821084,1.2414975359811098,0.9373946917837253,2.3247570690984145,2.3226598619322343,3.679643980246849,1.5459387192513048,0.39291658233694204,3.7074485237519306,normal
3.5849495743548805,1.2551353952295756,3.6579721505513527,0.3469872929657357,1.332865950933759,0.6038681064998991,3.090377419028341,0.9529490733162492,3.3666760839022665,0.5552951146344165,6.069593409912613,normal
1.2334366716349878,1.1278482439452846,2.9311640796174023,2.186567891611614,1.2443317880327516,1.0964784385606339,4.86925533788673,1.4758944299360066,1.5231112158182367,0.5571469884241776,4.171130474340835,normal
0.7307711734999389,0.662075518302807,3.1996992936963267,0.03438111559892782,1.8496105391649695,1.123266365718259,1.3674245398400686,0.7531659152408304,0.9388546538744332,0.23161334211334328,2.9330763156581265,normal
1.2507048859037113,3.371002642302134,6.608575542003901,0.5746624008759462,2.5212502650486193,0.6461920318697396,0.8383308274296812,1.4666098584195486,5.907989680671659,1.1710614076467707,1.4322310704827976,normal
1.8535312799156756,1.4086140202883564,0.5724540641644653,3.5708381652084165,1.0687860628477803,0.38407682091326734,1.9827453116716331,3.7295161220878614,0.745126794816997,1.2648247117917597,1.5134359039246474,normal
0.9966414720705016,1.5575887027368005,4.7548804920730365,1.5836664395995999,2.3108702731117523,1.130078624667212,1.943869012914166,2.1349217275763905,2.80454428132249,1.0363539285955534,1.3106185862177746,attack
3.0147286199066934,1.1200684698973067,0.5703632966724567,1.000568857389674,2.9446351118594394,3.2671286589728776,2.5743699976095704,3.6512915274792364,4.502547463211827,2.6751817278401187,1.4062406657117477,attack
0.4123978069456918,0.531129197548449,0.7912716597423658,3.3555750396760975,0.84356628060057,0.8365986787957536,0.917566750874485,1.5521872333872124,1.9836235126107464,1.9788926348493328,0.9432298712360803,normal
3.2048919192728396,1.4619573865398914,2.8954223349649073,1.630786317354436,0.9139564755103657,1.157968884222866,0.7521980593050339,0.3671884741434591,1.7835044676263376,0.6503204655571778,0.47023744419243807,normal
2.7937911675092404,3.81492461647008,0.8399225418100517,10.546793027742464,2.7345767291701844,1.7705080828216135,0.23043374952894682,2.2828692307590437,0.5756060708207358,0.6669934491295146,2.4598013538475954,attack
5.560716814843316,1.832213044374708,3.1796477718910916,5.490607668286808,0.3616895012218027,2.4879654685229933,3.9049685142184174,3.4899110667857642,3.7080230492792454,1.03869043029123,2.036726023510197,normal
3.935586067508293,2.4223857832632816,0.5063981823993089,0.6107265337157389,3.564176852323034,0.07334864322234051,2.535031790877174,2.897224863577997,2.2096286208193767,2.9085449588826475,2.8896713006631765,attack
0.11757287816844819,0.253222426618151,0.85005097464026,2.2031263100879936,2.0312805054273926,0.6260614609473801,4.081023823421595,6.518049060684302,2.88898949008416,2.002056225971735,2.230084118705948,normal
0.9255090487389336,0.4804604834218917,3.240247383305137,2.869054815672534,3.2657477813800027,2.1445734262594502,0.4447322868531893,0.41283984596889794,0.6448588350566751,4.480627825207767,0.375471260927935,attack
1.434424382051798,1.0164546200545574,0.4287037700912807,2.3449127971734667,4.580968472994001,1.5404154433351578,0.30582099155367604,1.2378123386049376,0.9633590976355354,1.244870643530218,1.3630086887693136,attack
5.109312444765627,2.2425571717338935,2.222328756449797,0.9460086906139141,3.162737494381936,3.4511961113617384,2.5799482536446496,2.4071481234894283,0.4095655912359548,2.167367549698966,4.2942767072530765,attack
2.2478205030072296,2.8608811841753434,1.2492800005350406,0.8796402602759326,0.5749379156212551,3.817932914715264,1.4757381501078324,3.476021615106399,1.121515011326601,3.6418615821802858,1.7306675154706472,normal
1.2395075677703962,1.2483340361729338,3.07841816718117,2.2435690815853926,3.092478367721223,4.2526813700419765,1.3885187526067124,2.61413007987057,1.5478877704881215,1.1661239249594333,2.267530952809004,attack
0.40583555156478845,3.3276285645729184,2.077021088535525,0.9164331027796384,2.1141370831580772,0.28425866642538283,0.5563892128232101,0.5596865198784122,0.5008561374385673,1.420440192774326,2.1064584014812606,normal
8.16947354892311,3.6934493180918757,0.2013214665987242,5.201337492786183,0.9273064091936319,2.472053402153126,1.4544083116762758,5.4315822529786875,3.4748735630400907,4.902949515011055,2.5740347608957146,normal
1.1168376617438867,2.8572626020741807,4.254234280480893,0.7961931046587728,2.33875941785288,3.2020826686140342,1.0295131762972005,1.2552541449010632,1.5589253890576928,2.3563544361603013,1.732677526109839,attack
1.8753461948386705,5.832497794835202,1.6800089115954768,4.656062871439221,7.621364320700747,0.8647488169684883,3.54244208259413,1.1813199180671656,3.4299465451036837,1.1465674567130653,0.17223237908462513,attack
3.068855336022988,1.9202454254137102,4.3712727169185746,1.1320560987408437,1.6661343324240558,1.0821755871409653,0.5384883172848204,2.2887392975067202,1.6728542706495535,0.270329799875755,4.475528380867658,normal
1.8456158445099957,1.054561087973229,3.099729686183761,3.7672791421928107,0.5980930641049069,0.5068942239983629,1.2565478186183037,2.4044958736338473,5.026565118687715,0.06674914629654909,6.100058535998246,normal
1.9961137891289005,4.24528812036381,4.039074553555799,1.6746308479702787,1.232548705498425,2.533662989658701,2.036201447967954,1.001883485761087,1.677186545199174,1.3394603440553086,1.8045579511482095,normal
3.761753131273714,1.3306727278648882,2.1974381685267934,1.6514821702527767,1.635834659606574,1.4467587790747642,2.5882046412862487,0.10214037742145941,2.6196351290648607,2.0896216077996774,1.98519236156775,normal
2.9026430630369338,0.3117520153764543,3.6746817347424363,1.410214409598555,1.343355483939859,0.8134813898435367,0.913908004252003,0.2979078829493788,1.860768951710509,1.1243669101124327,3.262268986463155,normal
2.2855100642910733,2.0395487289065453,1.2287846481252271,1.5058046949747552,4.911766808256835,1.214479931641666,0.08157348512193605,1.4523734163694124,0.7173932889327684,1.3571613962949312,1.7853992922851547,attack
0.7292647613400792,0.2728364018512974,1.4754895876028682,4.458523669350035,1.7137263810635854,2.1373527183366474,1.2995666047364272,2.4283054888538342,2.9311508309310956,3.8962094932670244,4.718923192774857,normal
2.2418267887556924,3.974663652551535,3.275027447089074,2.4726462846428774,1.6845068198808515,0.18900178921067265,6.653223997694026,1.8821950352195114,1.190874273252697,1.1945041245968335,2.901676308102312,normal
0.5702236538615285,4.449869241926241,2.218987538987576,0.9859158407395887,2.623429933822264,3.0837525289032293,0.9495532781588908,2.5569935375205604,1.3113318737587445,1.3322240444322293,1.451556819772258,attack
0.09993462309635047,3.684430924925529,1.356921904145936,1.3169568191588907,4.0432333582458275,2.368506426681566,0.8569323801882317,2.134023908068483,2.428112946208028,1.5126439768297315,5.502115017628368,attack
1.4618171137319391,1.729988270662826,1.7845286050575497,2.9418996610668673,0.7816226444723068,3.218976378636687,7.092455165446019,0.445275244852356,0.8319421308704943,0.3781535905296202,0.15384495166066892,attack
0.8105189432640822,0.8619528504951868,3.0960166391958053,3.969622515659214,2.1220005631891894,3.639363493674782,2.906545617060263,1.0338617385533018,2.3228364797756744,0.7181848321683426,1.7299921246038112,attack
2.0312073948504503,2.6684689080021187,5.106304814308208,0.5366685332011232,1.6941076496332679,4.492602559893538,0.9652492208012444,0.7491454132926709,2.862848870921149,2.5529419600976606,0.38203388112980824,attack
1.0994338490830764,0.6400406883526301,0.642812032692385,2.4187865389781686,2.4148988785149883,1.701673255553946,0.528821203138774,0.6627904464210109,2.2694819537751147,0.43206341610621574,0.2615460170730388,attack
1.1727943870841324,1.7078676226825693,0.3107589417445371,2.3431081204697977,1.5612033859174943,0.6049865026345812,1.83126880281528,0.19271559176063804,1.2536775888216596,1.300012106378854,1.724135130442163,normal
1.8894590134578537,2.9646536840372635,1.6472045846357097,0.414781790818868,0.75196159265568,8.444992432598532,0.30881504568883966,6.109725556672642,5.514080689561346,0.40597771621818624,3.35394834347998,attack
2.316794809425161,3.790322327931494,0.7820005975572195,2.324512478147553,0.9505111129345994,0.615377768577804,1.8151664834731795,2.8922887770179884,2.702216430878421,3.526777120102723,0.8394008903802364,normal
5.4872469544069915,1.7748443978002608,0.5832705308610632,3.3423884928283587,1.5891083693479888,1.0596692530590246,1.5975140599551683,0.2507271579164463,4.751035337532517,2.528674351750149,1.7772957694478446,normal
1.3172219146756101,3.650434835714264,4.941587354194063,0.5177638758701038,1.7753476603234062,2.212307422894194,3.626936165884068,2.809760727615972,2.3221527618799667,1.6470650589839595,0.4539729754172185,normal
1.8739543020295502,1.3656874783562278,0.5142295056032619,4.949908579894302,1.7537167812451837,2.7539607377778856,1.417679989655947,0.6815938299739382,2.901958511188601,5.180583592314561,3.590011916398241,attack
2.396741012859311,1.3806172586470395,2.0671590948736127,2.83561131970708,1.283755248097603,2.8075463641867042,1.469131789404958,0.17462189747170037,0.7188393946212088,1.5322278645516738,1.8716806958268166,normal
3.341990664563109,2.164567367205525,0.3349256442223563,2.8340837391446123,1.3256489421728692,0.4497454029640879,2.8158179892653417,3.140526650102396,1.952192263880086,2.245118001539803,1.9033567273228178,normal
2.749880906714068,1.5013043256320187,0.15324667859338253,0.7299072634751045,0.8670967698563447,1.3322958976326056,1.4534938998239342,4.617495851664861,1.7319966665069424,2.244193260354107,1.547834648600253,normal
1.9054735889871988,2.22552109917487,3.6001998368496513,3.5420237172316793,0.43353807804876004,0.8969324368799885,1.324282200872471,3.3488266786453345,2.0738199505372834,1.448274688999644,0.5607129915713706,normal
2.9192115136660783,3.7142462565414145,0.762812236408293,0.3216853707680389,1.6237606619511054,1.6563351904047416,4.45384890592317,1.0389489124825038,0.8901496888852264,0.8593239442591626,0.6020114501348734,normal
1.477082219028074,3.045157699001318,3.138893546480414,0.6299422330781078,3.4486350805437813,1.7522859527679606,0.23061263790785197,2.8020369546942234,3.578555438303101,1.0971036704977895,1.7224765119129186,attack
1.4365011737331155,1.8456998123616395,1.4012128763555778,1.9873299836098084,0.1411196346627457,1.058598042906904,1.53513269385646,2.5705676186287767,0.1437289059164682,3.5909646233632575,1.7317512442021725,normal
3.387923395715928,2.198366083317267,4.227131789387309,2.3026768299442737,0.3459433313548346,2.6592162960488612,1.8642204076595197,0.9999722128304184,1.926842965578947,2.342940868423863,2.0069380769633285,normal
0.44284898782719123,4.508592003689204,2.9421961661422307,1.6473817374720754,1.3223782827850459,4.312097511382638,1.9926535727278132,0.472213232579074,4.325333848818231,1.160376736953723,0.4671088509685161,attack
2.02342703972914,0.948407069587113,1.517005650596688,2.2663376543616573,0.04379241756211314,1.836342454110834,3.7004199399005406,0.5144794545483835,0.10716610870539746,3.014916076161312,1.7707417535714791,normal
2.4685143911097702,1.1730654604593658,1.9797286830278364,4.358965641138381,2.4952713568620917,0.5769049651939963,3.4889704690645638,1.5734804433987186,0.16777230491851255,0.8054553774348359,0.6498642581742106,normal
1.5135978093207059,3.5580891458416093,2.916809450221924,0.9800753628208303,2.322522452505348,1.0998106931062723,1.3109425469424416,2.104650452469808,0.5124082195163514,1.406290624244688,1.422570503924123,normal
0.878654403600936,2.2967132042687153,2.3113504182695905,0.706139811798202,0.4937946028616992,1.5868532494168983,0.7793260425508507,1.1881536729697304,0.03566582631662587,1.4115914481566658,1.2354555963563547,normal
0.5326055586547572,2.7987598248769623,1.2106375670907528,1.7398325176293505,2.69486598880964,2.404179337318723,0.39669283561894064,1.8032515906700672,0.8659865107616165,3.3637024298203317,5.0031002427385864,attack
3.6744998306600247,2.7563174822713106,1.5266273548321776,2.923989242537912,0.2677938365376962,0.9545977799330034,2.329816993114329,1.3846807501442684,0.6137097382841111,2.286811584680421,4.1659499901907,normal
3.9198850323704133,0.9675491384191378,4.665443840553279,1.1225365824676226,1.8355067237053544,3.2481781360410107,0.13635779719225585,1.754355771768748,0.7596381610109606,1.2408815442901526,3.2474485645430535,attack
1.1161302838384406,1.5317320476547545,1.596904188535305,2.644007375703212,3.107458288465398,2.0249472125327683,1.2073705754040578,1.9107090767714574,1.1640496197728316,4.931455305831666,1.5345752073386978,attack
3.609703782311627,3.625251376363896,2.032089345925084,2.223301519958087,2.229472656593543,2.5522843004637963,0.5821897606899566,6.444375425439363,1.8907680966281204,4.151021498582117,1.918380620380654,attack
2.0027654188569803,1.006925528533533,1.1364834872469782,0.22299118479752306,5.65520510435723,3.690228009588524,1.0037514743244034,1.7797609736112374,2.5781206293335677,0.629611797996126,0.9217287064036421,attack
1.597532277263827,4.348558318855416,0.9784172471570187,2.6295822758781235,5.462074675616345,3.7210773121947125,0.5597909682604082,1.1688969828748725,1.6058107524631795,0.8625141353242651,3.3139629816441802,attack
0.5048610687784428,0.9969737894593711,2.206605604831682,1.703642485677439,0.851872812513699,4.6748067153454835,0.6676213619015832,2.987138911103475,2.491417765194512,2.598990044331086,0.3619871319592082,attack
1.6203361086014756,2.056824864028003,2.2868610814562293,1.4731495821430483,2.6408059320055255,1.5395445606993292,0.8148497694260378,0.8619813966675235,2.3665609249432404,0.8980475690619513,2.788425171465631,attack
0.8926813631042757,0.6005247244646342,5.710413337880196,4.094620517609547,1.8516177331473476,1.1330816597359972,2.824293947317141,6.554614567479104,1.2466590366402048,5.55335331528925,1.1284041081544185,normal
0.4335923220616241,1.7776938068926773,0.35242901650608865,2.7223185836101464,0.5604102984734879,2.445675828085518,3.1605444209750284,5.207953350064034,0.4392420054187089,0.9958522391324987,1.3047636491206245,normal
2.5488046506119217,1.5375240833686785,0.7036255700048216,1.1189993168348156,2.019526577662786,1.2338313120087652,4.718260670689295,2.272793913066962,0.7042803735173474,1.656112347499257,2.659485147800446,normal
2.1267050027720353,1.1740284145420743,1.4621779976964941,1.6208806900023762,3.4122877300574506,2.7123207997916996,0.4269078163118285,4.562342375879539,5.53127865225311,1.2683232112843688,2.4498115137099985,attack
8.188827684618731,1.7274718890955947,2.0135053010828114,2.8527968075839327,4.167287370471559,0.297738905400113,1.688479475478891,4.157786309615672,2.9201390103018507,2.2809295654601125,2.0225749611409367,attack
4.0167191146119565,2.6772467695323803,5.255243067147415,1.5240298719064755,0.17390908939443073,3.6838359318341007,1.3987386311159447,1.8201749748974627,2.1191647410113834,1.1509202749335334,0.540472538804151,normal
3.521730186080226,0.04586848387963464,6.710504728933552,1.856282098997004,0.1781051044632836,3.8932309256403763,0.290034430298791,1.1138424345025077,5.645171247342975,2.5264811201442505,2.2610568241966815,normal
2.490639757525965,0.814558342604249,2.5904659103161842,2.352811570624651,1.6017741637162506,4.602090244820658,3.1745584783246126,0.6311242585352256,1.3072032898527162,1.0990709099274936,0.8368426527106487,attack
4.225311177406027,1.3014772539236916,3.2163699007273814,2.6355502397668875,0.615307897467108,4.224327054463502,1.728682452616863,1.3039483641654117,0.46051856148245196,0.8817336774844339,0.713844653656802,normal
0.34582377374434764,2.497984567325726,0.7432657156746237,1.941797935142422,3.9293965230126435,2.958002783660351,2.172321727602228,0.20300109151625767,0.34779664990752046,1.0527374252277888,2.3027958684282237,attack
0.7308030536915435,0.7124490632973113,3.795835976005481,1.4483533987235968,0.3674513551460014,2.3448487340197928,0.5287870240766541,2.29986241797503,1.2657975363327465,1.810272499949844,0.6929695339055894,normal
1.2039336138991152,1.0608703605534828,0.7782473007633778,1.2384335285516619,0.20445260722589578,2.8277331909627463,2.7106740029794816,1.3007763185889762,1.3333702500955071,1.199821688413671,2.8220759132269886,normal
1.0134635275725776,3.3047089114588255,0.47477908034591076,3.317811926740379,0.13433280669132847,1.161690648615531,2.8620638043222515,3.1896643561371087,0.4963870011300372,2.390316870240633,2.205354165436488,normal
2.4903566907238006,7.588295450976825,8.139415687653786,3.9054170144366536,0.7466046250460157,1.1050247882338846,1.8649435197184672,1.1684140135226813,0.7509536742501425,3.2285143087938244,0.4848889998020822,normal
0.1502157909587405,2.723026488948779,2.6539104820820216,0.3645994966446119,0.3544525183530098,1.5457070393558894,1.9778392032988512,1.200072454703103,0.9966102684749255,1.4726562606688953,2.570292677364247,normal
0.38354961406617616,1.7441570992826247,0.7511673184225347,6.946581912635221,1.828378924221169,4.4277483890201035,2.467705000076707,5.573673758573203,1.4948160856327894,1.6617106536940571,1.3247712493668502,attack
0.8447254260514672,0.4114491558538824,1.988172996695876,3.14706950588757,1.4245429023354417,1.0461793399763344,4.322730108178579,0.593461382595768,1.6028528038769225,2.7451960600585004,0.7342960957543693,normal
1.620457481601173,3.2286936337968304,0.7246839384736786,2.5149769088745013,0.291045368621032,1.4028942221476102,3.6171734087811136,2.593122622623651,3.7774494806056302,0.09703019375709461,1.4469357980373052,normal
0.7893041925391252,1.5080243258718404,3.3400383834998926,4.7154527554752175,6.250684814723443,1.073279037176362,0.24516514687843186,0.16894876349637603,0.47231073698577236,3.1036525203736414,2.260179387252544,attack
2.3715436900944824,1.4843904723259962,1.0699289549681401,4.278928524981942,0.09442949376529225,0.5137283414687676,2.6735075906865315,1.1696217124431982,3.0174734440071305,2.7951190086872413,2.571027117762399,normal
2.46973111214838,3.2350942712074438,3.23647978906118,1.6345344596630504,1.3096803751742967,2.1297538726349834,3.8815677391110546,0.7983964610543071,1.399035554475925,1.026781252883683,0.6649703335540047,normal
1.1118092881164798,0.44522615540126126,0.38138411860016397,5.082358905595161,0.5969903124813639,2.5543331462431973,6.240442112931075,3.6546119570547075,2.4807854639397293,2.8086857769411235,1.042950260956988,normal
3.7165224003863315,5.4096819822157425,1.2217703782230318,0.36379310563181844,3.1431314460111497,7.4946932674660784,0.6596829955242142,0.0806051655540265,1.4153787403361269,0.976855374847585,1.9146117868073174,attack
0.8432687635638647,1.3744274586438479,0.6138327199701833,0.1770370112064425,1.503797409520211,2.6917005138272674,0.4642657709916275,6.687548998512173,2.3525984069208694,1.0442782630527823,4.141591844503087,normal
3.2345000417218506,2.596715517879978,1.8542283230599133,1.070616256475112,2.1799688359646203,1.8486595862777049,3.988126258455489,2.4520372244628934,1.257800194955381,1.2403227683586702,0.8198873879576871,attack
1.9294162063989129,1.1180370402142923,0.5157783298108377,3.029364539088482,1.0274451522656716,1.3186278204086648,4.584571438365256,3.3676027594282374,2.425065028189059,1.9130361238545401,5.297315069618195,normal
1.3547907072849998,0.8409217571180491,3.9753330441402768,2.4288447151642663,0.6844759268663028,2.4325378337484045,0.37069384465878125,3.4320266251362725,1.9755719923317432,2.206023396222984,2.311618619329712,normal
2.406141038183381,1.5651061154702346,1.7007692640378478,1.1059146003430507,1.9191982449744924,1.5703579478982221,1.780788533682423,0.47004227110745145,0.9495989404048448,1.4419504256543523,0.6030477535172997,normal
0.2658559755162757,1.9196897830119113,0.6599082256956461,0.9509909507594821,2.164924755980306,2.9433367310098855,1.1374185940679489,3.4305469787571163,4.055063176077937,1.5068989025856174,1.5046527827843885,attack
0.9036489869219049,1.8137869398383375,2.9542559357710827,3.8553988819404923,0.6882949622029796,1.5895741980414866,2.584834702887354,0.28149874795623914,0.02617220066244931,1.537502929981282,0.7093208013574073,normal
0.614336624638948,0.7459420685075512,0.754033918900107,2.1340060261421856,0.12850472024312853,2.018296904279972,1.2007991840100871,0.41162721073752734,2.428892279648449,2.1036004818138365,0.813282349557111,normal
2.317767081034022,3.6581548722151576,0.15450474610414558,0.6260417929858745,2.7483841495753056,1.363465167660843,1.1036740779500596,2.613840657669433,0.9587788712614203,2.6487148814163657,0.5100984624073067,attack
1.5395931677942445,2.999699571832585,0.32639586965561623,0.758031902215197,1.1007473878303613,4.965404051804412,1.9405511434744505,0.4260174297026729,5.517871092929845,4.6610986036050335,1.8276322296419611,attack
6.600573728151573,0.9000486588488904,1.2320236928531487,0.6348289502611943,2.627302461529623,5.902339487454345,3.2988062090972434,0.6897056384605129,0.95538305820053,3.016439330819615,0.6670294570849171,attack
1.5229830512361868,0.29628853211569883,1.2169900536431681,1.8232454173789197,1.8911691584868515,2.4058698323035546,4.440006555988592,3.4477140055892472,3.2472898767096847,2.9115571431825567,1.9090392755596997,normal
1.5428343421584174,3.5804924999697407,2.987353944239172,0.8421263289143812,2.554606877741068,1.936736025370338,2.276820726079493,3.9420821855437844,0.8966290322525748,0.8153832840413036,2.076302483218806,attack
0.9792050023582055,0.3736611409585385,0.5757681784603618,6.625557791849466,1.8089383053794772,2.606504742304377,1.4223903792269748,3.680492443844191,0.14263625837179866,4.93069258171001,1.7813637659225838,attack
0.9717168042462451,4.446187610149378,2.484967348657606,1.5774557506231517,0.42354853364867034,1.6245216893179615,1.953827642139091,2.152831306653733,0.8591650549458723,0.8841551550566401,0.5584249890484027,normal
0.9517126380300436,2.807746870729791,5.696077184092595,1.3887896127196695,2.2034707857783986,0.5272251329788534,0.5429384642626263,3.528485245309688,0.10626330418555922,2.503793329022094,2.5845055499873233,normal
3.6036852254751883,2.2992895476637094,0.3966684823964084,4.18336604542029,1.0981764646447933,3.9658694619074417,3.3749045754294738,2.23542949205167,3.399321427299435,4.580315670042271,2.4964052537392507,normal
3.1248061937222245,0.7628073220134134,2.955569310744272,0.7471873814191899,2.0633467400370384,0.9812303635554503,1.1960244927240158,4.992971443158771,1.7451861421246855,2.0487978656638774,3.0509628899110357,normal
1.9390983026509783,2.91734050459943,3.1203137578712585,1.119395254985505,0.6288379740326885,1.9179679857501397,1.2024507778702194,3.311163363640075,1.2344638192394544,4.556346490839411,4.677807616505254,normal
4.284984769305557,2.7377122256543798,1.0108848291138277,1.3697927103878862,2.7018104108007193,1.6015663164653953,1.524531345844591,4.431831760675594,0.5066966816321165,2.823946480922213,2.5778191170273907,attack
2.019545536405825,0.7200256759007507,1.390255719008293,1.9916073318045917,0.6417317544952098,3.847887791678808,1.8272761544410552,1.721915853870891,2.9437909097880604,5.078885658898784,1.3604548195534227,normal
0.5779627829369892,5.498888826522004,2.156068074120287,6.960563628292427,4.614636706161681,0.9133365906659258,1.5598866350737863,0.10662665024496343,1.0070287262907627,0.4910878756872722,1.084735342345878,attack
0.3200227186194314,0.8393380167892791,1.0544276566735098,1.7203407031340523,0.4083289646410806,3.9663988186558305,1.0152625689247627,2.2492485689247017,0.9798079130421433,1.8024608371387316,1.664361488811312,normal
4.092504946739883,1.4554770743144243,1.5247553973681536,0.6781187373642287,0.3149741222697479,2.1491245318347256,2.1864367318657347,1.9955863463222567,3.4020478780959102,1.6989378335336291,1.2340487533205866,normal
1.9599058134501828,1.4886151513970451,0.46063536697525526,3.6480524613063348,0.9868462317399962,1.5679184856783461,1.0685863315860564,4.065955393908269,1.1029165935446226,4.5093041009938934,0.907320364938543,normal
2.828909028645072,1.5204759026914032,0.3798386906918047,4.405712336876371,0.8455456600335591,1.2716703137506487,2.1127294538207173,0.5909737490311235,0.9632880077736167,1.42498587239241,0.35138623620882503,normal
1.963948838817116,0.5280128823213146,2.787043204660261,3.6900416412319146,2.916013790207203,3.1978039042596267,1.3719702923988077,0.4742969401344078,3.570771706749118,0.9825456321196046,1.6259921180858292,attack
0.7473686365474368,0.654992121885236,2.0717842405607607,1.7837312242632342,0.36098298469030315,1.02219701991593,5.58327599932323,2.5514836351840984,0.9308084924858325,1.2345862642800596,1.7539615766929388,normal
1.2403386327433916,4.208533015182128,2.441270187490512,2.9208663906790924,3.138669429471036,2.4296862378077826,2.682207059481691,4.085614242645215,2.7782041123710934,0.6067821893609399,5.111820258997778,attack
0.27133098231808284,2.363674763609413,1.8915779012797684,1.1549307932377255,3.148840151408007,1.5150202508635446,2.463644361892359,0.5398359619632142,3.5503433968286653,3.3336722254317963,1.7216745608993143,attack
0.7771197226782667,3.72233483766882,0.2924270983278279,1.7913508966237446,1.3513059017726814,2.310897484381384,1.3308020240577227,3.2094796033830835,0.605145482215732,3.7432586328432835,1.5519502681400097,normal
1.1110200438395332,2.2702810915541867,3.0831686008671872,1.444968941439693,1.5523424015100726,0.8675968622561914,0.27250081155036276,1.059699964833302,1.7391587854170985,1.2730550573559776,1.277332656148023,normal
0.5984230990347266,0.6960926316863557,0.5849804479803729,1.7730087650150017,2.338866729294459,1.8287204242858532,2.4308940972113184,0.6859600616036884,1.6641920360973252,1.1253891477768643,1.4680759722758994,normal
0.38587908530657045,0.5704918429421432,1.7311166827258018,0.8636021097627768,0.9118645724747132,1.3722626079538225,2.3696554764223356,3.0331760546431625,0.2972669992840956,1.0809586794092114,1.9038039872384303,normal
2.2924301185671614,2.84878716822309,2.126724180116381,0.9415032156020977,1.8717942294952143,1.7017526205731481,0.543340734270453,0.8511836190166228,2.0299512715842343,2.8535876123171597,1.030481213241521,attack
5.583279563139681,0.0848377354883796,1.59021329304952,1.7298595099988638,3.2456375648082862,0.9172491958972634,1.055900846655544,1.0721016454539827,3.132749465461047,3.5370751166233445,1.212087933203575,attack
0.7470500587415828,0.7685744437970311,0.45929304717055525,3.798439334915797,1.6139829273327553,3.022634331223319,1.318975278701168,6.151065965053306,2.686734081721158,2.051683349186792,2.3626089852506222,attack
0.7066943510451142,1.08890066345717,2.992739189084854,1.6523729292427007,2.468867424352459,1.2850750389605576,1.4773991722713928,3.6019782717121727,1.8619479843198254,1.9241672292221612,1.5407810487718043,attack
1.175775675647118,1.3483217854661016,1.6614231641238832,3.7316279580022456,1.6743403308644043,3.262534726901998,0.7707851514404176,2.2571803199722016,0.258463739959939,0.8847695418787618,0.9179887161111715,attack
1.104748266876053,3.256415754270649,0.2885632304579792,3.541938504665212,0.25177006379584643,1.2333915087870975,1.2870302034131245,4.339711971935002,2.5993024488229786,5.323415146909761,5.86633017506581,normal
3.2406967162741562,0.8607376450011466,2.1764035119637812,1.7539505547766885,1.0251081150123071,3.113435029252028,0.45692114934532513,0.7623235040617908,0.2833429515740295,0.6809724920057255,0.8230205981570908,normal
1.436267532185065,3.2866493960716747,1.0757507308505745,3.3349878649702887,5.791067289882534,3.654114783673119,0.7218983530951374,0.9347425841813178,3.347390755631375,0.916201596143873,1.7279936159382152,attack
2.2902002274750823,2.731725040857679,1.9154368250131037,0.5674532256589528,1.1817837617494096,3.649993702779548,1.62887182429791,4.966928153085241,1.994198551727392,0.7989605446084673,2.485100948085179,normal
3.779256934111057,1.80917561718106,1.8305951672429122,2.1667098899138555,2.347722882928656,0.9569328036947433,0.2960174069918878,2.5782242629482326,1.6401323834896195,2.1918257848192186,1.419936062394594,normal
2.21813968664839,0.7369061602899227,1.2161003059869553,0.7086003508049511,1.2387993557038965,0.48376085534434365,2.75913963839099,4.227679502930352,0.5127236112640498,1.6551347371594958,1.420356145952384,normal
4.344165842734523,1.7402165675980827,3.531283954874501,2.633965842845744,2.024228250328845,1.0477971475996701,2.031310292679494,0.696973371991324,1.2093040506133155,0.25523002587657434,3.9335687267537254,normal
1.8515625220499836,3.857912746447436,1.7923363821930838,1.897670816651547,2.524844631430043,1.557558066119466,1.4099964704137111,1.263293484808524,0.7417070724758348,1.268580822331444,3.303575048811148,attack
1.1777285509822089,5.641828511454149,0.28628683492567447,3.402769539313379,1.3661720588245014,2.31811479730128,0.7889434009798166,0.36287255125162926,2.957047046612335,3.856691833472361,1.6801583558436872,normal
1.1781803308017715,1.5847538354304989,1.5821286200734306,1.3456447028394587,1.8193371710754407,2.4083382682555206,2.263090377583807,0.9996094130000172,1.367666480615534,0.6602924506938715,2.215970600603277,attack
0.8450567062806951,0.14227285622008887,1.0874101019343323,2.2946406078416044,2.386966573154666,3.3588005107838415,6.2725900850088605,1.6308019372209193,1.4134027637056077,1.7927194660015042,1.212192555855947,attack
0.5949687516207924,0.5518210725896677,1.4973776821487543,4.0923805537787,1.1471386714098186,2.679974335332785,3.603383847812116,2.6540396102410475,2.8632405250900543,0.5956234282023569,1.3353854196200585,normal
0.40648164470546067,0.9848394321846232,0.543367762754003,2.3084536233466433,0.5420544601428525,0.5523014464887059,1.5524253681625997,0.2667451482337633,5.897408638880298,1.3128754835502472,3.544794875000351,normal
0.580074959789577,2.05312882266591,2.3708508591770547,0.7007733047821597,2.7818590393740497,0.9624298114123688,1.1413301372203402,0.695725645226814,2.881590362352016,2.022450581830831,1.9278839724414532,attack
1.8869341327658489,1.9782824361707956,0.9235177374755559,2.6331746025865272,0.8063123011509168,1.9105584256362294,1.452851595322515,1.0883368924080612,1.4835708972677557,1.926069463976197,2.625487045670789,normal
1.6974846920624884,3.1121005624314075,0.9691395112742589,1.3085119683346143,2.3456336869691725,0.5825956922348955,2.849770101687808,0.6229866360129456,4.968574437533284,0.9787069417063101,4.684019695333538,normal
2.700332332322781,0.47573434853118457,0.7743061935329203,0.5359115200509462,1.291978421892751,3.0902309484625916,4.292135412557022,0.6873727400793257,0.6062861175382366,2.1344893742782096,0.4913160663851966,attack
3.05675744273148,2.534409440071956,1.719064843880415,2.9732498893610697,2.90753511727985,0.7652939968259408,0.5900497537047951,1.5669636370517845,3.021768778851972,0.730032750311107,0.6233602221126258,attack
0.6544549899466883,1.1629169666477195,0.08546586211421085,0.8277256030095218,2.2592100012275074,3.0102507355943073,5.922015608139444,1.5196982363755829,1.0254959782551454,5.114663138002959,1.6569231260113446,attack
1.6925009544378564,3.749621918923217,0.37189288543338134,1.755241414570009,0.5373243059856702,0.2735850759301175,0.7729370869874295,4.505583540781122,0.374460222830083,1.1600189440269681,2.8247067550014324,normal
0.8148590833760787,5.8602712432884365,1.609241921810555,0.33603952864257347,0.760095208586608,0.3626608166434343,0.8468110392442295,1.2905275389900361,2.8654896567364774,6.6612541709125255,1.3286914858899743,normal
2.552338963080945,1.4771672165614178,0.7222560934530023,0.9433794613378215,4.231233545289549,1.1070689406986025,4.76679513543039,1.7180483203716495,1.8318563267119647,3.6571823481789623,1.9329666391055742,attack
0.06719904916779378,0.8601899752542257,1.8167871558978197,1.9794373597000945,1.943366386065824,1.5194081467055793,1.7712775689539844,3.902894140575483,1.1982647380983762,1.5229440749306307,3.109062632946,normal
3.1964006282029174,0.576604249900141,0.2201849621900672,2.7399311269110123,2.201900377265942,1.634961548465222,2.921173613351267,1.3777803747764947,2.133892292470247,1.110265471220967,0.842982857726702,attack
1.3467814787661987,0.387593025845461,0.7835530500492305,1.5889215012063884,2.1836541198761923,3.6077254888978523,1.5180976555228256,0.8225966886622263,0.5414609488206641,3.421459875913859,1.831009937448808,attack
1.4639921127939057,1.8746876549436995,2.9443995800870377,4.352285333242061,0.46229032078855103,1.3698618217941922,2.7658233460765564,0.5008873637670191,5.446324484475313,1.3573292307882392,5.96487510946058,normal
0.4296946139634891,3.336570411197412,0.9407467209241255,1.6671996410574919,2.555140393913952,3.1486365207222264,2.271197325929942,1.60293828121148,1.8459210394062602,8.248936732619116,3.513209235598473,attack
0.7111821340740574,1.8184329607121328,2.3662789337587222,0.1259219331421031,3.8074235807423604,0.7797673114826471,1.0112165841663077,0.5863513177779734,3.356998106134262,2.6465346455274608,3.483784314928838,attack
4.588092245242406,2.001950366654492,1.1355582895243652,2.028587668087697,1.0043141365146593,2.519241785082853,3.897672965340277,0.8262182755417553,2.0415038492980595,1.5721862064326784,1.658657134230339,normal
3.3136561912601445,2.396296277885616,1.3764666423567216,1.5149119882838171,1.8367826141297587,1.7500717662740604,1.8346796100047567,2.9337664542329027,0.5760593265576537,2.4178664574899273,2.608259576650456,normal
5.737248563242105,1.5974478030206616,2.388688959565988,3.29507447310658,2.3530598691388493,0.24017231994467422,0.2752630427003419,1.4877484532302827,1.7284937529065934,2.1807051231767254,0.5341133685731826,normal
2.669089349622457,0.5419269179817618,2.329234965608544,0.7209188399232406,2.5717242124667266,3.3074947753262083,0.8864896637057718,2.30199363787076,1.9491730679144552,0.8496057011936355,0.5121913711203736,attack
2.7075030929131962,5.216232008096722,1.3745643452895422,0.24655233055451278,0.12524036514568915,1.82450450556703,0.3912072364752562,0.31025590077611653,0.8319029315085065,2.6566671169813665,2.501203149569997,normal
2.7741249571396067,1.1093733052098562,1.1776157337177693,3.461171905283632,1.3117408008661435,0.5012208685346126,0.8723069692567234,2.8062573679884344,2.2692228182618943,1.4692724308674086,0.3612403353893616,normal
2.2560097146124263,1.2588740069092594,0.4944446976091354,2.7583768691933903,1.3159849430041781,1.7583466215934556,3.8247998320988326,2.1054790087027846,2.6155254113670092,1.6701713172064614,2.9931652438112137,attack
0.6100552813746428,0.36107013382507264,0.5480945800025246,1.1848556230378673,2.613337934151565,1.0661763684056615,2.5584904230360896,1.8284971357927327,5.820819437172688,1.8669318528592613,0.9727158769923874,attack
2.37659541282959,1.7298185344887673,0.6112970225147628,1.4526845442693,1.4288699207038207,1.49507472644087,0.6510058088937666,5.266425693923987,0.4025235017708495,3.8733842863215893,1.6127562358405312,normal
0.7591753299394879,4.7182724992468295,0.07103731408350528,0.7506226685485687,1.37765543862935,0.8480835111059909,1.5090496855945794,2.473869310332177,0.5095589115526858,1.9426658264788297,2.64473458589598,normal
0.5655471998503053,1.8276782204825808,1.4187353925145796,0.6791504047908966,0.7383128355042043,0.74597323012395,1.098965237437053,1.1115792496395374,3.970191609537965,2.047050011261204,2.09123572288125,normal
1.758767737402954,1.8692986758512586,2.1957711679671332,0.5972895587028604,1.4682693704776468,0.766512507590551,3.113920569983834,1.0181430155240705,2.2163660161633807,2.5062157898396946,1.9585298547345291,normal
1.8087637030629948,1.6053552226395613,2.591914813670156,0.8193709913311945,2.070170543786836,0.2893259143141705,0.9783071048389619,1.0847187724555594,0.4425050395445232,1.8110644348460625,0.8667145802567957,normal
3.548846377088155,1.3251032055278695,2.4642212343603593,3.1591065673273206,2.254106882934389,1.1807285647183827,1.5996086325822185,0.44582286240587543,2.4928526489879292,5.973861908076706,2.9848747012523495,normal
1.1387879984705431,1.227048514492282,3.073101603611563,0.5198143266144183,0.9043397662823048,0.9711670623007472,0.26824379009661525,2.1487823009964164,1.1525740337809818,1.1606965219502883,1.7503344666946123,normal
0.3771461245312662,1.488736040396787,0.37042694675420446,2.1451617426340968,3.353253075311395,2.4839652675703245,0.983906969829289,2.296588422807857,1.291601897257455,1.6829969547492811,2.2046693628630787,attack
0.05720913115829942,0.29701087188903524,1.3654878057848574,0.8043499976429923,1.52314841890468,1.723332087389462,0.9906070973989034,1.1995096089699366,0.6520358080661286,1.8814362886267852,2.6972021985777106,normal
0.3908683100862628,2.6028515580295677,2.062764211592144,2.4691959830899126,3.4067675482952873,0.9922039570892002,3.068811136422558,3.444756802306409,0.44150373427537465,1.7278970282862565,1.6773818679659673,attack
3.588540805210336,7.044569429435452,2.4887263015809946,5.3472015667372785,0.8448547582791076,2.3285707960755135,1.4974142182455799,2.1769494706338084,2.518229256335704,2.822795424744709,1.215745192040266,normal
1.3975711139482014,2.6691924398090223,1.9638010946855582,0.9179545312343673,1.4275756065306275,3.2211194458646992,0.7095986961266014,1.5435898283899097,0.5018675765874258,3.4156877199021713,7.278101261769756,attack
4.040434006520285,1.0466212396549828,1.0421300127876507,3.292578961284318,3.019362986748532,4.434885763004294,1.6040144837335546,0.6205422731665675,1.6328023562869312,1.453925019053358,6.299189990199211,attack
2.542793582332233,0.29893049279179745,2.6121411662600553,3.43845001978903,3.0841822797343266,2.9605472875286303,1.9373807899260054,1.3998213113683442,0.5861928279070714,4.634291728846672,2.383063702143186,attack
1.0661262471860165,1.7854691919922205,0.5915209168549632,1.7736250594494352,3.7778619211064175,2.6202681417787965,3.358409189134077,3.189293981459522,2.241713833266349,1.4739614188536414,1.2345543194544204,attack
4.419673918366886,2.4434549978066706,2.3159977844610236,2.4331843494867362,1.3359160009652145,2.216928916970817,0.9816939152984587,1.1486747094999037,2.6968719385028024,2.382488391179294,2.756776849342296,normal
3.032873608135999,1.3468751418314169,1.6790794134367553,2.6142403581190004,0.8872583351880059,0.07132187825101374,0.3835453987660037,1.1127482028682683,1.3641155500303483,2.155269530848845,3.4755019200981194,normal
1.426855454685919,1.0429366132250795,0.5882468603053208,0.9483372729514524,0.9358852346665727,1.8517709024015603,0.9395055167482624,1.3103891301684067,1.2066583323011946,1.7126495764153904,2.5186633421947766,normal
2.2141895811713646,0.7979159839291887,1.0901290836602324,2.8560879321415573,3.332220635807044,0.5140479708867068,0.44853566371536463,4.5131664744438424,0.5943316116223586,0.8771999956388093,1.3380103986842267,attack
0.8484886830670667,0.8918080727012305,0.8949857820033854,1.8485807080469712,0.3633926221695957,2.857076137667408,0.4494498623720291,4.178779873425842,1.125537491210924,1.0466409748108343,0.2858411624586651,normal
0.25441753758941454,1.5670765258707253,0.2806553789375884,0.8639236942677658,2.4256979070513767,1.8127151309251814,1.2449018266649214,1.6799592202299312,2.4664897189670927,1.1012916574396152,2.8019618197572345,attack
1.5652794919957704,3.239452900418964,1.6684654029963173,0.45243332242346557,0.8467269816089007,1.5141966833033202,7.054029359575007,0.7929208508478542,5.969255531650352,2.9955474905064827,3.090762313460018,normal
2.473716370272707,5.627701436428535,0.9097524523506825,2.9280451562680536,0.5367907838616385,0.9177274357946257,2.6057536588341086,3.138835204731288,2.1433348388478,0.23115302522381273,0.7740679363309604,normal
0.4530162439676345,1.4463625425838356,0.44454284754429735,0.9474638156382478,0.925727021800553,3.673613577816386,1.011530357169981,5.847735671794408,1.1351460866255596,2.3529027714759096,1.913854166676238,normal
1.7095680351919382,2.956115206277303,1.529820615721968,0.9469035652647372,2.6254185520980142,0.6550721624727964,1.1784525736308809,2.950873260856594,1.4129143956832282,2.2062176791245443,1.9511801370498931,normal
0.999777550384993,1.4545377954230168,0.6263641812936338,3.298160094953488,1.2106757400660022,3.4696596046321067,1.355468943955168,2.3266925280792976,0.6349223152026157,3.120578978061492,1.4043014983993731,attack
1.0638272674457092,0.5656617892417797,8.024772022342953,0.4688444511285322,5.736320286116611,4.581271319399928,0.4391150211557955,1.510803251003337,1.4053949492624127,1.5476320544603432,1.9456137389249843,attack
3.5100535531844756,0.5433766529091344,1.4153607932675976,1.073564786520059,0.9760223760612432,1.6003660185210364,1.3034619203873303,0.11496839549208326,1.9687562673950896,0.23135982160053933,3.24701749622163,normal
1.7334486880364073,1.2172758987806898,0.42168928729694966,2.0132755829097575,1.5141295590108241,1.5971287810822923,1.7738951736705544,2.4684247372307673,1.9628328649651736,4.3555735386540615,2.462918631587972,normal
1.9268258869598154,1.6494494776135402,0.701760155180292,0.36231531081478763,0.08647772622656363,2.365724574400087,1.534298260221502,2.5118050240071095,4.1575173231346865,1.4208219185725686,0.45121753955901006,normal
3.0513761285205976,1.3207560425379061,0.9422097358471712,0.8772415663787779,2.347551434712693,2.320678828413565,3.572226368349491,0.5874568861970652,0.5780329877731724,1.798321041677714,1.9554761628554367,attack
3.2424055630375075,3.406334447737832,1.7439976780471582,3.5607971154775164,1.4880051874328912,1.5035158332646303,1.2872955902382892,0.5525284621588695,0.3381199564840987,1.7721732813006656,3.0925615847875663,normal
0.9071120570171998,3.3669505913785036,4.039853609141993,1.1766509316909015,0.25724434107689426,1.2814188198179264,0.6268463195288791,3.106626131350257,1.837407562402201,0.25333506167434144,2.208155187562723,normal
3.2524789567055907,1.668993656156375,1.0786102752185465,2.0901201793331587,4.6592232289994495,3.624427013377456,0.48446401466145467,1.8207878509928186,0.651904089262259,1.0588226244218997,3.813189948346602,attack
1.8144840644089704,0.7070688770165234,1.2628772091409595,2.677363576095932,1.0058937319571546,1.8889808926101415,1.0739622485194258,1.1657246906505767,4.075627029476613,1.7682208007594613,2.361929519211516,normal
1.7444891644867955,0.3989986984693797,0.5945486264675512,4.06101366273105,3.7706215371112273,1.7003537398896327,0.8076932204000439,0.3176935558598914,6.235201911874321,0.5624540072930505,0.8665727471159246,attack
0.9950226419129475,0.7929288203888228,1.590808057743835,5.754582343020288,1.410290381066168,1.9959933397935392,2.4851752284952298,2.9235339067892916,1.7017406337001244,0.7316028333315056,2.506400526023118,normal
4.647977499696123,0.9532436442337937,2.078043307574344,2.575846503755011,1.1411046314626232,2.9066327178850613,3.556622017236809,2.078292972940949,2.8306514939651186,1.4136956474073492,0.534227463224531,normal
0.7081235659977152,5.248053754423434,3.5828542136071824,0.6647190803145896,0.6048146471294432,2.5474801702540266,8.174420131486311,1.7451677590031283,0.8286745141315037,3.0257848437544617,3.949716378029456,normal
2.549437296614549,2.292411474955723,0.6531703980890932,3.066527384324373,2.5830499605662034,1.2418616331784402,0.4808624344968193,1.1546293162793093,1.6463286917504767,2.7063322277280455,3.0548457834900544,attack
1.5208377043544277,1.4216712530708413,3.4332303249153417,2.1350390329060085,2.560618402471759,1.2525938324192676,3.3862459079414884,1.0003728588195713,5.732275630095521,0.5847026837978222,1.7362699639835644,normal
0.5377010436837817,2.4342067513910393,3.6819231883845824,2.570052519237469,1.197963122751259,0.5373385370786665,1.1874031011792747,2.620911441935269,0.7119851612688254,0.36539220133283,1.3940799925253582,normal
0.5544892770912546,2.0639384106387024,1.52393708749931,1.354818810162749,6.207760865206623,2.2886456586278037,0.10835875797193958,5.650869476991128,1.7247777527685157,1.2518931023038198,1.9608695176036837,attack
0.6095544680722733,1.4804394004464099,3.3177964877618926,1.3134240048651686,1.0730029750585135,0.8928227410425801,2.974555946803352,2.09687071597533,5.660955220884873,5.085898026508931,1.3851227041999101,normal
2.5116982683746585,1.211028143036496,1.0655524135220942,1.0086885815412514,0.9212667686135184,3.3351911610965987,1.0550600161614414,1.2367490053510821,2.071153915928853,1.9381928668127284,1.8026114906123945,attack
3.73511128544164,1.032012245203715,0.9179226844735154,0.05407804464129431,2.5576429707633586,2.4979769046842932,3.502448319782162,1.373871507244073,1.5506013959007856,3.2388393324155325,1.1773011914078808,attack
1.7019824863123831,3.6889951502121408,2.443790577993178,1.334946738153221,3.189427053953508,1.5874378353420082,3.239270226645337,2.0929301037068697,1.1386786347098155,0.6585961823135987,2.8668363043463794,attack
3.063597475722602,4.029594108539298,2.6164050882175407,1.4652326423692585,2.0364426343585618,1.7784100031435943,1.4268390095836307,0.5892931597123812,0.6717324350058373,2.9351968613562827,0.8806712124026347,normal
1.3687672685250574,0.3799176363975906,0.4124267746859283,0.8969156695496507,2.861115527280424,2.9758262576937797,1.953009938704801,0.9977631008365048,4.3032121798676295,1.350434517613921,4.569448499870375,attack
2.257866973636952,3.3425045436331358,3.3552513982713768,0.2805699054369986,0.6538950843399114,1.2742581606225705,0.8939932522207267,2.356917057962226,2.4944621669682734,1.1828422111249615,1.0801092740446492,normal
3.1776701219059666,1.0959630866495769,3.5794014856434115,1.9910623054743015,1.9972495109744002,0.7444296519248746,2.7366252748327087,0.6403436368494452,2.7329938525239017,2.486956491293772,2.52804856640893,normal
2.481191485807157,3.169395603099732,2.3036550847886996,0.29199178277722715,2.1368534618911657,0.8331525929797622,0.4830600099569471,0.7241587880656565,1.009517405944323,2.5763541297657873,1.3647698962134773,normal
3.1299635743059326,0.9404285370916908,1.400714285183867,0.9775861000657107,0.20104417121851484,1.7263686454732041,7.492133129642644,0.5001854309641185,2.7488150043484514,3.1848639358726216,1.7927423201053605,normal
0.5572863232074675,6.092747002680446,2.455308011930789,4.562475976623537,0.352426130969483,1.0493037021394456,0.5096051377830821,3.4138054463931007,0.35214229208474135,1.5118992423976307,1.38787023309018,normal
0.2540826882952981,2.614680015335301,2.285255059702134,0.9993679516200682,4.55749271134893,0.31067411402813183,0.16418819707426616,1.858150418355534,0.7242147065878384,1.5617735376330235,3.7540554056606323,attack
0.4783926996791968,3.4429490037589723,0.5162536004865604,1.163257425351397,3.9598019673889024,2.6547336045927366,0.7747201759881627,2.1192764093534455,1.0905207594419257,1.2174718556771267,1.3972462997436197,attack
2.387039581809345,1.7675299830210622,1.4285358126389736,1.464835179424285,1.9542060882215366,1.7021105628210584,1.0521736284290695,1.9968414620777346,2.2641226583079743,2.0383327810033665,3.121952993741247,attack
0.9792314182690025,0.9404239744851928,4.176993034815995,0.8052806595419391,1.3203406014008165,0.19449187184378058,0.5193568425612036,1.1700221186333362,1.1201597872059326,1.3602001745794645,4.871563403748456,normal
0.2783194801336652,1.6156169179745727,1.4732598085580038,5.414208162648385,2.923134117697595,1.1000771928494655,4.107234930620453,1.0244334316858787,3.099467089406478,4.549210700542842,1.7711039189620557,attack
0.6356132142775188,0.2513134256166813,1.8225599460884776,3.009459901256057,8.527215878584697,3.8073564102194233,1.673578459421703,0.6035733123886883,1.4611348855031023,4.827705573872116,6.09110078169392,attack
1.0146394739104103,1.3538453933372643,4.298233329363507,4.1215414020478605,1.0535828719001537,2.7392200534325846,1.1098387369943077,3.5527689641130755,1.6593844033160285,1.250849347652861,2.9185188458357834,normal
1.7555038332028816,2.8646747171092795,0.6758917584874823,0.8115699573056158,1.5469777630781443,0.8905975226424034,1.1696868724282905,1.5798309742622119,0.9868910810646557,4.715138397599019,0.8405512761070424,normal
1.5105909198311938,1.5369912678282787,1.8147304102448607,1.2497304472668946,3.0993537209658544,3.238075775907426,1.0134296609298141,3.4192473714792055,0.9729893773438479,1.5155648902469847,1.6537092668437534,attack
0.9302679590391982,0.4213448035892733,1.8078475457508556,0.618372174277288,4.457593197828534,1.1214884022869862,2.806643258342273,2.679057631743803,0.9228592998081403,1.1467758959868721,1.1375612349064599,attack
1.99761217717686,7.7249110541996515,1.9281839432984436,1.0765858882758073,2.0519320190785026,0.6212440905871159,0.8460704966397498,4.506131389398379,1.3470228984940744,0.8145429737559965,0.529580223709191,normal
1.565510648306663,0.565011341755402,3.596696138173735,2.6715469713412006,1.0334062474438517,5.187976213606055,1.1385459302107042,1.3455324244441138,0.8623902281993803,2.5130243069181892,0.6208709018857599,attack
1.0748860860580602,0.9457011173716475,1.9197674099145043,0.4719407199780398,1.4448352318675106,3.5893761497141283,0.550900367957206,2.6151280170573514,3.002475737424237,1.3907740996484572,0.1825360160223764,attack
2.54016226470728,3.508594575890167,4.913913176179193,1.7007219047876376,0.3066508880583967,2.509628749257733,0.3635237826145169,2.2477857891463193,2.8201437028960767,3.664271520767876,1.0921561677034382,normal
0.7044966559961109,1.7218343654614143,0.4712103027267073,1.1919793837716384,0.9291631748999973,3.2002780478700217,4.248952059897778,2.3820595354052094,2.92769535826509,1.7311905323853316,1.6280822135437132,normal
0.37595410211905333,2.0837542587289004,2.7910042549995713,1.3056003802983505,1.3529563128754638,0.20141409924647885,1.380945809414683,3.2190643348666788,2.005679072005878,1.5071106894020345,0.5928521299569404,normal
1.068089457953513,0.9069264836758439,0.661332930275113,1.9990738957344034,1.1029183979717223,3.001865179296407,1.519490540885414,5.328600567805451,1.085771551990234,3.5363106754380564,4.049894606876348,attack
1.0083553302039865,1.4266806767637383,1.174482700683217,0.9651087452520611,2.459809853269483,2.6635727092658192,0.8930254556909086,0.8790574677764822,1.5556156495741251,1.5184162658645,0.37448504699762336,attack
2.500811594785839,0.32136759727370035,0.8077367080884144,1.7792415859743476,2.476060102453584,0.7657433142374859,1.3931624283412785,1.1037387461601837,0.07609210889870854,1.1452809183501327,0.6368784545172206,normal
1.528170587671157,0.5524297998319876,1.0773183768620336,1.3912888270024502,1.6232830264171787,1.282678625135408,3.434138303002161,1.865976053686607,2.339533569087105,1.4191538769603713,0.016269643775734227,normal
0.5049405383584035,0.4337897355232634,1.2647847512310446,3.9461899783004273,1.8021697761414501,2.8892515053062113,0.7048661653616134,1.623358203697357,3.4583981390996374,2.924098012731017,0.9470664814970258,attack
1.4183889986346454,3.0602226859378443,0.8810827136701987,1.3467900699476751,0.22534642079799583,2.726952710559973,2.610733916882201,0.2655402925862021,1.3473713496935829,3.23237791777511,0.5806352008163658,normal
1.9431065712850852,1.0856575423576156,3.1955802394645394,0.21112907634397435,0.23501724270874644,0.8694841356646554,1.5834534808603455,1.6047007225482965,0.3039338073584442,2.1286568235586065,2.455118121464375,normal
1.611449111658658,3.246217315005396,2.2438616006144216,1.0703433394798556,3.956191236339451,4.398665663931064,1.9690709856072457,0.7205712272347734,3.163526730793954,0.4741153339496825,0.7675252744858657,attack
2.8814170697658996,0.6793462804406029,3.7179136034890323,0.7157020751033717,1.2246546983248539,1.1300710501590703,2.44408401664411,2.411362906696552,1.1026506278109103,2.21378901040639,1.7747009708411232,normal
2.5674464419984266,2.320562362377707,0.7059797870155303,3.73288940101795,0.263860158322555,1.2172354206983425,2.219946657927655,1.4908588953141506,1.37520432783221,1.1961299929360034,1.0762339746016363,normal
3.449629101669205,1.3936497341373584,1.3939164899403549,0.8496843247354743,2.365070230049523,0.4472788502672753,4.9398766359213475,0.7107861138823468,1.3756775386893383,2.0283813347939557,2.998125181402637,normal
1.16172712711729,0.9840960782779314,1.678210051423319,0.8792060903229959,1.275678290359898,4.032552403258477,0.7047187844679047,0.16107705558512045,0.8133061462960786,0.44139561742685457,2.2987114277600034,attack
0.9820018392674411,3.2238224443074666,1.2525414433801185,0.4503975403672268,2.951283549308264,0.7350021222963586,0.15897255568330088,1.9623871358409828,0.8432659251066142,2.0747896545800546,2.654872865699171,attack
1.7978930112095541,0.8799355046317152,3.0226116486878154,0.6733185968040282,2.0771919604054077,2.383193139978342,1.5555658115160742,2.612824402315417,1.8090572614690137,1.9947350855089985,2.6193486207498182,attack
1.739551388265209,2.8332139311989213,3.6149224405543356,2.128362646916101,2.660779262557847,1.5608552541854301,3.6580084128538712,1.9102819028386613,2.5034459895964707,0.46293663132338625,2.357953502659785,attack
1.6587217887060073,2.2967140493432354,2.4615010960394046,2.6313883973936845,2.3784813236987703,1.3098314739415018,4.556918238394912,3.2269532069393017,1.413158986198113,1.3591439271480776,0.041839639886427415,attack
0.6036315806313274,0.8212291432518203,1.388097834066348,3.571402740414897,1.2719846771506906,0.5945165169992442,2.2681125815876375,2.3863177002685627,1.2818306604963083,3.2817869336397583,3.43053891134936,normal
0.2866711146324053,2.39799991313512,0.14306060262079417,1.3999204827232739,6.018911447196919,2.3174962946874733,0.9136297276976132,2.4867630305907347,0.851372939992171,1.9212921854034408,0.7137683654693382,attack
1.1389166595285958,3.244779511145492,4.47586568018149,1.915999710468228,2.6816212219941455,1.0124602345992633,0.6322730406983145,1.7723623388217102,1.691374364248157,6.220282268812877,1.3653549806208414,attack
1.3195014795762627,2.3111965179820033,0.9906060038717218,0.8066284232664824,2.073715911055628,0.40041504364584196,2.2188301146476896,1.0944283448667889,2.5916025890306886,3.7146694546450174,0.8072251686833137,normal
1.2962229447482156,3.10540974111217,1.9146057659551474,4.536965461026837,1.9667452940720773,3.5921452966721787,0.5456102508441814,0.7828050353313365,4.154722631069017,0.7683898471679217,4.186461948735366,attack
0.8767979497722888,0.44202839120996357,1.3545638192612153,0.5466509414140529,2.434906447700109,0.14465712999525202,5.279037738040997,1.686918226337663,2.528258649788972,2.7567177498848037,1.8282692044568258,normal
2.1938930201963784,1.2093278338052602,2.750246000580227,4.662334091883984,1.1751066091038795,2.9904155020492977,3.349680694929147,1.1212287364408022,1.557882041482594,1.503897665894968,1.3735049287288605,normal
0.8962837301532616,1.604519815760098,1.324957124889791,3.812108000513615,1.9353055470607627,0.968809216741561,3.969827057486871,3.472816109326583,1.358786806351838,1.8496610320233025,3.843295904589094,normal
2.9035360689700487,0.3588258696752922,0.7262334968753771,1.050183653542409,1.1512721398610655,1.5304605612431057,2.1355511992114673,1.529486924742965,3.397607068109044,1.1694468098763249,3.3988356021411676,normal
1.9411035007257043,1.8550150702709645,2.705192574016543,2.4219734837314437,1.525469077693415,0.8849854750065683,3.873022175213658,1.7731849871125809,1.7861854542602422,6.948345380815866,3.420407710184512,normal
1.4275137398046145,1.6672824343917425,0.8081526104459049,0.5866539995546631,1.4268420165748823,2.3075842721395667,0.8578952589682228,2.9105400746008714,0.6927379783186244,1.4430808709052665,2.7323606868486645,normal
5.521647725698332,4.239169587169163,3.6371696765565953,1.8219885077184859,3.0227651411571395,1.349719885604194,2.6079445990005463,0.5349939738360836,2.13585789497046,0.5324570263428701,3.4804535634333464,attack
2.919469445529035,4.513207568434952,0.6093923870755104,6.903569601687467,1.6588060285322173,3.4472455632886274,0.7795654590441791,2.260732249532817,1.516622272939641,2.9185773666198442,0.2943915721213946,attack
0.7191488682250942,3.702113992859781,0.7040751842066841,1.5376313434051179,1.373249007915141,2.091470696791056,0.8482703010348351,3.9266939311608127,2.1234893274071474,4.215438863126625,2.8996583635705004,normal
2.0309944810492295,0.09717109304946046,2.590376958840783,2.5708773586051454,4.1614478800178345,1.906689174929368,1.7805768655844065,2.6973894273687287,1.7723999712814986,1.190551133402564,3.051520652261186,attack
0.23971015008447505,1.750577138209529,1.261662839539995,0.6984538698376532,2.068677447830525,4.540663915821458,0.8163957156794353,2.5923408068933878,2.3256168095407257,0.5950598995891498,2.30888984418466,attack
1.3142477164741124,1.0012652434744749,0.9826525150694176,7.249278555188374,0.35308288972176216,3.591074152366054,1.4487113735089214,0.7593659524911954,1.2365419927334675,3.7794632291993775,3.8957890026740403,normal
0.7381468481618442,2.2618551633606816,2.155740349470734,1.400326534281645,2.4287729932957833,2.8548647111798493,0.7025239777677743,0.32027203893059103,0.59326903014569,1.2056469428978354,1.4090470594434366,attack
3.053125721841818,1.5820304961846123,1.207439204368145,0.30451609631537935,3.694468940246027,0.7368705229633186,3.9079299301235535,1.1096459727801637,0.6300294916447835,1.693835727671305,0.837464112430633,attack
1.3320768701300698,1.6538107687640542,2.8287144316095794,5.356179244117282,1.0064974653279621,1.809378632932167,0.5023702567730512,2.510208595307377,1.9135609942217866,0.2978772550716116,1.9960421358518732,normal
0.8088238961343659,1.315871092254236,4.517963051211898,0.3546599270848535,2.667686906051823,0.7041669796785321,0.5908779993071213,0.966343362309438,0.540672976281765,6.220644040466007,0.32131378754878365,normal
0.4918316585733786,0.2254326585508831,0.788774752808024,1.717296426558351,1.8669494383555671,2.0458517729606673,2.1477545288139024,3.222561579364335,4.580091761021329,2.493384924951882,1.6642255737570735,attack
0.7225219107773988,1.803620366162788,2.426692829321211,1.2766213545689407,2.808036170916212,2.1184868856983723,0.8469101597806608,0.9742252910971868,3.5830416527975726,0.2213623837703727,0.27666847657568616,attack
0.6146282355920228,6.50237428164602,2.1758167557665153,0.9633174751633322,2.2007452551847173,0.8951718452863072,1.6551524311227912,1.0618912856291667,2.1433156997638116,1.3731426653733,0.979679641912941,attack
1.6513316346917333,1.1675052643902335,1.1664989027068362,0.4102580744246783,2.104258719278622,7.937598562833478,1.710320953779713,1.227836688217834,1.260012784461972,3.4889587722988344,0.05190592681138743,attack
1.749219675769703,1.441044686845386,1.3697962608139054,1.6129746654538266,0.6566356198698282,0.6798816891181627,0.35694771951527166,2.146405208435614,0.10236893761011005,1.822398865464953,0.9668763848132153,normal
0.6433780579032619,1.6665951415951301,1.0952457124375459,1.6362740884936076,0.6932213541760793,1.9682690213673204,1.406194480817517,2.71715960629564,0.426428994525862,1.0912946280143372,0.9816702952040615,normal
2.3286255733350094,3.187997856170892,1.7395126012446265,1.3670227748342787,2.7197845548166972,1.1724640169162264,4.551001047591884,0.8262877729584204,0.18777262726430138,0.4168299341859088,1.124495954874276,attack
6.061847327142752,0.6799255286882004,4.51321099119042,1.7249313746922879,0.6770032345522695,1.2092239875953228,2.923704071846025,1.3272135023125198,0.6935239377833666,1.138565930297214,3.3961928799235492,normal
7.29486837137226,2.8168052177472633,4.73145523037559,2.764300577335276,2.7475722046976516,2.3235591494295695,2.04007366444682,0.8503313220382943,1.6013125026026602,2.811022834026125,2.0484928457479135,attack
0.3557934643674658,3.374076021922643,2.418168849838331,3.2428180461022755,0.6665040788487684,0.36305746091298324,1.3279143607771817,2.120940324471497,4.248069994655772,1.9226478431227634,5.510494385936279,normal
1.089125155640496,2.318889968752191,0.27479664217377653,2.9565014253139914,4.073817373557638,2.026175792168392,0.5386990367906134,1.5912469487912233,1.063543979376229,1.1699046643490867,1.5800677499938638,attack
0.5156090711384224,1.8957729141555124,1.129844552968555,2.189841977716296,2.1920365907799115,0.6632191690127923,1.2690672936053424,1.229218983805421,1.5337659825325494,3.7374272408172735,0.9273804162689191,normal
1.2605363227246509,2.210716943314083,1.6662913460924735,2.9022067990057705,2.159282674121023,1.251959945290769,1.7768835178777653,3.424163035826676,0.5668371536669579,0.6228858948692622,0.7021635217748461,normal
1.2920500042069278,1.4136011002831823,3.778535199394076,1.0579501313460742,0.3994533004859508,3.417623271065203,1.020455684856013,2.5964356854678226,3.0454440391710276,1.8730397558397431,1.5320730053524583,normal
0.8319229595825326,0.8103965759789424,3.127253522316874,2.0920508175681265,3.1406233843086278,1.080048060330627,3.5677940988885966,4.473823316633318,0.5224688175167206,0.5543322903896812,2.714239191289109,attack
1.7973331462283737,1.3529101686195122,3.0056420586211985,0.958824951039956,1.0112024568115847,0.5918226372430528,3.27889218464924,0.4833802850345818,3.0201087145703,2.4076530010706856,3.087047379385673,normal
0.6351452279143015,1.4927447064404784,0.8344007830608989,4.201043709272322,1.7053373357860144,1.046663135373845,0.7938467337638632,1.855435062757708,1.0546841697543403,1.1555212464745508,1.4333140341463182,normal
5.893540907155439,1.6460760755078339,1.0188850185542746,1.6427094241740756,0.8766458899107609,4.170204923077903,2.6523385558033046,0.5097786989611118,2.635484313799787,1.890410641154976,2.3094497286825404,attack
3.339069529716694,0.6870994010329278,1.483278214068415,2.2235080826829785,3.0973439886069505,2.5086768757546474,1.4463836629921492,3.2588414427772023,1.3509703201442742,1.1719154081573395,0.2283031574969075,attack
0.5868718727512156,1.3634793548458575,0.6216333118971239,0.3371403038102161,0.7205219560157508,4.460024568255648,0.4916553960049188,0.5459397523065175,2.9862914565081122,2.1906057306386035,1.4966037184059868,normal
2.8155157655909506,1.6930427373375356,0.007440563787715531,0.9537044036649145,6.615069194604292,1.6942790236253644,3.512257716843484,3.6916106827723034,2.4714214835092223,1.5517908642450047,0.773371866744824,attack
0.4961914509391704,3.610173585191326,2.0966483587199414,2.1149363584093055,2.461192216983487,1.1925299283077067,3.1551612494037014,1.7820542980297682,1.2997626703043277,2.1383020544678017,3.2312006997816463,attack
1.2574498294830214,6.578006663498151,0.47755973551487524,2.3473469952492922,0.863713028483582,1.8125537554033515,2.7216616394775732,13.305590791216039,0.3023897078608231,0.6575159650991022,2.4204811957018975,normal
3.283540951290555,1.1440835156857239,0.6165368771792712,2.4815617203882097,0.9829024537691121,4.014695551220367,2.2795411840545814,2.4344983463020977,3.677076967066077,5.610773661475063,0.7340292217796428,normal
1.3376343677906368,4.0122500172237805,1.7432010454915874,1.084393672430175,1.5986272593680249,5.304294886184409,1.660248057450741,2.642747273390303,1.3097091172166195,0.39810793514072723,3.213795387633648,attack
1.3082816499523262,3.474008115863967,2.558972694226014,2.1300944100991765,4.218321752013282,1.3122263647477117,3.1625510893892033,1.6715890011832484,1.2300325799795768,2.383496213420932,1.1109621039952824,attack
1.3580736767529966,1.9106833238046406,4.064803294612776,4.360199943145971,0.6391199290515561,1.1839319669290058,2.791343194764425,1.0518202400083916,1.1623153229755865,1.619148832890519,2.696565564532476,normal
2.092229514181298,4.400653643265543,1.8964203467266436,2.118217349917055,1.6690654157672236,2.304865913113855,1.2415654758276693,2.393543911837672,1.0285855397075643,3.8355705888012848,1.7515855589841243,normal
4.954119400293749,3.7892487867799303,2.162962495369028,2.874487310605325,2.43020874786974,0.6524022613866675,2.0964522745476057,2.0153236674331856,1.658242922663784,2.571329078224302,2.133579276151384,attack
2.242810115707634,4.785401274723824,1.9060584298619236,3.1999467791332457,1.7404952033725694,4.847143867058846,2.794239555636697,2.166207224310039,1.125297893633292,4.9185320208206535,3.6179354189299637,attack
1.0563528500992068,0.4894002851124659,1.49702857871377,0.8608845571160022,1.6227634519159617,3.0667415207918323,3.601784597033501,0.442484768580148,0.6149316818559292,0.8377354620229707,2.0730733476491165,attack
3.765752556448428,1.7471531077083877,0.4299356241119167,2.2550926909893176,1.3017637357723437,1.318210477242284,2.0592500364382444,2.6446445734042934,3.495560989868135,3.835731450972632,3.1933165663800014,normal
2.9558779574057366,0.5833277862080355,2.7991536192889943,1.6468651033874164,3.79849675508719,1.2347453061042022,1.55080743051864,1.1115000711863443,1.274306605746896,4.3274706136926016,1.1524039009938722,attack
1.9363063843887318,1.2349404607569947,1.9340047045420203,2.256300851469299,2.773591460729239,1.8045767365338354,4.592988113110369,0.4825136885051702,1.1177030659381824,1.07929358920528,0.88716801648407,normal
2.627636243594947,1.0870313472532813,0.0932476853413519,2.107945241744658,4.669609402067115,0.15463676663107054,2.5380573815635445,3.3762371914001017,1.1975767442682024,2.2976096006461106,1.9878021420574632,attack
2.7371257976389427,1.2953107714369214,1.3304104564624273,2.339774925387403,1.808264002291292,3.6587969477114535,1.917832757762914,2.4006499700042823,1.352937760900481,1.3487608702329819,3.005323059053384,attack
3.2369513625843798,0.5644708374968875,1.5683702792041996,2.4179723119229597,0.18403568484449842,1.5514822591640485,6.0962209306838755,0.9079688493429128,0.8775421804318029,1.7266513599692417,1.8255448249090154,normal
1.425965418825286,3.2851177387276183,0.33906644355353244,0.8503551754742957,1.558636925405848,3.7649964513890786,1.1305433354259473,0.7764462670135002,0.24200811261710434,0.7017963256318708,0.27179805018158054,attack
1.0682282819332565,2.5919091432419563,2.2829208356877957,2.683667049809646,0.5984035645290985,0.4228949328324799,2.196407317693268,3.1031786194951967,1.7264403456692066,2.318443536157235,1.6398544140358629,normal
1.1929661707893915,1.3571934924148723,3.0673721476354454,1.618813630489396,3.0448748068751903,1.9236097534374927,1.053152377616837,2.419751742420286,1.6622842637980808,3.5446126644783305,0.8723063424136245,attack
0.27699886036289517,2.6009080299150718,4.059944581309754,3.0985213511467897,4.287304753829329,4.908153795299905,1.492611901330729,0.7295141993163706,0.09212994681768671,0.3073027009322988,2.519536036929955,attack
0.332649678902076,2.073844967658051,2.6429018311110184,1.7795276932599802,1.3353743125039168,0.8324530106588324,4.4848118005919,0.8294793485016585,1.3423384568851935,1.2188441725684394,2.762478228759994,normal
1.9209851622704126,0.5425923312514634,2.9677212163491573,0.8282094258647761,2.100404327319543,4.224335228890993,1.00799196499144,1.0558077791116018,1.4931815112313942,1.5357052727876985,1.976620502952815,attack
2.4498842989164666,0.7865797575121292,1.6646862901696835,0.6752840968071875,2.681464097211489,3.441774651028163,1.2110697632826504,1.8531670141682726,4.068469228827117,2.1951760450022886,0.6791175365907738,attack
0.3958584673290152,0.8945641826507854,1.4028968963625839,2.904729720871222,1.3062974608090672,0.6327119693736258,1.3640546386006691,1.4260855526598468,0.9273506806872791,1.3139651133262884,1.8704686583644747,normal
0.3434932205301499,1.428863341353845,6.821664274147996,2.141142199763797,2.935225757711569,4.046997552231719,4.553531412800202,1.0746082320678814,0.37502394942468004,3.2725992001389423,1.4177372585719181,attack
1.4741104474510165,2.4275421742194037,1.6863673550839484,1.9975069213149932,2.117313423951271,3.3021049121487724,2.2741809798163066,0.6616825741455962,0.6494474645050631,0.9973166700249397,2.1857789504189133,attack
0.7130879466077883,0.7125183735853983,2.075937106738545,1.0693790912744152,4.317702076415678,1.1162259824221186,2.743279136087768,1.5078280258391328,0.5901039108418016,1.087420966313037,1.5880575147759557,attack
1.103385071909835,4.003267274988479,0.7945492573409855,1.2116650513147627,2.2550165766768457,5.19611177660134,2.4850297042521237,2.1565580145886205,2.998570165957488,3.557509918860109,4.059006090606928,attack
2.481170390786058,1.9499979417421396,0.8182029669751305,2.054502399011098,4.5724560173742494,0.1641647683910094,3.780547237401742,1.9433563397340725,3.216985658193195,2.555178707771108,1.7376492330780247,attack
1.94081731777048,2.7018482121039678,0.8621893153533835,1.748946441883286,2.45125214736531,2.891104310727522,2.6967407470311,1.392602357575302,1.8445821479112312,0.647771090024867,3.6503092984504226,attack
2.10735456563046,1.8387338326839553,1.8323441723802463,1.5310670936042983,2.9266332117080447,1.8677930984282909,0.8065253283927875,1.0209742223440628,0.55921866089482,4.455184257588381,1.6235916791351335,attack
4.764632691242497,2.007299335761546,1.3425572258958827,1.5584983746427663,1.9619394071949663,0.8269288204144133,0.6284082452420521,3.409068899170073,1.2906874262316959,4.8391931806036705,2.510294958971109,normal
1.2142406925168592,6.031598678904095,3.520098821941362,0.4768527235376722,0.953559987528911,1.4499252626334955,5.538604014306987,0.3295006650458117,2.2103355933274997,6.917963865035182,1.5237329965871615,normal
2.119503667164819,1.2749602339238928,0.9288803430969199,2.863564838115493,2.9185141989607932,2.3666257869985743,1.1208288744155035,2.3924406993826692,0.44834598603146186,2.5648584098253244,0.8779514842172378,attack
0.82291319318652,4.61448233668588,0.11006814015536995,1.4901831688756488,0.4941598833820948,1.918040767628075,0.9603919022278037,0.52977630767705,1.2891803769642243,0.7678948025386256,0.7970379971095407,normal
2.6281163695190473,0.4239959159685979,2.000846664770464,1.4783351850312967,0.9268835850112416,2.6092413896045343,4.88622241688457,1.6384030494240407,1.66735606245046,0.6049141901875968,0.4477239155385025,normal
1.5235954315800027,0.30766696668647664,0.25198216836362025,2.2342659206436593,0.4512973436758063,2.30223569179812,3.716982925530219,2.1118552711328493,0.375534305993798,6.061492492852003,1.75222906475384,normal
1.6399283854566058,1.4489749267201604,0.9027904206828441,0.6524308744982509,0.1108626312422348,0.4897903759904415,1.3388163914490496,2.2145663293874613,0.7208149077411032,2.0172585791576783,1.2586866637538323,normal
1.5117999331910417,3.060122996962293,2.028311907358158,2.3459756798217355,6.478196286304266,0.7285960714237326,2.881419299984081,2.309522391782048,2.302679543986275,1.8460164799793648,2.147383993320304,attack
1.2926374662309923,1.6620243896282954,3.369864748597517,0.9953178381190119,1.0929949242059496,2.1986131567485616,2.0547226987157114,1.2524860759709153,2.2449660589738385,2.227967833537376,5.850164005723298,normal
7.105868054082296,7.871220100200304,2.210770687008824,3.087313958728338,2.1724726961450576,1.5325438550292683,2.3229588620247266,1.5098018662281452,1.739914293580368,1.6244546845712347,1.6418336834287448,attack
1.009713051875584,2.8931153636123668,2.2760350025139062,0.9787510342333239,1.5914471096093052,0.6923574633296653,1.9490532403547265,3.3518245180938586,1.3115069694624286,2.850455191140821,1.6492628810719077,normal
1.3580308162025796,0.9289600404779293,1.468512517613459,2.9108789594205837,2.1413530964666507,0.7942272394141502,2.3514078055363075,1.8940823660681225,0.7017340843158779,0.5397906089428937,0.517138778581628,normal
3.0444140988450923,0.7126565021465767,1.3822399761389528,2.2359562002505355,2.148791727683678,2.14903001700496,0.6361972154265286,2.2634812023730286,1.336543203504563,1.7715623429046299,1.7094408138769845,attack
1.5223239446567567,3.2794673060511,2.9850605789493247,8.815877181141543,4.24052036714087,0.37805784058287356,1.6343432027845226,4.01383944291383,1.4864958397864458,1.2556668579988766,0.6167660045664153,attack
0.5602436484482497,2.8189130327141325,1.798964009750566,0.17860366294551847,3.4282163232720615,3.750045699241375,1.400116429151632,1.6576082276899895,4.322453874108503,1.3556124069988877,0.30630480562097623,attack
2.8338455281115005,3.660869811275603,1.8636723552960708,0.7107099669177062,4.001255598955658,1.197087493978765,0.8290318298204944,1.8421823931850978,1.3832205022738768,2.6596777586087472,6.415890387514475,attack
0.7864001057176607,2.9696694177558065,1.3388767813253686,2.64768986109219,1.8951126991659837,1.1492305237517817,3.0315813340965554,1.251356517839177,0.8481836249060448,2.8892414757248037,0.8434055934746625,normal
2.801314536589391,1.7436226411301445,1.8280449734456554,0.7574964411843663,1.8942159388052413,1.1823373287032446,4.454361363165046,0.5476634892298209,3.509180504172957,3.702088961061367,2.3281181359873027,normal
4.296566663234372,1.4008911522631435,1.5428904154569276,2.4393823812062547,1.4378477157885736,0.216267770420044,0.5567447453680752,0.6104122785997413,2.919285396123179,1.6610023910706355,2.7597290313435314,normal
3.0619704868381565,1.413559283027013,2.0725980507709987,0.5355655408635692,1.009788503799631,1.3652378083749754,1.7001067653866198,0.4496577074398729,1.3789393668480603,0.8512549145232838,6.0075524038165895,normal
1.7786053976166287,2.746784908687798,2.7499189245588265,1.8735527281503128,2.2530927898785627,2.102564810854679,2.103778648407772,4.029221202321504,1.7305420276349026,0.818903440015816,2.8176925231128984,normal
0.672413857719151,1.531498792366628,1.143700140218775,1.4189681853371567,2.3795488782909624,2.241482931262738,1.4274881028078554,1.0331689218905957,3.1501240745364685,2.4804684949103812,0.44236099741130214,attack
0.49964345901054114,1.1340058240744357,0.2901357926369757,0.5741336758206114,1.918455445969689,2.229558722742096,1.496243809395191,1.4967150048256184,1.1634998136973709,0.9519062132251884,2.698934563940254,normal
2.8434715813726785,1.4553648702976005,0.5908787234236528,0.9553619586377259,1.5675352891617913,1.4525570600441566,2.5192316472120178,0.9102053767023986,2.310564842324731,1.6035817096359968,5.855711107514737,normal
1.5407668142291178,0.9958840073857234,3.90614102706085,1.4570897892699262,2.2275123427202006,0.33649491682131727,3.3383725937154414,0.9555214023882079,0.6537782078617537,2.931496681871482,0.8800259827128537,normal
0.7708365938788169,0.5702089157263263,1.13564447836028,0.8795384882808057,2.6825934535494955,0.9341985806280139,1.0764512114397937,1.0084631077144552,2.3739302605387222,2.8462113051832403,1.5882843063145722,attack
1.5324135829552141,1.7453116670341904,1.8522919619922626,2.5218603383439864,2.4145301831007844,0.7246963804525934,0.2327104055743629,1.9481470153607616,0.5437407568408613,2.1894934916085558,1.8377863267068784,attack
1.5298835034231624,1.316137988512205,2.798104670220605,2.303129586087544,0.6740490832953482,1.8842410705777568,1.7016147650765354,3.3983217386536952,3.7229369508727213,1.6238022547099464,5.584550966968409,normal
0.882165155839743,0.42187501472658345,3.987171823112019,0.7861288999389383,0.44335755975421925,0.8353644891820483,1.070909282680155,0.2523386013777235,1.260819173687388,0.989414150484372,1.672774706245086,normal
0.1277729523896422,1.339952723291262,6.254119498728936,3.0414358015985146,0.4811537492049614,0.8869043964463112,1.106637694724408,3.895754807569542,1.2758680089365795,1.1251796242641612,0.5516028091194068,normal
1.1317287395813393,1.243390496984995,1.7805617251409227,0.7995089490009952,0.5602866922060576,0.54487577767604,3.1015527808844228,3.440800559634551,3.137007914702916,1.142109595787373,3.0224641880904652,normal
2.734794048491659,2.1405029847049084,1.2177111942348826,2.141445624244015,0.4932638393005459,2.8268174483991957,0.18559212933956426,1.2256600419973482,1.4096870987353045,1.175757381099796,2.8663381714739256,normal
0.5066042668080566,0.698380557007361,1.6806721225048005,0.37577692626295894,1.1060242307025936,4.133823600616955,2.8061815059046604,4.622853952542641,1.5556783030255448,2.9489524082441125,3.0663966046344138,attack
0.388492311096703,0.9359087863375591,1.1742481328018828,3.4773047922305396,0.6114833643298335,4.430389937836624,1.0838789414761225,2.368628416289355,1.234966640787896,0.20186545506648176,4.4681813575119005,normal
3.1713059810875355,1.3384157532030272,2.1212788888192544,0.9402767947136239,0.8380121778420135,3.159130142009844,2.863048577832143,5.3871854460195445,2.9326521916496606,2.0753102033555146,2.9891438897074214,normal
2.2686364199923523,2.415348160349617,2.743269386312745,3.124334822678279,1.5023657988544838,0.1629169848066196,1.566442249765563,0.70207733111407,3.6653245601059403,4.226789945198209,0.7500096180348508,normal
1.2210172587962775,1.4443742450147856,0.8021015913917399,2.2643147994006037,0.5224465015820429,1.9464853147217152,2.836415021757506,2.4580508988430014,2.32674005870535,0.8910204535175017,4.092656844090602,normal
3.4266558785600454,1.1960090256572227,2.648064935177562,1.0486191084708374,2.683293405735718,0.5466022525861624,3.2600312248014283,1.0993730357967502,0.7348937706771642,0.641495398301564,2.0181427727930332,attack
2.467892178344759,1.3970703188616465,2.8503377063189594,0.2222493814909318,1.7393327460805967,1.3717234811944063,0.8104972692602419,0.6877803156621953,2.5943996066862254,0.5579676145403386,1.6499107993884958,normal
0.4157502962481787,0.3263623279994588,1.5638260288086776,1.916639093776443,0.8197374463845024,2.3219462870527963,3.4255719357633136,2.6571361471271304,1.5683592269516022,3.269642213637112,1.7863186119991579,normal
0.7214783272148342,2.480288161320689,3.031284819174757,0.45042418048976085,1.282317899015959,0.726236450533033,1.8260224150594389,1.4031273390427141,0.6991267215477787,1.5695677468538514,1.9718571777565739,normal
2.3668777053737693,4.843963542460462,1.3413081747040743,1.6868293135470307,1.632782056626495,6.247809208677113,1.096296062358118,1.3922412969705606,1.4743871848568983,0.5475574537639608,2.2712773253142915,attack
1.864849260465477,1.0505423602580073,2.351744127439089,2.1019683564481846,0.682263329466507,2.2889494628345424,0.2973715403417159,1.6997071592930644,0.8259983200975123,4.169851323514494,3.2775641692874475,normal
4.200177091452322,0.9037655648183889,0.7073081017186522,1.5116916102607363,0.9852565195784524,0.8238389608701936,3.457391342920322,3.4239809899926463,2.793594957636336,0.32331341827138144,2.1260336243314066,normal
1.3100356847067829,2.6208787855233027,2.5381704534002827,1.9467021152878548,3.4791162510182314,1.899921961733234,0.26760099077628136,1.2349737333781392,0.9122563395179616,0.7001495753962897,0.7432634142058925,attack
1.1089254378614242,0.9818471778292078,2.2230215545743475,0.8652378129673859,2.299936851137221,2.970649461506507,2.2621772122000814,1.7290365467807605,2.430922750436894,0.7187754717546676,0.3134509041154401,attack
2.5068578153349876,1.8860858427236205,4.395243977143057,3.0064019827409623,1.2382302585617841,1.3615332925799626,1.775681645170648,1.4188778845533132,1.7463973275208704,1.0202543238938309,2.704131740866773,normal
2.1728081178437435,1.5026126634308632,0.6329120247661504,1.4845110487182005,1.9745771374093535,1.4196383994705073,1.1893434536001655,0.21370226535633682,6.39138958572162,0.8075135023695974,2.0518599622708966,normal
0.7004805535999843,1.9278554794374008,2.0611421126915395,1.27186924919745,1.4137818827049051,0.9579956743934813,6.3920459364322415,2.82609088887768,1.7358103713557924,1.0414997350993014,2.6380391024572587,normal
2.656965717451842,0.7124411426882769,0.40855390361106025,1.0312984378794823,0.9942280005363984,0.44917069249928065,0.8017917648005641,0.6394133161428333,3.513488565319331,1.9766985086385214,2.156064285773888,normal
2.7597506082781535,0.6877949292691936,2.1843343676015685,1.1732334484441864,3.5086019371382005,3.1799686115211725,3.9788469142620975,0.7525278912769499,1.4315806584058308,0.9793680541349086,0.9152571514638271,attack
1.0181411176228603,2.5098081187211814,0.9432076667329581,0.804648809212447,0.9233218403146362,0.48195178862829197,0.9543801810720774,3.2521811090559534,5.385533280883341,1.1901216579050597,3.3748557471002125,normal
4.468210038915134,3.137107425691347,0.2947093359175909,1.172820976433275,3.835450091515824,2.5939687141464725,2.9743443435755195,1.6043426744899827,2.0074183907514835,1.2892641604692459,3.342819905938723,attack
1.3026864677445917,1.79451427447317,1.0255303878425597,0.815665552064841,3.5311375505765725,3.2948677884690336,0.9273770496593929,2.0476585321547813,3.2816467049973768,6.013782267060604,2.169658759346735,attack
3.1787960901997283,3.1464299759269387,2.8649967779936576,0.35772535991043874,1.988697548776293,1.3172218971526557,0.7884547639831335,0.7059048543377361,1.0296799099179061,3.7804917010615213,0.6825218263726361,normal
2.8860202116424962,4.336658962189066,1.026092131938363,4.113674244411144,3.3737339654907537,1.2857620996094745,1.8490990122989501,0.8909420927525221,1.5410143481475125,8.055979575152287,1.7705292291823205,attack
1.1118859732602273,0.36876705725408504,2.1699195482205926,0.7738448762776106,0.5751769029814424,2.135703204035254,0.8681152501308875,2.955423141804711,0.3338340824391936,2.4709816364152104,4.821679514642206,normal
2.2868924136541953,3.0754031283074075,0.9650947084429528,3.16150492117208,2.262788365682226,1.8875961009790088,3.811043309905322,2.589580172035175,0.8125080928715361,1.2636645249858305,4.400980295871007,normal
0.7394967457462509,0.739501415424326,2.937926488722461,1.2266261649223529,4.8969413826793105,2.633387286371188,1.3122834068997455,2.270158580766912,0.9715985172591295,5.411858293124063,1.940358364189108,attack
1.4082649766178952,1.1033865252566737,0.7941638750568031,0.8902000462018056,1.0289505735082607,0.47411837273145846,1.307401594266858,1.5002728129332181,2.304128326216814,0.9208984367110112,0.8627446814692823,normal
1.6128246073702082,1.416776342375704,2.175255575386716,0.3507377978453626,2.2810206487670692,1.594414018676023,0.2008151477579366,1.329977650912285,2.8268561240574526,1.745735536598135,1.441814768785627,attack
0.9508250230515658,0.3463337415697953,1.670805436342362,3.2901858523261818,4.400239785194727,0.7131238894044915,1.7870385272405025,1.8601244493046298,1.177585760050589,3.329264955382819,1.9158566068001956,attack
0.5418683137689217,1.4630833199901436,2.956484584053044,0.6059488292715157,1.5974822730947071,1.6917252861152097,1.9182675745669517,2.668778192113039,1.0497832062958925,4.914144901139299,2.0928822951223434,normal
5.920311803565585,1.1898744615511212,2.3943381515761812,0.056223777079494414,5.194169344465635,2.166172680962644,1.1862741420075753,0.44285169691063186,2.1997998513774606,1.0785019377323617,3.2180962118291796,attack
4.801656715066142,1.9478221460483156,2.9075013545540926,1.340099465572304,0.1586230213185778,2.314157129515818,2.7427992904208076,1.3592907982312117,0.3864085576673171,1.0710147683207603,2.2273995541967477,normal
1.3197731158987829,1.4630123515729896,4.343915575921313,2.147797080867096,5.678909641240499,0.5072127193302857,0.4036073881363918,2.59468082190272,3.487328799588265,2.5162409133083505,6.58480575380194,attack
4.473357261265208,3.701171689429157,0.9306329152357655,0.8521796017836764,3.804530181441892,1.451265238575508,3.129451563486757,1.4512182313736042,0.33018424723304357,4.015080325229054,2.6641750072613974,attack
1.0925886781451863,0.1882607408107443,5.506517479220406,3.1024835158625366,2.782869055310135,3.2289776530004093,0.5810984044147487,4.477118797417523,0.8951682339251259,1.0371380238320589,1.0018834458024637,attack
1.5826246000824937,2.967611489367025,0.5799452241593537,0.4185277451021511,3.3949263934647522,1.2776746869453453,0.9620848541314875,4.879891967394337,3.152293065240968,0.8986391924142723,0.14211615955356852,attack
1.9762220395879997,0.9225919712334091,3.087140211099204,3.2458252562969694,1.548996770330209,1.0931844724103335,1.5990638412524032,1.3958103466102756,2.3998938769338913,1.659564175549879,2.4422179554922514,normal
1.475103647439065,0.908001724099243,1.9213516995594813,1.0413948656795193,4.122048561740877,2.2862629862305863,0.9817951113556841,2.387127386697709,2.4041660299105154,2.078070780044013,1.0755040395152264,attack
3.1368538560549344,3.154886461511358,0.867121500541454,0.6129019449422592,1.18244076743616,2.5977762690494006,1.1565395753100036,2.4107826086454294,3.1333103785371286,0.48232149258294815,3.035767764673805,normal
1.5595349505241627,5.8224523498838465,1.5144658339039077,1.0166779051140293,2.2267203837320957,2.3203304137588834,6.610933283516468,1.3279531201608117,1.4995984974554557,1.1535956113968184,1.9837033654484426,normal
1.4957637186520933,1.5123318224996616,4.7006168610866474,1.1221156117542745,2.2414119282339193,4.487961747331627,1.3341994402205697,1.5277912685722606,1.6081287914684899,0.6658785451010815,1.4202817348235928,attack
0.628384483818915,5.649097694223348,1.2281146524008557,3.1542791407611936,1.9382512731275645,0.8729645552611297,1.393929387114539,1.0732964014318893,0.9540611576801926,1.1143541206202543,2.1831224345890377,normal
2.3229041184540615,2.2676315305176598,2.178375925352322,2.3070779215294435,1.105445858300281,2.620348284417603,0.8998946368521743,1.1704145015013145,0.3387392684235336,0.8170762089150094,2.294373109485848,normal
2.4636992141398943,3.6043657174006736,0.8481716788148297,0.9189630141535445,0.6934289039088565,2.3388258789372665,0.769970658278323,3.5365170102011807,1.1224903286446943,1.6431087722545819,1.9264119125142531,normal
3.546030955490169,4.702784269817744,2.113654389751155,2.6830799897208806,0.819041090184958,4.407683882163827,2.76772759040794,7.6271067926027465,1.7221668680579691,0.9138035188047439,1.3286573200894207,attack
3.487506126858952,4.442310702201125,5.659853647591769,0.9675760134913918,0.5401553042184181,1.570662546223473,0.8141285075841268,3.166095445557098,1.5013161503940273,1.3770740304240243,1.3825707875853657,normal
1.2766527909842547,0.5361820507324704,0.8659565244583486,2.738763440011857,0.7301736560676425,2.6682678126621644,1.8770993500295419,3.500145718024192,1.7366049953703715,0.9165335149704,0.8862465525572677,normal
0.39504947599664464,0.9746099000968255,1.4604171419228749,3.7745770377263086,2.749844816909685,1.3389483615708935,0.7675214438815059,2.3868438394037823,1.0365805105289303,0.7783795049623798,2.4020584694819425,attack
0.8667189604316885,3.045387221845328,0.4151148596119384,0.8596259583871476,0.8210487037003493,2.8689470213223642,1.6757911942202417,2.8190862569534088,0.689823438356586,2.755331709702111,2.5816671088762218,normal
0.8724249633175812,0.9321850880123717,0.9455233526940964,4.969245296417547,1.5882919210748567,0.6160947061249501,0.9069855194562747,6.862595304286414,1.8705030975529318,1.450302002155543,0.4078165439798537,normal
0.8079992607876856,3.5695570841758637,1.9264807349472761,0.8321889796589598,6.534593452938983,1.890866031221784,7.539430481889315,0.6940661424552801,0.5291250212176093,1.5731709110261303,0.4148473069795565,attack
1.2203070945997825,2.4795780687725695,2.2768912842680575,1.8618020520031602,0.8461489182850165,3.0918409514848575,1.440364336218554,0.18112080200720163,0.7363062932485548,0.7465376723079792,3.454487755650318,normal
0.736586940828357,2.20792275970282,0.29546796128016817,2.4334651947778303,0.39855390660848855,3.371437326702855,1.443973442284237,2.8063510156888656,1.3794720313943811,0.9647286277795721,0.373964981051971,normal
0.2555044202925802,0.9447961176438093,1.619184229103619,0.5634142112421767,5.488202537528654,3.9251408167702,1.4315070165762265,4.2745019131897,1.4636202653809287,0.5736221273921618,1.2859387453776276,attack
2.591005722409528,0.8498439666849728,4.732681407592496,1.0710155419259262,2.8358980757529806,1.3652149437190864,0.7807373977773414,0.5110169331021094,3.054364099765686,2.045994760272471,0.8982639700394537,attack
3.0928854903781784,0.9328219621843938,1.9708851378370378,2.211145826765268,6.042811398269734,5.813752187612842,0.9454213939483685,0.7714669096747325,1.8390336546416453,3.361063295476025,0.23794048758823466,attack
4.920581566627367,1.1332857497578999,3.2666203065664563,1.1460102207367442,4.5997653107289675,1.1298227702335817,2.6688907944475573,1.645534889670374,0.5460579144013671,1.0863031663507943,0.19356331320695658,attack
0.9615166468705493,2.151191641586538,4.444998612731487,1.5775664065380466,7.345508743761832,3.60316514544468,0.8078695748203257,1.670099619892197,2.4771848601344533,1.1624710851018185,2.133338774728047,attack
1.0054014236677586,1.6315703363145895,4.072334922016554,1.0806056764568144,0.3952709567980587,5.9638436110576345,3.1140209260398395,2.388205894904576,4.8163376669623705,3.2556439116417435,1.1516396896635113,attack
5.912944118867073,2.1433732928313405,2.8928081326741566,0.27043086570775293,0.643743755004072,0.5130576496997329,0.47779089120521195,2.544360696643171,0.7802484192539645,2.0650022260842906,3.187980833395134,normal
0.9422045775079229,0.7641347539233003,0.2901347306264265,3.8785040340176997,0.9793636011325104,5.006648429611713,2.3555146441789585,4.31465039605723,0.43417915951264985,2.799766207690133,2.8636641357792887,attack
3.718533485615631,0.8070116429129027,1.0233776747654304,3.793832656357945,0.342582810278408,0.7130570265815032,2.745769022125381,1.1477359719316762,1.3236576598012881,0.10275947584427367,4.737871581445379,normal
1.227378045327906,2.614864036254236,3.8735048721097076,1.295093274702913,2.639767013910167,4.824758322009587,3.0391955963038493,2.2680651851854297,3.0222717695746355,3.3422476944925226,1.5637182655239898,attack
4.903619559443818,1.9446602034948488,3.4988918984748194,0.6625411315357235,1.6303795534588306,0.844571273569552,2.418889064607589,0.6076850556233143,3.0429133564516233,2.5782291820262273,1.4538626367564425,normal
3.247260985485261,0.6660267682534292,3.028453040617823,0.7414675709956619,0.9768333826502209,3.880703881246414,3.933325412513181,2.4061272189975624,7.236457485216767,5.2267234175913195,1.4417030623157294,attack
0.7253012819850417,3.038501482661651,2.010773227032851,2.6565992500783837,2.8354960632421684,0.8893954616280461,0.6736890391670534,2.6965654833353576,2.63403819352747,0.48086402289351426,0.974621081060113,attack
0.6769343494430028,1.8166276468334086,1.624418607563586,0.26030851685941214,1.828862344974627,2.152434932171675,2.238334654986404,0.6802681916608294,1.6675211150767881,4.26305956317517,0.986631699892817,normal
4.100250394796523,1.169940926095445,3.5517686177714713,2.6124715840076203,1.7632328663684975,2.3102746846405764,3.2904944578207953,0.575407424373074,4.531895912606353,2.3645759970321545,0.6855696366069447,attack
3.293859853005632,1.8753728335724111,2.7662519908822008,1.6036123044819044,3.0152833641050556,1.0205859815600584,1.301045515310753,2.594577205960186,4.575360992667818,1.755117971746892,3.1137019341890175,attack
2.9252685464189643,4.366949975027039,0.7796165431686861,2.267630600661722,2.112966566505353,2.268264254307815,1.1440878262613794,1.7930632208083872,3.5344128333887403,0.8183711707919652,2.58227977647291,normal
1.5008284793617914,2.170385253739832,1.4490133100334535,3.5321555966917004,0.697759824126557,2.1868214149877208,3.7394906222336672,2.290837456436809,0.9450365442427119,0.9160488062232096,2.1578977437737126,normal
0.3669557751061353,2.6582869928965853,0.49791838038139286,0.7095585473729411,5.120811985951396,4.509462055204149,1.3161846779607298,3.9195873590262895,0.951127514517946,2.675873694513033,4.12107430917193,attack
1.0819521455676544,0.49226911675768115,1.989481515274065,1.040516634258966,1.1045314721730108,0.7056125878702154,0.08917590611167237,1.1873578881937241,1.2889733428464454,0.9480947493279435,0.6830429999651416,normal
3.3302859183210396,2.3016094746895797,0.5296788030040853,2.0712587789174526,0.8552786757755199,3.137318327772795,0.9614466729535863,3.555370619898741,3.3885040934862865,2.488592614540442,0.9418447328892817,attack
1.4474325840717626,1.589109914288024,1.918239312074855,3.7553697680426477,1.3254503676258909,3.093292319194498,0.6258427417527335,1.0277803909366245,0.8710555135460945,3.127275878282924,4.229348841825234,attack
1.1523194654147548,0.9151973274843134,1.4837310228154645,0.8228328378160612,1.1843654913474133,1.4858798516844642,1.4971005318898398,0.40872809335216265,1.1381958726165007,4.930448307042117,0.48412492772141075,normal
1.8999829989486843,1.7681938397339803,5.890073595767395,1.8406387725333118,4.663140058559238,1.8029545815219892,1.1064855372958857,1.8781955993116204,0.6050410067263731,1.9960771287984962,1.1924512728999237,attack
1.1121478988956628,3.303828069516468,1.3719362685289722,0.2860597855301835,2.3709335120755544,2.7302622533926537,6.419594852917858,1.9884271410722008,1.2869618962636071,2.3970622279586964,0.6433032271579509,attack
1.1091616599171603,2.5721621405300126,1.4477208187449124,0.3589342858556076,1.3637029095772242,1.8578113000276912,1.4041910958065347,0.4091853566810571,0.14193450108129307,2.904033459212036,2.6916941506336522,normal
1.0147064176064748,0.9812455437778078,1.3028154844596271,3.007628009360714,1.873619902643596,4.00171542263469,1.8396102196233792,0.8552522930461711,1.0471973398047945,2.43313921196594,4.65188923709464,attack
1.9386886950853948,3.364171296878958,2.2458544176227213,2.088933448556784,5.000124944921882,0.7164556846487273,1.3193925046708408,1.1444220036322577,1.662149852464458,0.47164845055724347,1.6061544389147007,attack
0.9854852681286468,1.040729112920151,3.572675315419368,0.8952139598684974,5.924966449158186,1.884205397355612,0.1970262188576957,3.3683017959759027,0.13619409040618213,0.5897130189038725,2.19251948774603,attack
1.3997029761072368,2.679489661080344,1.0487669627432832,1.0410687696752572,1.191260959359039,2.284281785550783,2.731055503131661,0.6212536235103585,3.685296584384585,5.720464615360522,1.6222832688034732,normal
2.007103453349798,0.9870144289898777,3.2683769856879414,0.14436849106723337,4.439657067866739,4.112887578715226,0.5751718294141975,0.8758873429771757,1.4434158189828472,3.0212582178936893,0.42398228858180215,attack
1.0858739467792453,2.4765299180043727,0.5276253335986729,1.5248208961449612,1.7536669904885698,0.6979348402532758,1.6887117596598809,1.8010766446140722,0.9761703515073302,0.37250931671078497,0.3371958473268037,normal
2.3548459387013296,2.350005770327121,1.2429593758515276,1.4257020864367929,1.1023772772380194,3.784978667482388,1.1203201712506847,5.119183943674512,0.8222325568038074,3.2893147308639508,0.5291106654288392,attack
2.097030260563144,0.4660584868828657,0.98538285907046,3.239716417485951,0.4859324654953587,4.276802051707047,2.8693674940327183,2.8526112793473053,2.846920258103615,4.488182566355702,2.102484275894029,normal
0.9824251966325481,2.481898561435658,1.53710812926464,3.928701528164021,1.61280109430724,2.986951763733072,0.7106455556603064,1.5032518281969673,1.5415965634082027,3.942766734695326,2.8243289697292124,attack
0.7180490221024134,1.663460139316718,1.2340509765396954,2.8675248912148135,3.0886242687633114,3.683488594965087,3.0603639099894613,0.8331112520998234,1.5412927120354587,3.2684189184672423,4.112881153649489,attack
0.5037426097448306,2.434129615809169,1.5861303959632191,1.9968707100993575,2.825294436005376,1.70719878867128,1.86529144617176,0.6644568857053098,1.5408563912887485,1.4699474583982997,1.4133847874248329,attack
1.3884970630585634,4.85366623576514,2.7938744224230385,0.5724639809857739,0.27812106408609294,1.492284405086664,3.5054035515300717,0.733316599012169,3.1270004317105347,0.8585566561777827,1.2327363583392934,normal
1.4367442543471425,1.7063759581914248,0.44711048439610446,0.5569723291820091,1.2100981281901426,0.34850924388638305,1.119295796050537,2.009760661832169,0.6872515095512071,1.0880394971658622,1.8131815573517311,normal
0.49964434319919687,2.023591269774775,1.553746217143818,0.8211292514182251,3.7491616549423097,0.6494775755848355,2.123052513855964,2.1767650207936904,0.6578118338321959,0.8550939197374957,2.4030725849663654,attack
2.9655456036137116,2.0454615367625615,2.3949518795192946,1.1201451847402502,3.4077303931516285,0.37037498445280526,1.9110665213846743,3.329443423805341,3.063870243209161,0.09289464807362434,2.8488438538726997,attack
1.1014945670430885,1.0788127334535467,1.9682882047075567,0.6338934387162541,2.1799915990494436,3.21642231560722,4.1140298889847635,5.3691245432448955,2.0146415004043634,0.9802473213719586,0.7537933005088154,attack
6.024077915369339,1.2781473359365458,0.1475475838648812,0.8249503597028777,1.03408546820796,2.8806546927126115,4.295099302644392,3.0965529172889315,2.4763648098032593,4.369928852568025,3.0295891435146824,attack
3.736411375714741,1.0309351624166812,0.5774990496037711,0.736736393103206,1.4697650897102619,5.464178738380174,1.089715848861353,0.7571294627036683,7.294576346707586,2.08871497807221,1.1918462000072443,attack
0.5054414706502175,0.4566708324747005,3.2936069231285416,0.2354656105758307,1.6108628978029655,4.210267123081283,1.0734970040126626,2.0879018551115682,0.9098361914801112,5.601027410390884,2.276461590210511,attack
4.125741163705643,1.7459663172498552,2.0623148915802125,2.495654405143701,1.4497350652008325,3.0290844700520125,1.634167754366688,2.6937302555637794,4.24989938322005,1.920554260067496,1.029686455567824,attack
4.02609715993108,2.4930444540076775,1.2480533767602129,0.8905714812152251,0.03578656043541425,1.7561988229764556,1.672387621549104,0.8055608504695306,0.8216805539248272,0.8822874784583903,1.5945367783590534,normal
3.339320742015833,1.438439758688903,1.1887251710705518,0.6152606656894599,0.23045994489501404,0.631870625516045,1.0887413634632068,0.9615084779606563,1.9892374944144164,1.8035610086120317,0.6496724154408178,normal
1.99898350397743,0.8359834713588323,1.4870413484880307,0.6131278849309151,1.991777555240842,0.9242915410647129,4.025972937237648,0.9798293983956629,0.5661873935376774,0.96151042991637,0.768833420968432,normal
0.18569659692313237,4.303671302538284,2.308256506142966,1.8075207745583788,1.3047471053642619,0.6164506857653828,0.30295423695966694,1.4721476492139305,1.6068171631368746,1.2323991694783092,5.769675952095049,normal
0.17900967958806158,1.3747763270794797,0.1902973578884541,1.179661419190515,1.0829445087072087,0.3781745340869629,0.7005249518203543,1.230439891221928,1.3009226104152936,0.8868319157212322,3.647011763326633,normal
2.9589975315786585,0.5300717135213668,0.5141998051865407,0.7719580698212061,1.8552275142767338,1.0988642755005735,1.6800078588297822,3.0290763307529596,0.6888108609754272,0.25236242689126437,2.1061008872751152,normal
0.680692961370423,2.0068871430053687,1.7883692025171427,3.259199886526721,1.908224299222332,1.5454058692819548,1.4749576986424626,4.799785936426693,1.6932173418885463,1.1917207718636555,0.9669367729939459,normal
2.1024166349834537,4.327782445290925,2.3964456670643957,3.8431133305027405,2.520452163717242,0.41234854730812215,6.064360911851353,1.8176578923514568,4.844173111227976,3.8280613138225403,0.35181085862145606,normal
1.5070172647786095,0.8541382723239745,0.7460560713829189,1.988629753993724,2.8334444381814734,0.5113612590901231,0.4484986149906036,1.638605139620809,2.52931065420502,3.179850145700728,4.651654871285396,normal
4.2729171675886715,2.207231042598126,2.5007930112381147,3.0539187385893856,0.47181296426524155,1.424351007579603,3.8306834001887555,0.738193933358632,0.35301489841085765,0.759311719299596,0.9577436618817065,normal
1.646950542304009,2.4749838236214887,3.120700537873639,2.256306218934626,4.027040523968288,0.92287290373052,0.8993177517005706,0.5735427164943079,1.5302796156992235,0.8292794479307766,3.3110807608577346,attack
0.44992642782857495,3.86007883810475,0.7232081791385724,3.5199561359506566,0.9559794399699258,2.7722716427078695,1.6621168262127228,2.680784041774786,0.24169812817983788,1.2741309229808413,3.672046149695389,normal
1.4796243668514155,0.8971092364085803,0.42296035428454337,0.7833531279324569,4.066501395967267,2.3450911739357734,2.8307698870678926,1.2100159741311391,1.1297299023421556,2.8154139836010628,3.374368599585615,attack
1.0342155807256168,2.389000182675084,2.0657957637037354,0.38868832466853315,1.9778000082018492,1.584000357348304,0.46928458234480797,2.64195201956025,0.6261475589325263,0.9231812685746249,8.939903501393783,attack
0.869094076303328,1.2415604970505814,0.3718613005218167,5.816471658194783,4.269233884909097,0.1594843408739581,8.102491921013723,5.172910018538796,1.826209339570794,0.7529353921092411,4.015881766014234,attack
2.815371286698154,6.340608684017698,5.910616694445973,1.6092308087378002,1.8568110429609568,0.6962249950093395,0.772786085484579,1.435082844499452,2.623563643037649,6.275763872664139,0.795496107119508,normal
1.4994119757656315,3.081851813677463,1.8271876161472165,2.464963604009612,1.7217608972253977,0.520371758417942,3.9176441169134035,2.5092446278539287,1.0093857825152,1.3648466000789865,0.9186954752191819,normal
2.74795401495939,0.3164157027661196,0.8836936299554298,1.2195418464966,1.2357149533124814,0.6501323701901877,1.69204283546164,0.3218248893747968,2.787514445178974,4.906925552439286,2.1016806716032463,normal
0.6571455664395514,2.5978870415208517,1.2518161988944985,2.099537647934295,1.748760311750971,3.027795389381398,2.0737758283362813,1.164062101320997,0.8421510030552892,1.315709687813666,3.3256855560038128,attack
1.2824834076644738,2.4224570625804382,2.544641015560588,1.4210797682155305,1.3322630728934943,1.5586633802577152,0.36387803190868356,2.2697536199049586,1.0728741528471772,1.9088909445904787,0.9885934906783704,normal
4.211075531982413,4.272043122662573,2.5416242339203787,0.12888588294136835,1.4673426290239502,3.0455155742538507,6.877577544607913,0.49775444390404777,0.139763923384218,1.0748188998911,0.9658779180639597,normal
2.5257691701173046,0.6319260976938733,1.0113440015158506,1.1034021503083367,1.9508334541386405,2.428436513253662,0.8717877415274959,1.9610180366239238,0.1572037400470067,4.469573104222075,0.7232394640053068,attack
3.530912238882326,0.9603146792277256,2.5027506378807796,1.258078860648586,2.8990560542571817,3.3702743193300555,4.16771616933585,2.2189299547407155,0.24221543717534652,0.6551705918277355,4.29729753825822,attack
1.4015587771147906,1.319922550013741,2.5996429399619085,2.3168179986585073,5.9172273649471165,1.5506748708999067,1.3774394824398335,3.280320004481046,2.688352887918748,0.49988040818131657,1.4001538703439311,attack
6.201217755657236,0.8038380521570646,1.3516985845679923,5.1994677125681825,5.125077405761197,3.9087276673525335,1.2102598251825951,0.9169001309536514,3.2113850209949986,4.443309729579333,1.528387326064804,attack
2.1818508664261356,0.8547718297023009,0.39360635866386967,0.42842552917655485,1.5444941049162793,0.777687519686317,2.0624522635438063,0.9117706387277756,3.767236056822631,1.1456107133097413,1.2921088204910265,normal
4.304691037931396,1.9214222562514425,2.0888138132792338,1.3205919494874205,1.767998210777747,0.5840417610290857,3.278967735090234,0.9855021172306713,0.47951956329666556,2.3325215572780307,2.576602069812883,normal
1.6283125950575825,4.575006877678717,0.940775378041436,1.5106313809555834,0.20292299626468235,0.06306480827343157,1.935963573443224,2.362112234196439,1.835644037814416,2.3710730373482813,3.208511346800293,normal
1.5054103613915184,1.2525625887548313,0.6836992893580736,2.0627600401673107,3.507814932382266,2.714479360114129,5.891056790055357,1.7305246391266182,1.1438913855711967,1.4440349797887106,2.9016397130014497,attack
2.359037578469487,0.9850521525988886,1.985909939333097,0.8900010992009268,2.3725821835583547,0.2705678553487229,0.3802542857400324,0.48600488108259815,0.7064960931901803,2.206924512983299,2.8486244419593416,normal
1.5859333150779384,0.4811047767794986,3.304970937911181,1.4797504752148012,3.7966613081109224,1.726183572705807,0.32986579385979736,0.8154436507002769,0.2758832712488207,0.11831451063822626,1.1661571391779981,attack
1.7462918196574966,2.225162970857086,2.972154666171983,1.030022714906779,0.4956090448102683,1.7214427466394908,1.0374968143096897,2.753802157793361,1.076487929416647,2.2311175283907243,5.109046483227513,normal
2.666751699417971,4.094136443077876,0.3460833576148729,0.44791196381992776,1.798870721830133,2.6511337925464558,2.1832901974117265,0.7710321171976362,2.5128159390086147,1.9083223502189537,1.070269843755844,attack
3.913238138098347,2.6357321073835975,3.529233068676545,1.8070558696013448,2.3973181393596827,2.1607479247466843,0.3000397153311848,1.6096736860724357,2.0651412556133297,3.1189052690524433,0.777931760925846,attack
1.6999648845615198,3.7522561214706514,1.3178456609020415,0.3701407198349729,2.615358727983313,1.811023747404784,0.26852034387555074,1.4166461354557578,1.651062200327612,1.3236608470926374,1.7360418106148816,attack
1.875676666594192,1.974419601996613,1.4905910011603172,2.805895195105016,2.7333046299312955,0.9760930584812763,4.35485280006409,0.9058505277635691,1.9700294403734369,2.0868514947804346,0.5595054585550678,attack
0.4388554619349469,1.0519469897082412,2.5376037876878277,0.0929206936663643,1.2139272519713005,0.522237468483041,3.0353833228988703,1.1822848376205184,2.1138975980068726,1.5197269362105368,2.7665804177621642,normal
1.1325737259604627,0.9226441195883502,0.5147322763284417,1.9005505042623894,2.5463265556325325,0.648414338307315,1.4647946855356133,4.303582322683573,1.2221602419889024,0.5897262282138975,1.1846310826561002,attack
1.131405612193028,2.709255889965076,1.7484957066374016,0.270120452354599,3.236573029177811,0.7860044562187639,0.5474723430683105,1.517945062067244,0.9232640331274985,2.8834550287806437,1.834982962850214,attack
1.1885937576706904,0.7918897217238061,4.433094606266842,3.701928125302899,1.4737395213092632,0.23994722722626566,1.175982609545449,2.6632309508245555,0.6866321595612718,4.680198136819967,4.261014191300675,normal
0.9538149283248314,0.75219239965298,2.980100652087332,2.2425942176930045,1.2646976593475014,3.1350788802592997,0.500723101862219,1.4047784972904345,3.736288840432783,2.539652959738895,2.9602075709291755,normal
7.443534944252967,2.0645845051006937,2.099677325757728,0.5367411170206912,1.1742186997298707,2.435120230447669,2.3319322455644946,3.0725785988053462,1.6619280165895787,1.6407907265230512,1.4131497899788115,attack
0.2675961271894299,0.5709547824879417,1.3729822465480228,3.4067328764747757,1.7273376266447826,1.4425455371900384,1.5382168335378008,1.3237199006841789,1.308258303982135,0.8473026356568503,1.885482419096205,normal
3.432591419479597,1.6290136601079517,2.0262849739677105,1.7294638021198414,2.332494393021409,1.400086486198258,0.2509499964192772,0.7701858440551423,1.4756772673733032,4.904319785564301,0.8370991396991236,attack
1.0212158451409568,0.9739928885233217,0.31337004997684237,1.5044891153238455,0.2073994402879961,1.9105849001871127,2.3715546255191904,0.17488928391280145,7.441510639314791,0.40636428223767285,0.6471901630674514,normal
5.810489996402634,0.3737643483387851,1.6677182342996693,2.1046287510062203,1.2371725059271785,1.2356908338815,2.0798616590164083,3.597476417587133,1.6652264887600956,5.134692506038624,0.37614490022327784,normal
5.029499468118405,1.1336256586503766,4.994071881855015,2.477697654126362,0.6748559722691587,1.9241827182956195,0.2409238179045183,0.8728009053401592,1.2447800609803885,1.514673507220366,3.6768534845872556,normal
1.0075866027683273,0.7586888901863889,0.7193105745315047,1.837320780247298,2.754099889587775,0.9064828744083685,1.8476200630581152,1.0589989264898232,0.2850553193569634,4.677312553274535,4.792257010657994,attack
1.8083609684958533,0.346114782259359,0.4465430623832092,1.723153355858678,1.679407154734187,0.24758473157502386,0.979296876086187,1.4167320443615756,3.7489309156083834,2.1896332039255837,1.0514952156925323,normal
3.9745465061913587,4.518730142954606,2.68774378413646,0.3414975818929654,1.2933258802238103,0.9884815428866713,0.8706200768480377,4.085752378923535,4.382637129800314,1.029301177433593,1.2278996615577578,normal
0.4309509917145604,3.7632426611494005,3.144491353559768,0.8072433085170267,0.8973406013801388,2.0871360821928824,2.0583221870478736,1.5408396464630187,2.970279160435588,2.319459117157907,1.8658930975676573,normal
0.9904277792442997,2.369175123321266,1.8594326475334444,1.0600852980376194,1.1361308171136562,0.8056249117159967,1.7341282542546144,2.7055442615722365,0.5494578895264041,1.0939700947388409,2.8202938986197137,normal
1.2494292678859775,1.5738121877471838,0.6847863793025446,0.6267735061519001,1.0570888565805667,1.320475991121218,2.0373036992894393,4.068762056532773,0.6195306645207734,0.3743371434539262,0.3333694696404905,normal
1.7086598308482925,2.0530492056666585,0.8638194364992208,1.6243832085239527,3.011424804568185,1.2373296775003981,1.1517437120423089,0.5273687920505981,1.9708740790284704,0.7975762185961645,2.3343473189578052,attack
1.211394207703411,1.3162876404442128,0.25551526926832085,3.072303641821705,2.6168659788082405,0.7775334977640214,2.3610426896745746,0.6047101653766814,2.389711804683749,2.0776188275696117,3.8766881850288777,normal
2.037159060934376,0.7202148273436185,1.6319684841250093,1.1888179316612195,3.728120203470548,0.4001521672488797,1.5841645123773942,0.6922275507790041,4.378667307571341,1.711539415978893,2.1761331484885247,attack
1.2005720105668312,2.4195244964010802,0.7218737951954001,0.7629183630647175,3.6959720431226137,6.4517607973212705,0.28721785938400657,0.9433210336593869,2.9877172208082947,2.0736615686517994,0.8075036318671146,attack
1.1481646891774313,0.8619527956749645,2.2866511592379886,0.8048578976145739,1.1624629449840251,2.5798547986840465,1.84951747623325,3.2579674060653177,0.7826693255703603,1.127287690562264,0.7076529339289438,normal
0.9980779081690546,0.4542678501555325,0.12477226257047683,0.38942045338320413,2.658921775053452,0.42252471690016985,2.010678796677765,1.0412772071403362,1.1887578643684733,0.4712855641120444,0.8928064344564279,attack
1.7306063746073224,0.4301979908282281,0.843448520101673,1.533649601064959,2.0464608541829294,1.2227057286489518,4.475825761350813,1.4817379008200127,2.3697547763651157,1.738566178023625,1.0608798668742339,normal
0.22744128374274883,2.588071309296531,2.567604900403577,4.36431855750106,1.0697201332044157,5.498277634210739,2.4668885245493275,3.2757929851082106,0.502827684766495,1.59013502620094,3.912547710650763,attack
0.4931641300883896,0.03738023749362928,1.00029832334871,4.512392470776344,3.5058553858287373,1.4664576573735977,0.8566195129497821,2.198358485408116,3.5125612614889223,2.466449241559032,3.866747389375056,attack
3.880908915884855,2.0567304292817714,2.561226069067772,1.7375433711862418,0.26017043563006537,1.7816126350835908,0.5048547389937547,0.4359220517452815,2.985953272685791,0.9494565760389148,1.2613912332954549,normal
0.6458367514310208,0.7495495879788417,1.413554022855334,1.8718946734023738,1.3484663846606595,2.1552164120386794,2.670240427024861,0.3228252291964531,2.2494794700762153,1.779483441083554,1.753642602461045,normal
0.5401089036314344,1.106540144064992,2.379454199672856,0.465806591525226,6.204350039134799,2.992841886060507,0.6888382331263682,1.1786220745834683,0.4098773021076153,3.0730989918999025,1.3645407443621547,attack
1.8269107458700162,1.5528723560765159,2.4967133436030147,0.6745191195133114,7.317622592107522,2.4981525063082284,2.7255550218891034,1.9375687930699508,0.6609415159196107,1.188564913751759,1.0633111617135231,attack
3.4497031752822136,0.7340074746445273,1.6256801289359797,0.4913642163854087,2.453490665761437,0.8808118096609343,2.6316455717350693,3.204217677277763,5.268818462866926,1.3933430837992737,1.9189252223353441,normal
1.5372794312737732,1.1622483697893213,2.9320609771754143,1.110090141345838,2.515605810783807,0.08384893710397473,0.8761360320438122,2.9883907501469475,1.6018409469035793,3.292521347503811,1.6370362466268198,attack
2.834875609247802,0.8603358832681252,2.54685148992492,2.2243228361052285,1.4736850762749103,2.8664533445850036,3.184000204702144,2.683393310458667,2.9391058655276625,2.2302164299096567,0.5953551722403889,attack
1.7573181454053708,1.4908482036070012,2.0659463032664482,3.2157323718378255,2.746604099383346,2.641542601294814,0.15763566582063485,1.5184597718573887,1.1632379672470303,2.4114433200043086,3.7550232740870366,attack
1.9774591682817155,0.4759398104978879,1.633738711927607,0.025416808239181028,2.9977343965755234,1.1332292299491313,3.440732241136567,3.5148788356817606,4.010909152290494,1.1164831564717224,5.718025119002911,attack
3.4295211561765124,1.189836554777529,3.7087834369993877,1.1467623612013043,2.1149607889212296,2.5569497992792187,2.4289863714600117,0.9036729014532043,3.9237783083152578,3.099747993899873,4.721488315825545,attack
3.866630546723265,3.396285431445605,3.4279351004882286,2.5500302164379702,1.5517655699279642,2.6331765060240477,0.8382260815957081,3.6898182845573535,6.824219629030335,2.707225955373311,1.26217730876769,attack
0.761242449292311,1.5090833636850456,3.449769720197454,2.438311901853261,2.1190967416157354,1.6365737205485869,2.318178124882527,0.4589477381524706,1.3542074668226176,1.290552513853462,1.3374383118249482,normal
3.0602008409665347,0.41667002099947664,1.3375766230066801,1.8692724938115683,1.6120927267383731,1.6611018373311113,0.3944348975016834,2.2770625349474947,0.5254399636689558,0.7268323543483852,3.039683469561685,normal
1.8590377827397762,1.1411217954288206,5.767132146451965,1.359723492827111,0.7053527569212792,0.3002451745939674,3.4304971724928133,2.8677530588293427,1.755633001061717,0.9498769028178821,2.5360758697452104,normal
2.7747121358027758,0.08698038157597203,0.6947498479265365,3.073875402483887,0.5312758353461382,1.308359750082469,1.6407738403484473,0.9051344233763985,1.9173369631203139,0.9126349992673044,0.6989072655337072,normal
0.49672447365734507,0.4896626642825241,3.3983684312238633,2.661606560178737,1.838764532917702,1.6179925452729722,5.706160930429708,3.1203797819167023,4.07479723321709,1.6996197937922757,0.8828404407824109,normal
0.6711878694787223,0.7693623078515249,0.9829063169713165,1.6513589420422368,1.8692581543203068,1.3181185708678886,1.17765331832334,0.5589149667011039,5.83399962118968,0.4340335167078585,4.7086062898593966,normal
1.3359846105438138,1.2895644753328215,0.916443962308942,2.5666575096585738,0.727566610313499,1.7074870573579957,2.355209483274541,0.1966117085922265,1.0341874410768834,6.051291433615113,0.9650772777623701,normal
0.8011245819191725,1.136986875231113,6.9667513667267436,4.7599556162049135,1.544098571611648,3.343666227538371,1.526456865104968,1.7165883836295124,2.180034855620769,2.8180951109921315,1.1318880035823222,attack
0.7661042272007639,2.2887394608713776,0.5631499664940279,1.4945874330020046,1.3981467838261956,0.2771417732270071,0.774865210548673,1.529885179158213,0.037382009920645325,3.075344961926939,0.705630627533808,normal
2.5093800293213073,0.9972440323644074,1.6051090351100794,2.8264849032657198,1.003670731210331,4.365433900487573,7.895576874237559,0.7396660677079099,0.9079906792828973,1.2733482717055007,3.9263934912066443,normal
0.529340978793582,0.5521928868286876,0.48481915877310067,0.4082472693024258,0.7503841790428424,1.7108060747896303,8.301921140060509,0.47219323678787267,1.6607668202586,2.2235182881053612,1.3133330661307296,normal
1.8313045819851363,1.0793918750818945,0.8564626172356451,1.1889654424143057,3.398031490821095,2.6389429295678863,1.455574710804117,0.4751026209056352,0.32491447559416264,1.168007204032261,2.454041097081749,attack
2.2598130250840156,2.067940087730681,0.41623832382076825,2.9425196774378484,1.8908082987262165,0.6971280387303951,3.1322768989451832,0.6162666409284573,2.0615850297443368,0.8958430982893525,1.272442457939058,normal
2.229797828025943,1.7040188881112959,1.4954455757539973,0.7438650152881157,0.8420482184801006,0.8864819962178829,3.3413414583032064,5.947287636826261,0.7541239454321713,4.560749931372654,0.6638766699052061,normal
2.0677745058376513,0.6370002336038971,3.58319501585866,2.9438113238108827,3.4362404008599445,1.0780295991883029,0.7729892178726014,3.3363187867989925,1.4390930802157118,1.4533147692758253,1.0633942936182534,attack
1.3545531539217583,3.3497576266831737,0.9749918647586722,0.9558691660582307,0.7909254463470234,1.3410942383456224,3.5428431447405004,0.7798527794799393,0.9062392453719164,4.573440862303806,0.8885906090335479,normal
1.6043258989904872,5.193624074850259,1.369360270859423,6.306937918119183,0.7391874237190318,6.0770987271980905,1.324623747417289,0.16664768011108677,0.24631663928077702,1.088250497497303,1.9089498478824818,attack
1.4292384971451164,3.8917830569016916,2.238532477913182,1.2639613574051283,1.7855772987759804,1.1448606437252562,2.31763949332024,0.8140707486859784,2.3460308516006987,1.3885522482045725,1.1139232734600277,normal
3.816831495263604,5.156215651627101,1.8458697382071403,1.2067039859753668,1.2312867185892604,1.2219268792884705,0.0628712383662539,2.523045252674709,2.066291590359683,1.710157343773863,3.0240453292427687,normal
0.6046592868718405,0.17629692317072235,1.1814329286518364,2.6642332323490803,1.8156359583124104,1.4444353869772935,5.302953929562268,4.107045045607246,2.8708695145242076,1.3760203049398712,8.770839724960377,normal
0.6548786277431885,3.501206584752152,3.682609234367251,1.115260199686932,4.24830461139765,0.6062700811265155,2.251052261997224,3.363909207803558,2.171452542420741,0.40869500915852325,3.31585970200752,attack
4.110574651820363,1.9399520030461042,0.29144209337365745,1.852229124241572,1.0323163304539726,1.7725488767790307,2.828282543693191,0.5591072918190366,4.705334648696416,1.3250523607251816,1.969842142322,normal
1.1328692486825063,2.8277269120494295,4.703740398907298,0.858161181378635,2.5581177874680714,0.9694072304946738,2.7785682864065464,1.7389285234972605,3.227399693474889,2.0973221153303574,6.566525892685066,attack
1.1410786267731678,0.5080609259464496,1.0624524425720807,1.0778991192957437,1.5676562888594523,1.2470838000189675,1.97091570742838,0.3158349997501856,1.2415893767078754,1.2303172443380237,2.9437212014255043,normal
0.756067145253167,0.7224933361210903,1.7100060874042355,3.076150808929752,0.05231314809092767,2.8445984172215075,2.5357477022759816,1.583834517038262,1.9157879863185223,3.5123064672829694,1.0708206569987253,normal
0.46334489648249527,2.5465725548929603,2.3911213682676897,0.19149053751854447,4.843334374305095,2.277015936237763,0.8003597408704165,2.419225706451572,2.1819208250413373,1.2010372627340502,1.8995617820182913,attack
1.91154791515225,1.7466267418011494,1.6310336367934906,2.200306999446559,1.9573746836579629,1.0765520447508263,0.6596268801737308,1.8918863648240622,2.8291542797174434,1.8359905423820786,1.0602474759570844,normal
0.29625149225153896,4.949688173459631,2.3198548442508344,2.196498115686055,1.208711434260935,0.31058775086742424,1.0009821787637057,4.43178866810935,0.5310292463181653,0.2418934506252901,4.904128370580736,normal
0.813024890346037,1.451695915069246,2.2213150969408364,5.982331211907991,4.3603671104628265,1.596621571794583,1.0552552859043076,0.6020009737032773,2.3455940975085365,1.8447162893033313,0.2849006567524865,attack
1.4448347822058107,1.8812336178800524,2.4998117693044004,0.7113337138286704,1.9231799327950365,0.5843639361964873,2.2256107845356388,1.4077875521489118,6.290784303019711,0.8373126137900027,1.143446063566222,normal
0.3051659136440244,1.6525604236653881,1.2695243596847736,1.7829821094878522,1.5835180574902907,6.368457817638257,2.3803066753456883,2.9680099108257334,1.8251345313876377,2.0468739154758806,1.7729996343355752,attack
1.7980883730294173,1.0554096974017166,2.9148393489478597,6.63690786356629,1.8219232791745148,0.747779846944144,3.3995472484444607,4.878686535419574,1.1084312070440143,0.6014830445132453,2.6990535837213763,normal
1.8670540267615758,2.5249533850643187,1.7175929505706542,1.445840255690897,0.7950541833997201,2.293617341479374,0.5169939997314309,2.906343889773092,2.772446201430017,2.2294460586680165,4.0061062544463075,normal
1.344704590068104,1.3069718274287763,1.2292361162908891,1.9340989419415886,1.543420329138572,1.1949302952037562,1.2786438829681643,2.156931115157395,3.7408839076195597,1.0345137944730434,0.1640788605976753,normal
2.6566453102260867,0.7500925813464568,3.7336294465411166,2.9821831009936512,3.1674530997389305,1.7816360595655638,3.6026017788148157,2.275823110988425,2.144123917017335,1.8860491795816812,2.45302773564625,attack
0.43446452831080895,1.1830911567180713,1.1851055855532246,1.5800821945418602,0.7148646419367098,0.9923787139441087,0.5571878819092194,0.9824523959061157,0.8246200577638678,0.9628739569591901,3.026203601263927,normal
1.615775707277667,1.412847095384609,3.9851706213404268,2.1784955038307228,2.3062858901810395,1.8911648239003196,3.076544688862912,3.4107196475184307,2.1153502009794374,3.0508762614210245,2.449717232550704,attack
2.1743501101342497,1.319439827242411,0.9421816499107585,0.4448908507689987,4.7333516912364635,3.0723290634310256,1.2150269638041589,0.36724840543913073,2.4610273170384005,1.3554225792758037,3.184240416089014,attack
0.7744262146798682,1.1782350124888255,1.4651713148887853,2.7041738373821462,1.0080856275395231,2.4832625769250303,0.4713151757139633,1.6274410842509845,4.3205137997188,5.5567033670251265,3.5475288715009676,normal
0.3567976509953862,1.5102724382542503,1.6661075591485466,3.2479563542285432,1.8589290071819247,0.7300453170340183,3.5856353544387893,5.105071083420859,2.91653570576205,0.9713829643136807,5.904224852286494,normal
3.09894803039991,2.7578607236345896,4.960398574124836,3.15752326759213,1.5558845354223871,4.553477681425487,0.7998548533418277,0.934405178900275,1.126896635058535,1.9033396475628894,2.1148362471414965,attack
1.4765853716497355,1.5356945959127253,2.191420546608684,0.801338926767354,2.5946637585279517,0.14476305948493148,1.7196537087167645,1.1199670419151257,5.746048570342052,1.3891258991261624,1.9100501953557545,normal
1.443908418307379,0.677174719454851,0.6524656858404826,0.5492176128275852,1.7003659000543692,1.3459467427191194,0.35072649464445704,5.250658767648852,2.758731017033896,1.938582436458591,0.21974718247601116,normal
2.304613064877272,1.858221750812776,3.1593499152303646,0.9509241903366715,1.1780065538154514,2.074740089004782,1.1401875151367205,2.2818351747523167,0.6595742771571081,1.5999852913687773,0.963935249361176,normal
3.0513240048328667,6.106814237908033,5.135417550584953,0.30551617738259096,2.4260773154905575,0.9507988582232922,0.6432621214138624,2.3783769958466223,0.6436198604459277,3.7256686058564044,2.4142218016494428,attack
3.2141451578468714,2.077918489213244,0.572677889570509,1.3054078825480369,4.1784718541780475,1.555972348385413,1.4720078164368846,4.4896272978611975,2.028218175028861,3.8818182855446457,1.5755747552088237,attack
0.7800301467696695,0.17406691950699654,1.5480039515014414,1.8616080870271554,3.630837077605693,0.016983355737303862,2.5754899645893627,1.7418178793689387,1.5052932716588316,5.917031012157975,2.427522844203968,attack
4.608911152672123,0.9279251497901786,1.254214604798908,3.65411441817447,0.8126651667094524,0.8528470927213477,0.7200143406090641,1.1177073721375332,2.0911971756240866,2.556500437502787,1.9534384168827816,normal
1.342305252974936,1.7932976931118902,4.639709533542605,1.7542770985582745,1.2632253327948897,0.13645666057685615,1.63385547829361,3.5413341998787136,0.34044797393058046,0.5537213638344022,1.1488790318970394,normal
1.0147974991809825,1.879502169106024,5.516072073216478,0.6823304972762412,0.9960728709268218,1.529384685313651,0.9296439566821734,1.8717138618154705,2.4959797615216734,1.0197340186929782,3.1785111304309197,normal
1.2898949619633333,0.9220929633916907,0.4331139802154915,2.6815136047766814,2.1342171428780095,0.6465096875739501,0.8281587510659131,2.004205164344554,2.5603272516994338,2.1898663769652638,2.671492773367222,normal
6.678090902421838,3.2181450897755646,2.7317310908875747,1.1030403599679424,0.5857436033803065,4.18443189174435,1.1500631287638818,2.3450823584221396,0.411445214928909,0.2636740661619837,3.197608845070773,normal
0.904125685967736,2.3304356213008597,0.9130856226983127,2.5193068951857263,1.6031688298536897,1.388996017349513,2.172604955450212,2.431315716588307,0.9816098392257083,2.3441610786865303,2.4801104557187688,normal
3.155132946161971,3.8872952483202936,1.6536596514024657,0.9198930193171461,0.7367792137527969,1.0437500683950485,1.1170824955254788,1.2660883068537057,1.6160457388750749,1.9111733254371885,1.9969528172391258,normal
2.8590422226921803,4.166268006153485,2.0098646225616252,1.1192215185955554,2.8178256823201817,2.6948844255005366,1.0265700387018348,2.7268755709327968,0.7318109172663549,0.5926568305071216,0.7729050417803002,attack
2.8606807451064507,1.3709680233779542,3.108838743674091,4.419590382890745,4.266949118154805,1.0001057571132197,1.4180139719174993,1.6530246724248423,4.854289894019944,0.9835095834903834,3.4674037723715068,attack
2.331352985911958,0.1360522052085651,1.332060978143067,0.6915268960617303,1.2951272820146196,0.14601102577163352,5.060719790785927,1.1962493730734152,1.3057752266650369,4.73065255307011,0.49835684101401584,normal
2.398555561281837,0.8965901337937162,0.2720145747741231,2.6208232350608074,3.9669597120540496,1.5774016609057988,2.9129848926837556,0.9800896841428804,2.4589304599902015,1.6967553542488472,1.0781341186347917,attack
0.6625046922393973,3.915854982277251,1.7464553999765786,1.2318521464061174,1.3650113978710254,2.5141874928556405,2.8460204300106513,1.7050092642718704,2.362251227719105,1.2918753137595453,1.4281907559110394,normal
2.650901503360329,1.2549404133792172,0.6141136213601561,2.5513361515440036,2.232595294066479,3.1896236553986785,2.524354806621025,2.1873935661845008,0.5318309319287566,1.6690815888814245,1.1239850681761474,attack
2.510121443570272,5.052208402608906,2.806788051259729,0.4961353531336457,2.096843023933747,1.1297742359174272,2.7000636860745733,3.0190640064810115,1.6313835220403456,1.265978760035087,2.183354862235412,normal
1.0233810954514784,3.080781310135066,2.5381252039325437,1.2244194687574546,0.698130243553506,2.020823423914026,3.480023968490993,2.933557156704069,0.6045179711456108,2.3572087948923888,2.5380511498789966,normal
1.442799461368184,1.7521450676391293,2.8279321164444955,1.8946151103813096,0.2182687772229434,0.867646373091126,1.207095321202414,0.8889715324217309,3.0657019113445236,2.2936547892182864,0.5285328419443766,normal
2.2583263962536835,3.229630656446968,1.4506224644753518,2.1533542043856753,1.8345627465293235,0.6609010551948457,2.264406599607237,1.1072564902427615,4.346021335363363,0.6223755373556807,1.6866649276008954,normal
3.35609754140687,1.2231235661232416,2.2336193114857954,10.344066692620952,3.192220690986629,2.3177967848535266,2.918852389943995,2.404848439573644,0.8352511689826825,2.1849230976091314,6.411380422226572,attack
3.84915364342424,1.3688138682985505,1.4987581475507488,6.70085835144867,1.685167099526721,1.2419445093339065,0.8574918868104022,1.9413200242745314,1.180020247466038,1.8823514766740062,2.272613860511262,normal
4.175095493385474,1.476285179324148,0.20923106480517942,1.4178053654325857,1.4328666879718641,1.3430308597304272,1.6304917614997974,0.30893614773820155,0.6474463277617452,1.2957223889087517,3.1886521092003,normal
1.7144803807208606,2.541188579266759,0.5667578080100658,0.9492481190662924,0.04376162259467441,0.2621311520096527,6.0220273093191015,0.5319268022827048,0.7616566260740677,0.9194517012587661,4.855625378614279,normal
0.5514238752230736,1.5413745957391574,0.9826863002362278,1.171747431089374,0.43313993817799074,1.0085970488180014,2.671577081128216,1.528773417053604,2.2126198612833976,0.6136067006113974,2.904454168085607,normal
1.6113771253457485,1.1937537590056735,1.3350211178700624,1.777058215808212,1.7232464058135244,4.1747303200427535,1.8312499277294074,1.7788642194861168,1.476862141661829,2.063035399996558,3.1093068586312436,attack
0.2575244362863046,0.22261208824549542,1.4313338470953116,0.8680883180695547,1.7064722200436908,1.7376906348188081,1.4149609230897509,3.704251133875018,0.7935961035611993,0.9461577866257197,4.450038776140731,normal
0.5290614375771879,1.3411816441175797,1.230185021050943,2.3299387622797663,1.5519992076791937,0.45683451771931227,1.0799777946441689,0.974811554167806,2.6542616726635706,4.435923551279459,3.7077289590211233,normal
1.5132152943689279,3.2369360035466506,3.2772978569478624,5.0889240099220885,0.01846946018448986,1.1794859618685751,2.5610682948672734,0.9023790204565562,0.4745149133607783,0.594630320516917,2.126063788370505,normal
0.9737816256483952,0.6061152364255407,4.5155922426680055,2.094871587435757,4.0352791925058655,1.2044488285377526,2.962313039485148,0.7153961753870232,0.9722122218953626,1.1671377457278094,0.9876549805284504,attack
0.5677430429801339,1.0472841557526933,0.37755781487752804,1.6995025530684997,3.492853683204229,0.8803704568025638,1.4085221831686887,3.274973057712099,4.591645661660628,3.098280673365352,1.7353397776178792,attack
2.379860927622059,2.5399678048215475,2.407876890713635,0.9670487425780188,2.84433602662776,3.4524758083451546,0.1317251124368541,1.1759700974865304,2.233478392356927,1.899425681194013,2.26726764076255,attack
0.6468425838680532,0.12186230074925293,1.7944995522160143,1.5067521020486658,3.4035072584507073,2.2532018388678843,0.13470332787571299,2.294478721697681,4.108933192578758,3.3184866189893416,2.258300951666485,attack
1.0649589847162804,1.3802636655377585,1.3515947201333682,2.5517022983436606,2.437270974020624,1.692988995527478,3.1462789633351425,0.8677932789976001,2.9668707885252528,4.650059987810121,3.8137353664531037,normal
2.9863176420612763,1.0410314939482732,2.039026330699036,2.522831301148844,1.9621178749289159,2.5080863034948697,5.56055439118538,3.7261357899335588,4.957711376286065,3.5967018796329673,1.3959097173534483,attack
0.6998753123945289,1.3661469105422301,1.8956793978697137,3.446504148299161,3.045950180070125,0.8621899309743618,2.0003362094944683,4.12137811484595,0.8899280688531177,1.5595430514278728,1.325627328725205,attack
3.218322969495279,5.092114593215582,1.2553826911617905,1.0363928285908666,0.5516075945101016,1.8199235635389999,3.3526721314812544,0.35497895005463265,1.636932891304561,2.2582613743529176,3.042745726415257,normal
2.171035446007272,0.6603185288297049,1.0766576935526977,4.414925235991565,2.743681817576222,1.2388361244690387,1.6163190283265558,0.7762898977888223,0.3066551696457741,1.7159574372261603,1.0039211373010375,attack
2.315871431955607,5.874700755242927,2.211598363457603,2.210988767266215,3.3186146512705696,0.5435933540408129,2.5220239999526437,0.7588030518632926,3.26929050890145,2.204980745651672,0.6006906220570913,attack
2.2332928498786617,0.4684479172838449,0.5815915911564635,0.4250544522795416,3.4208252907689447,2.376686742805982,1.905946343672209,0.8431171112371559,2.545755354997327,1.9457379408763917,1.1368864453224035,attack
2.0812999068045444,2.3912329044941534,0.6446589016543732,4.051256935228322,1.5405644385462178,2.470268090563124,1.4467986152885854,2.227929554528964,1.277575674840906,1.3660719310759637,1.257216416870619,normal
1.888225948481149,2.8246141297035217,2.86662474244733,2.7537921515508432,2.032361364610206,1.1519997087323812,2.7858458567128874,1.8734873975074133,1.0288011678703453,1.523726473683406,3.015529432907151,normal
0.6823492312650207,4.203035652953998,6.304904722091663,1.1569292349290203,1.2823989011317136,1.458164408473352,1.1183927494713428,5.159226172959506,1.456827157133262,0.6200461858838998,1.9630781649825484,normal
0.8613958999113362,0.4820717682726147,0.9553432307707337,1.0419542633069003,1.4639063772297578,0.33982036954961065,4.879775954744946,2.148938012717931,2.6245287355197706,1.8246170990345554,3.665720775319513,normal
1.264688781673052,1.815479088661856,0.7938972271475134,1.5483762336152815,1.701132859003044,0.8606875589675641,2.1277722362628966,2.2614703690823497,2.659967547342323,2.2291309874327614,1.5950071064095674,normal
3.0073554893639955,1.8049270824726709,0.24871519200339445,0.5081155368386676,0.7800051588556224,0.9558491152659271,2.1342045832483283,3.7664065428948357,2.411361396632374,2.05540697868467,0.3261895786739104,normal
0.1561286284623915,4.127323631702832,1.2114885149543435,2.165367548816799,2.348247689634662,6.115937841046205,4.949001499255966,6.835503776567919,2.6416180011019272,4.424641632724778,0.6506046605078265,attack
6.194646957001146,2.9537478207926635,1.3689432640643562,3.1707177253652796,3.7979645726567433,2.4800796667531952,3.95294736834922,1.6214473438084303,2.474539064497512,0.7563983500890058,1.3804538709433174,attack
1.1834496397965804,0.6342332634537732,0.2482706930112926,1.4174063667499117,0.7972964942743747,1.996612204622523,2.213949659340319,5.010080026208273,1.128641502838079,3.816815538884186,2.1479686888544642,normal
2.4070786328713605,1.9265794873759023,3.4022373949725377,1.917884803348848,1.8777528498419003,0.7769036426712461,0.8943282785133013,2.1630915588272135,1.2845576018962666,0.4579932823407813,1.1848709064975371,normal
3.024275989177889,2.0130838537367297,1.051137840766965,1.6761438122159271,3.2479296662200676,0.7613960679026677,0.7017369549166013,1.9633129560245721,1.1989732458818767,1.9622531243668067,1.7540582295776184,attack
1.9583939197351057,5.135517220738563,0.5779404050949157,2.723449315896606,2.320940587374127,2.6332219608784553,0.30195269151441795,2.9172885705631697,1.4266493931530784,1.9013472054175515,1.5660922466635874,attack
0.8511780488935602,1.4629559241209653,1.7499663647630526,2.4704002499064885,2.193409913330009,1.6103387629557213,1.8056585294460485,1.7896534556592492,2.423493828301563,2.9004329063373553,3.0976509039707993,normal
1.3299939697724035,1.4235718516947957,1.2370692857630048,1.7611497284365278,6.0711449713386125,1.3216227970441452,2.6352322509035075,2.6720223853072675,2.252040306546235,0.2826308640983038,1.6432948457551015,attack
2.4063185995552763,0.9623963090736026,0.3423960981970304,2.4433191410249595,2.9856398900228562,1.5585444232868926,1.1573072106829296,4.200252429229881,3.0554799468531773,0.7257787479284302,1.9246575983300593,attack
0.8042983682820365,1.354935272873066,3.7930119642474525,3.812676382056824,1.1276284160671888,2.5757805530093787,0.7414060129392497,5.916650459835575,0.3395014093581832,1.319300937599368,2.57027698823961,attack
0.8572872229579964,0.7320860940074978,1.683359422644227,1.0405084864905754,0.2886314219831489,1.680737378181824,2.500979340860766,1.475861768165857,1.6466078660535755,2.2534535662168937,4.867887656168638,normal
1.2653306074561366,2.142785822647173,1.6562193256921547,0.6920195213068152,2.79697534609201,4.0794867921127365,2.5033133205389966,0.19903402334243825,1.324121079844543,2.4970788156075825,3.3543885839682637,attack
0.4296263258879003,0.6750649813155026,2.1930419253438402,1.8267551033679468,1.6848290593780784,4.694092629878529,4.991575193535922,0.8115405820281928,0.32231634560453276,1.6014664069610969,2.757643552193682,attack
3.567623379774557,1.28139205486917,0.9733075941859778,2.2823860757939447,1.436195048772677,1.7599898092400978,2.5130877438325205,1.507321528541323,0.5032145508334455,0.9953485460789065,1.037435834979141,normal
1.0460860447543867,0.2669168016775414,5.486977214541614,0.669927506716584,2.866082361940368,0.8753305564156204,1.2718767240822488,1.7260714428000066,1.0916236656809328,4.405518955182405,10.62654786229997,attack
0.3012641227132939,3.417082193644314,1.9336960956999358,1.3250932953796128,3.0398763555901036,3.6279173411720445,1.5985662306898258,4.054583706268885,0.23014517552810418,2.745565395763479,1.7637045485849605,attack
2.0197428885824236,3.366615729477331,2.5500427675692166,5.579700739755146,6.210997435002732,1.499233823276559,0.5885749413058893,1.6982951361778669,0.8091035177214905,1.2206797215175087,1.8873244598529868,attack
0.4202512696803476,2.453154751494615,1.6036517746474412,0.9436577563891541,0.13226693843713905,3.2926528458454376,3.645004105938304,3.389598249785084,0.8041527424301614,2.29594517342616,3.7391776441470843,normal
2.1462923964584775,2.0126066525529804,5.1132474870711855,4.876327529470125,1.2211580007530145,1.0588532420912764,0.8864696268580867,0.2829769808306714,4.3969288918969065,2.1232376403248683,1.241189328793616,normal
1.8396196951246122,4.661855989742311,0.4485388159436204,4.29596539423107,1.7160731519429482,2.4074224905613764,2.507126368446955,4.841679785819618,0.8481891642665002,6.973560758129977,0.5541162059693236,normal
0.9919834625666784,2.8004604693665227,4.459287851225528,0.8845630874755117,0.48559596145467815,4.621716913536896,1.2676212016389456,1.3417786845088535,1.921387761583434,1.6497562405791448,2.864491067831983,normal
0.5817272776090435,0.426999181197609,2.383730182117992,2.482029669587715,2.8568577464931124,2.7467843733527766,0.43533324165653475,2.7156665466086305,2.6336471752327633,0.5126034663100114,3.634837717010809,attack
0.8589551938279901,0.768829423130471,2.9074216827138866,0.6328472331239162,1.4740538821278104,1.2998368493810029,1.1198057093392164,0.919231448049832,6.346457831980955,2.7885902807083927,1.0149718288874918,normal
1.038887903285721,2.219699640312384,1.2943450960226492,2.3236553657169288,0.6826674323763607,1.9159065647255684,3.037025893599092,1.8377719275268642,1.3712966765654342,2.4977563134526823,0.2113115491035717,normal
3.0305025011927027,0.2556300852724997,3.388733763545399,1.32908167689498,3.2069533064713536,3.7180944287412387,1.400614333437676,3.526597163955949,2.11138715080718,2.4838790662956964,4.115114106946568,attack
2.284991268283469,3.2121983689337363,6.011350056520445,3.1933172770151774,1.3006562184290553,2.162696176863294,1.0330380632478144,2.236187606709561,1.4456002454105386,2.3997269515416892,3.241005762714408,normal
1.0028024028274605,1.8738966404566186,0.7963349202945977,1.047358926281754,2.098485888268937,1.3626092042131623,4.6176833772598815,0.36024075617893236,5.259936833336839,3.19777029277964,2.766931316903331,attack
3.0557929468580456,3.0118522573270496,1.281630097674715,3.3134301514040803,2.225905453759522,0.4275867618200586,1.061375071949651,0.8038206078883385,1.5818771470135415,0.2596132948529112,2.953801125876842,normal
3.3209722526171555,1.2504864859903422,2.4309369763143374,4.735653420970223,1.34652355961182,1.347140105353637,1.5096511933908017,2.789816200587287,1.32630693936708,1.5311708788606906,2.7190242841258536,normal
2.608915522992063,1.1979566711465763,0.7747582671226987,1.3953460724945792,1.6525006913161058,2.1245406540354566,1.851955495173887,0.6205930658125581,1.3019186755114336,0.27875805637221635,2.116504749825096,normal
0.7415407341628898,0.4753076330101821,1.4455154459297508,2.3570264733296793,1.815777650517978,5.075217513620642,0.3616671756194386,0.3414317676699335,1.1252822442610442,3.225626639816792,1.2057747490523472,attack
0.8598174069073482,2.46802310293252,1.3078867165730506,4.042514441200905,1.4813838013508327,3.2614711619844345,1.5762823585339203,2.3665253665215094,3.5956633472931654,0.33910542741675703,0.2366313686253859,normal
0.3853447420950161,0.775998595439951,3.70296784929663,5.539905779096927,1.662579534349555,1.2649188334270711,2.2828339643785607,0.9953486607557194,2.1909640613716785,3.60568770495052,2.2972649086391383,normal
0.6929667265036645,1.6190132778984623,5.9690660317924324,2.482661897064064,1.178275246252697,0.9724597917910779,1.149633848250109,3.008272793492793,2.06720767651915,0.7543229968191011,3.4668332287292265,normal
5.84914414358982,2.1447340627736162,3.9156872538816745,0.6636552712594194,1.537573396549031,0.5956811677687176,3.0964157362991602,1.7676529413770325,0.2370980380138869,0.6740566355640442,1.6116087352065187,normal
0.3912931597043253,0.7131327110460574,3.706663658601623,0.9401421450237019,2.124833650669637,3.3424715566631575,2.937222770567966,4.858143744113918,3.5205763092225073,2.070431141086344,0.44747454678286946,attack
1.671277452077262,2.9548453319270727,0.8245108055178995,3.7436104304666293,1.7706219809587886,2.943651755089442,2.9298212917561157,3.0284453657627015,1.1996952771651177,4.902787602522463,4.232062118280681,attack
1.9373877906363677,0.6350065899412175,1.2419721734714095,1.1965183900822953,0.4175681464358946,1.0026752879779621,0.017322408936912573,2.574455944001707,1.5433085975166292,3.0621308349463865,1.3793561318160916,normal
0.39179492456448645,0.6095434622832623,1.7096793888215693,1.6981644394565787,0.9973533128611058,0.9622358243413254,3.1725486068567594,0.2744222330029499,2.24056562401004,1.4108905842677109,3.1654291532717256,normal
6.184094730577882,0.5327012508024385,2.797594803700736,2.7001013672901446,0.8668506428727567,1.1681153012945487,1.496685420533458,2.619847912986385,1.8742472424690757,4.374056464961445,0.7940212827810516,normal
1.6707793052422526,2.1795218966827234,1.3443387442385124,0.6888688854701563,3.802271151183657,2.1134941005499814,0.27457561828726595,1.0419172903307303,0.8355634789166188,5.091574365278577,1.4328578962792076,attack
4.49897214469837,2.4533699238510276,2.3534707623904687,1.008834897248163,1.417275691855074,0.5107889470019533,3.4540317112155234,3.477226764680701,2.354149059478458,1.8659131464055667,1.5794647567494116,normal
5.067462623145364,3.84661107876164,2.1219074700750147,1.1862850760628358,1.0915533101964447,4.8007453188756,0.9028255483879182,1.6682341391259718,2.686999053482827,3.266522037098011,2.255294099856673,attack
1.9153978618825573,1.825235783916381,1.5121203680400344,0.6950307752336148,2.9920975771757443,1.2092955239175038,0.5797436579207935,0.7598604406779262,2.1046208982664183,2.8843552115479993,2.0501391817026313,attack
1.6253463363161849,1.7364713936013936,0.9280914090333888,3.5204193952639438,0.7727440496896887,2.300735270170747,3.3570007321648663,2.1583052995472576,2.736939847194467,1.00286760649249,2.246073648444887,normal
3.2186557703580116,3.007316664128769,3.2440511348931986,1.437185708378423,3.6520394345475427,1.984245903871782,1.3772646176018293,4.854245677401944,0.28500585456021654,1.8751911769221083,1.0535471723679182,attack
2.9949111531369033,0.9841230179075576,0.42807363962008455,1.3044348640094843,1.4158364099541234,1.1452627730906668,0.5922367589718934,1.6134323807631392,0.34344741796072686,1.6114730778849902,1.6631899308049387,normal
4.526404165507835,2.095799863314139,0.36305792407072957,2.4911720235586694,4.998162425423826,0.9930166534320947,1.6682005113167864,1.429037876106247,1.7399917881396798,1.6969377348323471,1.6469727078725394,attack
1.0817838732378322,1.512988549019367,1.8779200155370832,2.024258669543738,2.2712611981951887,3.9499704130029745,2.7244526740035218,2.0296825560928173,1.393932130581938,6.455382627601639,0.3495865123225236,attack
2.2520472371920923,3.077026675579417,1.890207375475596,1.0307771363087048,2.4687521913141612,0.7555310196007508,3.090133422426107,0.6909134678668987,4.22383596143788,2.4747345335099578,1.9563825157223647,normal
1.5775630563949041,1.7161781465636428,0.8317351128837013,1.8605751472803864,1.3046672382582711,1.2156987179846421,6.187715451261562,1.3252014699648849,1.4762546108666719,3.52687282052728,0.8274006457438389,normal
4.1523437530832865,1.4371033606236112,0.941313406542839,0.3411429976935401,3.8132965752832235,1.1569043139002275,1.4072661163405904,1.425326364472811,1.1540326472774995,2.460124135723486,3.233881474131518,attack
6.424827918916088,4.383319972779783,1.9248090361210017,3.110174140160268,5.202818702610087,3.435076394748306,2.0027914862476965,2.4899109993035817,4.186819028360683,0.2505144938622422,1.568184165211251,attack
0.17975168805660907,0.6540268558124112,0.10438311661838637,1.469083817405724,4.905537810320435,3.857265009079055,0.9413309641452113,2.4756726311723183,0.7864110394061218,1.9318974722889135,4.50746774497464,attack
0.5777599451749111,2.217834381549592,3.0380380120683004,1.110316731765015,2.203258312070758,0.9124348860238845,2.0092963009417995,2.0093880691226738,0.49510953932979007,0.407288530835845,0.3399343436099788,normal
2.589917335196794,2.292425203311503,1.863558479605488,1.503186382824596,3.20818085165423,1.3661185625796723,0.9861580681256407,0.6379288801053936,1.7755952435030031,2.0783353095452246,1.7057795935180669,attack
2.9265558133634118,1.4028838404598245,7.455329937237343,1.782171840081601,1.2087542684032802,1.3014008619154696,2.3262973081459672,6.363565330116531,0.9977154254882437,2.7391794677906804,2.217956645921749,normal
4.597214981848107,0.9534326485570679,2.4917147011321816,3.5027002691704343,2.707459945975304,3.247149437032539,1.3548963629114672,2.1207793070723397,4.004203193349151,0.42168058743490455,1.3766295046690595,attack
0.8947551830530831,0.8595909993619693,2.2611453577331844,2.231381679802251,1.4244195551992131,2.015647177787577,1.697907206131151,0.35158841559894055,0.6284331820359386,2.7456564245728106,0.766349829190829,normal
1.4057838598329517,2.3904228435482717,2.2112960286454197,1.0514922261954298,1.7902737124808652,1.3635211775421472,1.6189340335346998,4.491046120767026,2.4782109455288746,1.6177108539202607,1.8250386081128556,normal
0.17600284353114037,8.511038847523789,3.9702100189894747,1.292720099410897,0.33618089700053166,1.3447533198351793,3.5285144179004386,3.25730387718759,1.768804005944759,5.567708201244742,1.5225030768534749,normal
1.410423214704277,2.38110643772524,0.9669668454363269,1.1680197072364291,2.782432974783255,0.8798910018384356,2.3803936274769684,3.3623250249492074,1.3036864517306401,1.5015155908412723,1.9322414314755747,attack
0.8779050983257529,1.26676573929602,0.46564960859714716,0.7295155415723434,1.65526760255118,2.263716584028224,2.2764070557311356,1.0527954580292251,1.0686585795216839,1.1859398746017458,1.7672995301437187,normal
0.7249116451716047,0.3970030674947962,1.9740435464517752,1.1040070448279513,2.2867678845467285,5.7437922926150335,1.136673694958225,2.4159323121382967,0.23576795970065906,1.3106692907742432,1.8901389949589336,attack
0.18882942142506354,4.173619278622219,0.906342002406584,3.043332548275904,2.556429538799266,4.812199997064189,0.23961519081047125,2.1107649148083913,1.611087970825482,0.16856058548883102,1.510768663805781,attack
1.3819038956861678,0.5762212423958786,1.4346821101830278,1.3314690305339805,1.1427306058623883,2.160485069626376,2.8350496325602474,0.9166141126415597,1.5515181168944758,4.727921070068991,1.5380449409353212,normal
0.891723897321939,0.660260513365897,2.471996519679833,0.954620241837234,0.8038585826527485,2.3584930705339793,0.4981517409984962,2.2619068458937925,0.6914148100690535,0.8103401398321486,0.48421856909511507,normal
0.845940911386088,3.5547241715536293,8.022398624403364,1.4492769456353285,1.255999756524608,2.8524678331973172,2.2895031828922203,3.268383004697653,2.1354903448910596,3.5786734666682296,2.0516234088895584,attack
4.733252095667655,2.7959690356309403,4.452234887514539,1.2593990807630238,1.400323992343473,1.9524029046842948,2.0346328092439596,1.6054313431419127,1.729686643337229,1.3676885071354223,1.9418403233273485,normal
1.1653382947054574,3.4872243834400427,2.6893572134978556,1.9608292813089623,0.39212698030326937,0.33910204467731625,1.7348247007663142,0.757122277665979,2.456459692511879,0.18338176038090576,5.25925897192021,normal
0.5568060968734142,3.284647048044593,1.322433990902204,0.37173653995329164,1.4040296081385104,4.148588318701755,1.305890381074166,3.9093691243426796,1.6450634474221224,2.6501747757765486,1.011428322442219,attack
0.8387524063919687,0.5945744928589881,1.9707735370117807,2.3487379227244567,1.378009501400383,0.9350749748798215,4.653116312908908,1.651574032684099,2.1937756176012635,1.1528397350875361,0.38953045052314916,normal
0.815624810163172,1.5640366819907436,0.4699255897002402,2.46901383415011,1.598858404274737,1.4620099214150981,0.21230158473109825,1.5538726548193265,1.8307700144221581,0.7254224481078468,1.0817133062761373,normal
1.8038898369873946,0.7809877462891944,1.0634814913070487,0.8813775391874829,2.3837067146574706,3.363255139302258,1.838852233345018,1.2656169496056722,2.6540857815165038,0.376458697261994,1.5270747229695631,attack
3.489226783014094,0.953625598844403,2.1848835658600336,2.7843017921991193,1.7875478476649553,0.7949133815582817,1.0678971513985462,2.4088135056775264,2.3721505075330382,1.6968366944234423,0.2685080787406967,normal
0.5184813852192903,1.4905509188431507,0.9192635679940311,0.6276063771782763,0.6351035197290209,6.137624918958673,1.9241309904297703,2.388995783788643,1.3244169482080996,3.0856196907259426,2.240101878764894,attack
1.7995886677369464,1.8277545077990376,0.8473602791469389,0.8035657644105976,1.8960657569646704,2.850664349851096,3.6148537780524537,2.5437089468041214,3.8973776999604723,3.4888719888824067,1.4204678391255117,attack
4.524399804728319,1.631649553168045,1.5504568657900757,2.40028736360196,3.6093184921374655,0.9707915823025165,1.625443304229198,1.410360498864239,0.7310758280490713,0.9683863261597008,0.7615983132316342,attack
2.3182264661843583,1.3598626265866023,1.1947287229437913,2.1346354964150764,2.1748752592500615,3.4906485616564016,0.2539621224305971,3.032001924365253,0.6944687245247799,2.0268597362026823,0.6481684872185148,attack
2.5217214243519797,1.0304636208951456,2.2642686454617706,0.901083095335399,0.34792207622481536,0.9251535706950248,2.176456371929684,1.3348253770437242,2.727543304804139,1.4820878733671963,1.9551845265337764,normal
0.42058933739381604,2.182748254128148,2.9393189199593346,0.2510210163991071,0.5378691424354424,4.990158925388263,1.8983002995462184,1.3552268369688825,1.2221105252502287,0.09863361811151872,2.493858790616166,attack
1.29213975616677,1.6939232481984006,2.9622004065089964,1.47208624102566,3.3470002353358836,0.35764219393242225,2.0880948462955415,1.0576986871395992,2.150123066295161,1.3384110905326285,3.504975949223992,attack
2.6086518466546544,1.0886277551953434,1.017440985992848,2.067858431854088,1.410663013748069,1.8613435969107817,2.3543307462890506,3.0141032850411467,1.2574823398825286,0.7930983006922911,3.5335608725360474,normal
2.958710913587685,2.1764904059612036,2.463546813594841,1.542313428943841,2.409941036027838,3.9367124687855037,0.7090191889603584,0.8665654651755499,2.618028958622993,0.19332008351685354,4.09392541574612,attack
4.644498758493381,0.798815198148705,0.8090368104051098,0.08706033239294232,0.7926443691159021,1.6128442069412394,0.3269073596292794,3.170606480235427,3.016582853061101,1.9201704803140955,1.046532101848828,normal
0.9339224330546081,2.523279941733726,3.6468146041938043,1.040068110137682,3.719882954382745,2.2081233851668522,3.7879457902465306,1.2568786402518983,0.547114680855765,3.7906289580333095,0.9693714187756901,attack
3.2220952192270094,0.19582440851147195,1.6817565088816355,2.2250201810703976,1.9018216530533716,1.92993548084457,1.509325442984921,1.4164492900018424,2.078027746351121,3.5728949948224895,0.9651243405595189,normal
2.603540658318822,0.5634987091044718,2.344474058411861,1.1272550738458573,0.8413006348123525,2.0467066903307702,3.9641088188229996,0.739488385239413,0.6150395004426131,1.6669348199475174,0.8714146612778375,normal
1.7089514577317577,1.2447679954368183,0.6226265383388971,0.9765602937991547,3.249903472968078,1.3614832361183091,1.61612364653666,0.8421720573203353,2.036693393699659,2.683576717018083,1.8095257916960394,attack
1.3132814470278147,3.0129560604441488,1.6587725855531796,3.515532546555302,2.4432432321388324,1.2886090356247957,0.4359898642808084,2.489208242712724,3.52979780784407,0.7175029030405532,1.5418276688420267,attack
2.469698206516676,1.2968606312876434,1.6767160521352935,4.454665215542251,2.0154385197918203,0.8716086166394762,1.6567833444985305,1.6775547615950768,0.7279547094935719,5.59804301971247,0.14664434879491586,normal
0.44186433094007993,0.712130412533911,0.4460010489246238,0.3028665837662744,4.460781629671779,2.5784785418809744,3.1053524140188844,1.2307941476745685,3.6405993088484374,2.490070785250666,1.1889393549886236,attack
2.3060040990352912,0.49733985565226174,2.062769391304918,1.4396947158919586,4.425804228846016,3.266296555837062,0.488474921884154,0.7811384664720478,5.758954782782591,1.2263855248901239,0.47698134474514786,attack
2.6663528010139865,4.0033075831711855,1.394615365428421,2.250067194448974,1.552251271685716,2.6910847833624927,0.8685489305895493,1.9506407467200535,3.2083297609990704,1.191625971838544,3.047906147048761,attack
2.5991920159948974,0.6095180271906275,0.894828988607248,2.826958906202486,0.8861789225706779,0.15287581781370943,1.840381871555401,1.7414324930585665,2.7239008046889426,3.8036195270724624,1.7496816668148416,normal
2.1016804551332964,0.4532200256030108,1.2511483967536228,6.7698460823833875,2.42759178361975,3.9049573908336805,1.242691977525023,1.0967764167029974,1.0722645076398536,3.141993117590367,1.4335027947676466,attack
0.43881138965871147,1.5322150901338014,1.1183043024146524,3.2746619902938154,5.537187327589132,0.4524899242309721,2.4845847468489537,3.5950150637067155,2.8286342017583066,1.107007002368647,1.323761979479968,attack
1.7038097924053206,0.9603822859464478,1.9663778241101146,4.082718383265422,2.4608857261135415,0.3419289471578079,1.5570155770476808,5.1669942096123025,0.8632604740101019,2.823268139943133,0.6129741787566083,normal
2.445261086724803,1.324734318802631,4.433654836535078,4.414974534968365,0.4690890480753606,1.5227803805157023,1.2217854585304844,2.7696101535834847,1.4547892703664511,4.113922248713845,1.37496036947701,normal
1.8841388579827276,1.474910471076327,2.7827655185441724,4.623762898875877,3.1932415336125364,1.2976832339894484,0.604288905465549,0.9566701670941582,3.880266495465203,1.933446834179362,2.077657713525795,attack
3.067218848156419,1.7332467973933197,3.3488027194208114,1.486526868818551,1.249018490586089,0.6755981336425859,0.20035388774218932,1.9656854733891738,2.9311608795376,2.9166435629882,3.9830003455754937,normal
1.6408053611678204,3.9431747499878376,1.7995026305991844,0.6655944701338093,2.404135077863797,0.7053542852960084,1.6394636124128503,3.5137809540739116,0.11464881657541037,1.8689588579499954,0.9810882668874715,normal
3.5269393246089487,4.906342669813734,1.4007162027355589,2.6822390226905486,0.475622688127225,2.1477320056964824,0.7645327679642357,0.852097813170495,1.5536396347478012,0.8617054450374899,2.213379083619627,normal
1.7385001954479367,1.0390822539148683,0.9725884094267672,2.479963870109547,2.901058422007829,1.8658745649606288,2.7431550868679837,0.6895872254516578,0.7872239993212403,1.072821911223322,0.6379850931409463,attack
0.13232922226005295,1.4317075088357532,0.9236686195510632,1.2491296477086862,0.8448723582098893,1.1990006295469386,1.7274240796054807,2.654773923097984,3.7653108175332703,1.3800628148375425,0.9090969951142338,normal
0.33998364462266667,6.068710621217855,2.8593548043892176,1.9233330928190238,0.508994604883104,0.1634727511512454,0.32560819754794673,1.1054263100532067,0.9469062281487245,0.886703581003314,1.0017102693354312,normal
3.183281809015371,0.5049054343014292,0.6620110313995393,0.6841710037056721,1.080480367258384,0.33529203204489905,2.3582531723386553,0.9004424971682011,1.4515887143669368,1.6624581570472772,1.2378984270417195,normal
2.8940295010690065,3.6934690569102435,0.5547661774149728,0.8639261810955007,0.7222995158706473,0.436647823565693,2.583123797984153,2.2095895217981063,0.8877507298375653,0.8582686741462187,1.8837040973579426,normal
1.3065197328601155,1.9109009825643617,1.0116424317888413,1.7727766725401721,2.993361790322347,1.4581953425217185,4.3478939568448025,1.9414123588518404,0.19504903534598686,1.3649745172199033,2.450450556263564,attack
2.1047374427051375,2.4200496502173103,1.729512953579084,4.1990190344348965,2.6455376038398755,1.6268769402851821,1.9461253274755208,5.717409717061906,3.961086235477908,1.3358545153247432,1.9797169255201372,attack
4.172693475877756,0.6597185905682539,1.1276214262599593,3.1302898774756134,0.8324227395764127,1.3246473223211679,1.8979143121605913,2.828789930922026,0.49961483781835203,2.967817797471812,1.7708916335726104,normal
1.8618485859274507,0.35096304449909127,1.545694664155312,0.5736219659283311,4.446869256057077,1.2437649775225479,3.805753711725421,1.827431135613231,3.847705242696981,0.23029200761364338,0.7885257337689693,attack
3.658916810044261,5.0611726909527945,1.384657202958812,1.0283458842506357,0.4652883215381553,0.2996455364857304,0.2714888488272223,1.6488883518783701,1.5720353751937832,0.5702944040418277,0.9029415110378419,normal
1.2654806521173607,0.21436872042504826,1.8974518893122947,2.0795809449657705,2.4665727056011164,2.306780128634517,1.458974128160608,4.414158937341491,1.067725004664115,2.273486688784435,0.5387109492513479,attack
0.55064935397714,2.1479307028567924,0.6989825072754153,2.129615456770948,2.2163112797648075,4.726933854609148,0.5035950298416212,0.42607883992999207,1.715926589387595,3.585348442355833,1.6528144354048822,attack
8.259405066726224,2.0965796491273485,1.9856253674634217,1.2579032418945426,2.3405201189358826,3.5050215889537117,1.8333953977969957,3.2727365926404643,1.8178673535677252,0.46556321441118903,0.3711995858322296,attack
2.6848219623999316,1.8720278978841876,3.4205598468715777,2.7549894984181127,0.3687349239741312,1.1024698836324067,0.7212973230695519,1.5984321654781006,1.4852454292332986,0.329223030832678,1.0142197670417865,normal
1.0178991094081966,2.2273415481640293,1.5401553665495147,0.8914085383734033,0.7715207592997197,0.32079907430559745,2.6781055040471498,2.7296565420940007,3.643569123700859,0.9657278612199857,4.409152091467786,normal
2.7111432115624865,2.959186170789497,1.1925420891817002,1.1262522939050947,2.4770316055249055,3.7314487998020613,4.420848754924868,4.008233645480054,2.1906820382341268,0.5380376776303213,2.8653170539864057,attack
0.7674796235002562,5.446500761507531,3.9111429942876472,1.6456924962268606,1.783845711922397,2.512658357279405,1.740654533917703,2.630676248730335,1.6208501043509598,1.1182779950141613,0.7717694900579686,attack
1.1716520400449133,1.9068957323325735,0.7144727599846759,3.153205155772802,1.9170905455853315,1.35955727876122,0.6853200507601619,3.364371702765878,4.284546464146042,0.1247360616733257,1.8049151103918204,normal
3.7859579113911788,2.532610872035235,0.37456563588378394,1.2936207066352299,0.6134092258410058,0.7050498147218206,1.681726329311393,2.3189945662184854,1.0034459230873296,1.561114422556294,2.315917039360424,normal
0.3863548172215869,0.6970912306137171,0.8116489069580692,1.1903905818020086,1.3149258328142452,1.7149313022323058,1.0069297235261807,2.4400704229638888,1.0796696396299272,0.5418449109114285,0.9078855332558133,normal
0.6104851763408745,0.17016904278400682,5.060261653421171,0.16728369587129474,1.1365284907723272,1.5406620142150094,1.4967799035500655,0.14414808930792056,1.6724278448346008,3.3555929461186826,0.38273473641263256,normal
1.6427481397630381,1.6717750124706874,1.379718634706596,5.549682766752343,1.3490153186042857,0.9371148717776298,0.2784020868275871,3.7040115874551836,0.6012037571512237,1.8423028837666697,3.991360155317497,normal
2.177287531253313,0.3536108204734377,2.5340507747797707,0.8839706612096075,2.390131242990669,5.032338485334466,2.238897064541943,1.4698573608587364,0.7899410827016028,0.5709917373669564,2.2130433341663553,attack
3.8266805539620017,2.0473615576021404,1.6517898510566265,1.6354697250107646,1.4223658624198894,3.532147174226574,2.6604418481012937,4.265118883510081,3.980089769053694,6.149702262329278,3.0229407588674304,attack
2.7089781692132293,1.4894877931765413,1.6944496331946355,3.262815592724617,1.211709809074278,3.6391363638059424,1.4767974027458606,1.7712249320136497,4.788531593369018,2.7570792490458103,1.8163832454176463,attack
5.67035625260752,1.0067816178367617,0.8203934321360231,0.7788518990528686,1.99294853799704,1.7310716803970265,2.2547247139971316,0.29934173057156066,0.33216286710326925,0.8191949708372613,1.9970669101619432,attack
1.1909172144224445,0.5829310101940609,0.7198718108527571,2.8323007402221623,4.270775971033796,1.2735524712310102,0.6014385255662722,2.0739426513227244,5.230582826885086,1.8347368307694556,1.9531504289550154,attack
1.5127089966162293,2.3851415315396416,1.9556851218634823,2.340145817589182,1.8492965593332733,0.6554623355987728,0.9592902458668544,0.4029712749350265,2.6087656357021287,3.104873631585398,2.0835654880009162,normal
1.2292145568698454,1.6949433750400342,2.0452674956599166,2.0151379918372188,2.795132488334834,0.997533522290335,1.8440084659980343,0.8016536071473018,2.609551002565183,0.8700592833733886,5.675437727430665,attack
1.7238415273811922,1.2177035012155055,1.0335871444844804,1.7033754330942001,4.835615247870802,0.6778184347118437,2.64416062621163,0.8296586739664397,0.5838325517434716,2.2636174065464525,1.2516997429202636,attack
1.6131327818185606,2.128325098533523,4.834877830179857,2.581077844168604,1.2492234076302986,2.7972673516867745,0.5060959782696011,1.420663805076097,1.1022189686059374,6.365999348448472,0.8129103049902596,normal
2.5619810572403683,1.0444105012751612,0.768108880998172,0.9040771770305632,1.8218828735034696,1.5577199524789276,1.2409114640076249,3.1925207324064444,1.3479858896020172,3.017510618332658,1.6434118819698686,attack
0.6581699228172896,1.7721105156076238,1.758462295627262,7.239138326113691,3.971092933705681,4.467357880882206,1.554496093606159,1.0319426834555459,1.3685829537121215,1.3056009978621104,3.081859551498236,attack
1.0883358021805258,2.8252520090184774,3.4147118745962564,2.382292139804209,0.546585588510738,2.271552839007082,0.4903915694839889,1.7290392508320318,1.3969213674040863,2.4746802063073927,1.1796503733737804,normal
1.0666027160240077,1.1936388884555178,1.2720590068317066,0.4791420185282245,3.5203625920787616,1.3364697230009661,2.828452629773258,2.2207612911892833,1.386489189927464,1.132021664792596,0.44240911384276993,attack
0.9790314755466686,0.5630347262802662,0.7190478834765046,2.7815155535344505,1.145971675056296,0.8769013375948878,1.180868621778004,0.5577770804152269,0.6304250904281237,3.0336731544866686,4.202558588944704,normal
1.574333732709319,0.28903385206964965,4.0167244355560605,5.39804478197808,1.9937448529700195,0.9301111098070108,2.8264445323715233,1.5098997682476898,2.60946054504873,0.3769666411156336,1.0956747693737363,attack
0.5373720052881624,0.7255998345250095,0.35892757615875626,0.7301697520314746,3.478159340975728,0.8138822367923156,0.3491521091563997,0.8052993647131766,0.38030733914657583,1.6251765991960534,0.833347625026575,attack
1.2902089811653632,0.9367315354682373,1.285476765575949,0.33024478782906247,0.7653954574103982,2.269500207046219,2.4173348300914315,1.3479634370036642,1.4286320178676037,0.24496783128895958,1.9549808232660597,normal
3.450652866766155,0.3833227955850046,2.6848153635648626,0.37060338644811414,1.5976514345373702,0.31912697481494234,0.43309285041739115,0.7122503090951064,0.6109925438175405,3.208510721246445,1.6865984771851033,normal
0.639253297700817,2.280635996602519,2.561775195367479,2.0287819901945223,1.8296744636049427,1.8406113734358887,0.6059582340028183,1.5839655388148157,3.223614430220794,4.626298899401065,1.424825281611735,normal
0.8881401023965907,0.6955468205316832,3.0536129874784286,0.6989016639540533,1.2471324251662061,1.2281346068561718,2.499695508443434,1.9347904265256792,5.372443408025818,1.8940997286168815,3.1261786785608567,normal
1.016741426058254,1.9046680458053467,3.2590671965616145,2.964677675649645,0.45705547285794784,0.6254347731142728,1.9517833472983157,1.2692788587958748,1.5263322021754184,1.2225230954503528,2.80783330616738,normal
1.7454420428954776,1.3511910922296557,6.589530217856959,3.2126898475461076,3.7171011542777794,0.5704349256547423,6.921093845134706,6.3542337712938215,2.768487274643245,1.7054011302785466,0.8457391236646002,attack
2.9796501745069666,5.508567264708945,1.7570625405920168,0.6279011876910789,1.5592841652536291,1.063158541397754,0.719483456336215,0.3457810248020908,5.076215647128343,3.9433154471685024,1.182301198099824,normal
0.14413748663765835,2.2058029442552254,4.185449270652931,5.437197145955781,2.181626339239857,0.8560138116935284,1.953177947931443,1.3979997328963927,1.2413752007661798,3.5828219601994746,2.26693551523344,normal
0.4750954666246484,3.6101992315560905,5.0864570843228085,0.8072075824851584,2.2154289900483284,1.363058284654151,0.31347770181277756,1.9515455441043537,2.872458511520272,1.961539208021322,4.042703883362736,normal
1.8592857879225637,0.3199586525496453,0.9221387697401545,3.3279189862294896,0.07560704961340221,0.9759729737686805,1.907147484787377,3.3553078399132525,4.348452224669865,1.339788630809343,1.6244369640126082,normal
1.0358742983198495,1.7274398892925074,0.5501956342858926,2.3121463607056163,0.10198485288175,2.148039776788383,1.3840675326424805,3.4276312691393995,2.821818700509069,1.195345786657677,2.694327439131307,normal
0.5958339071727974,0.3654812831600168,2.109708182759124,0.33673208504325697,4.622942346170519,0.24047223613960228,3.2301634739716176,1.379185950713584,2.3790703352007108,1.7568350827418164,0.9822579410603332,attack
0.8495591774451463,2.5021130086584176,3.464718956529019,1.9430590169969175,2.3157991806960783,1.8446881869933978,0.4761222500423448,0.5183597645451126,4.341491053114418,1.3838144190887545,3.1469786204359083,attack
1.1351842251396973,0.7583767499645224,1.114708050501052,2.6299555179417062,0.8365199185276267,1.854654567611177,2.3366297173088872,1.616908300508543,1.8226509005696445,1.8578028098997201,0.8196936215819265,normal
1.2821546736081293,0.7729427085054156,1.2293754236738044,2.792997170110995,2.770328350251082,1.878389987126881,1.568708259516058,2.2299497915419857,1.815579507082623,1.2194897195840793,1.5106695663641527,attack
0.6131012078593279,0.5439866737738335,3.941807284140184,2.6151198054609717,1.0187408545379468,1.510228764517458,1.154272380310256,1.4883065193042917,2.651835689224098,0.10409978487239471,2.1478221691649337,normal
0.4768000765497679,8.957544928929853,3.0914296958384098,0.40699290557039475,0.4227275198487244,0.8950491636777999,1.4851497607898843,0.8414458114737211,0.9478771581908493,0.14187677330776896,6.59236472836588,normal
1.4536724156352734,4.786335267655743,0.9396635646599215,6.030876646294207,2.318646018937593,1.5838798611862872,4.25976122771616,0.4297760132010977,1.5228622177198956,1.2741892741755056,3.108015308071794,attack
0.23439689058886984,1.062066913033398,0.14508250580286597,1.1171975178301137,3.7514232960071903,1.118812220526778,0.7478828195898669,2.587461590615139,0.799967553823446,3.418378841720149,4.6525604058384635,attack
1.6643011539713264,2.2647404559394615,3.630460496975486,1.6236915519557575,0.3310654449739061,3.8947401248019076,2.299227154385591,1.2095622253383624,0.47857135965647385,1.1192669645128348,1.988190151463534,normal
2.178079033779647,2.812271126309616,4.071195551699094,2.7052974160304974,1.5958151946017154,0.9477385786365887,0.7120759405480611,2.98572016021346,1.5166466993275858,0.5804671197883366,2.191042917414413,normal
2.105800979691891,6.432844002014041,0.16262530228981584,0.3606916250176925,0.18569283823021995,0.7459838703803633,1.490390248845458,1.2026334401141536,4.359864683239377,1.2412208558548723,0.21672907797335902,normal
5.73876258736624,3.0009003734908255,2.875249630594943,0.4791604711869007,1.7288158019927113,3.807938273693867,3.3159492594547424,0.8112281436016885,1.4956798883558573,3.3266606605343645,1.737662789649063,attack
1.1819909225650735,0.5587892127927762,1.4942197390467196,4.127797751347545,3.7554360777749736,2.0641274173091437,1.886693590083473,2.7569304276680784,1.9377064726181845,1.9356215111359474,0.3500458058765075,attack
0.6078325634727043,2.5167776786268776,1.7900132500299968,1.6170135416838975,1.1669254533049451,4.099653855844613,2.5672890672117967,2.2303086686205305,0.5642031679429493,2.2259004183898217,7.434094220090848,normal
0.26208517009569215,2.9810128406883614,1.619737418781981,1.5909083726564153,3.521768579733979,0.8008126429116557,1.1632468060187342,1.3552671275665729,0.7445227253994646,1.3136627715138496,0.8358004128961344,attack
1.6619949671794159,3.04705935736285,0.7157539423427451,1.8265772245527476,1.5464751914346684,1.4977139406323945,0.6721305645829583,3.5559814468244295,3.555371667065672,1.4678544753418608,2.845793822209108,normal
0.9438830405562356,3.0814653961256995,0.7010689268091623,0.6006174222966948,1.7229937953930485,5.1751319418046595,0.5565710915001222,0.28228941145347025,3.0438104501437753,1.7962204088894418,1.948023807768187,attack
1.1993402644753797,2.4005745084621384,2.8530519130760124,0.4329172672402132,0.3461825678769308,0.6234664533828974,0.910537247743875,1.3712143073217187,1.7587649467207997,2.5635740472374056,0.9049250500220509,normal
2.944366592693032,1.787985756047178,2.020706284772419,0.4320078214878533,0.7427153571766053,1.137895515480635,9.153346344192277,2.898080066548311,1.438750593262579,0.9731091412034009,5.353010857225631,normal
1.8676204267407401,0.762422820978038,0.6016385090053747,2.2849883849555064,1.4283135250806531,3.3734764819308123,0.5427166550387873,2.9708935699666497,3.1587671612330888,3.896121172602014,0.849919786237388,attack
2.9782716964875595,1.1706129869397683,0.6799268999044114,1.458196190299969,0.18213720799688968,2.0160705674374944,1.503017811048478,0.3923528503719147,2.0546945333474023,2.8577875454602464,1.3675587918985284,normal
1.0647073781192657,2.3417004360714526,4.250636992944946,1.310515205502504,5.740067694655664,3.5367417317265493,1.1092217061252572,0.7834584873717166,2.4061122863259006,0.5568803567923151,0.5564837165738854,attack
1.1643019660602607,1.1008279041408724,5.007799762300411,3.1116914208093633,3.2006518049410944,2.342144402198957,1.1616286748369733,1.3478720329318983,2.191546645411883,0.6701771190542064,0.6656500964810143,attack
2.889645950688036,2.5292365970485715,0.6198615958660839,0.6015616456198388,0.6343457693820148,2.8432297541051543,3.4393234471840626,0.6879112599211797,1.8342982862640356,0.6600109670817164,3.98960150134046,normal
0.31071661021804375,2.0119373199659614,1.1510514832113323,0.681934440790806,0.4198343900994566,0.5551939127306315,1.338446322193797,0.9106912316547354,1.7785057765570353,5.179838020808776,3.0319469418978384,normal
2.872867655073267,2.8087076144334704,2.277075836259312,3.407967567453921,1.028072128478455,2.2782276077005537,0.2847516339357601,2.8363697599382616,1.7390156397502308,1.5309374317462883,0.624441692427141,normal
0.4668799428819413,1.0975585708767142,1.7353411486499593,3.0755345584976856,3.412617984308446,3.14233527610455,2.393221813397069,0.44816733580489887,1.535935353279368,4.290102155169542,5.1890285601303425,attack
0.43561858281286087,1.1499460036551115,4.470104791607995,3.471955946597581,1.6533750767442779,2.043618984871977,2.3047473984187534,3.5539054580483485,3.4865299650393076,1.2592679933487312,4.278524204651481,normal
4.625601135615475,1.4104353439942767,4.456144174680503,1.3940681880977654,2.7684399631181424,4.91374480412123,3.8506564602412108,0.9139674063530114,2.2748210774911555,2.5600341426128983,2.005500463300248,attack
0.9914704394344506,0.9375078041638512,1.460185840758485,0.4594506368742533,2.5049634197718573,5.485531795501687,1.6096212065108375,0.9403683007263571,0.5680911944641567,3.6566336487054105,2.2914122866781956,attack
2.0008801751191254,2.3095587487099283,2.3413639639407684,2.519185472378803,2.1856854257954965,2.819296446157734,2.39892011548334,0.26963360055948,0.8743255491275658,0.8718901804085935,0.9473520396991469,attack
0.6301613658801152,2.1297556420785866,2.901753696720537,0.35931662104744294,0.708174492397003,0.4329011007703551,0.20553732703804156,1.7469698109959864,0.2590413098656721,1.6797598428514757,2.007462364736148,normal
1.6179392768736611,1.6396874123747138,1.463498591469492,3.075700755625947,4.657536777358996,2.1250949046696355,0.9035015164717322,0.698993985585169,0.24233102978298682,4.030591715460309,1.3275662618223234,attack
1.4041245345039088,1.7155552550203483,1.100044424723918,1.9703100676726113,2.0523327332591887,2.266053546917792,0.4308602921372051,0.14984212951911322,2.985529391309984,1.367801502327471,0.8044135116240199,attack
3.2430939393981646,0.8340878519146255,0.7577073565284755,1.030533411665083,0.8904638023315585,0.9101060577059663,2.7679932655394874,4.224163443932371,0.6523936872799084,1.6623555952669686,0.9259732573998111,normal
3.4649762446383976,2.1156457340267067,1.6942722581850898,2.67492316131252,3.219848828503221,2.6259995009582933,2.5591476120961003,4.585068386343393,2.2286785314969206,0.7811330945179257,1.841169470843392,attack
1.1496891317304054,4.379739565000562,1.2340500401859336,1.2687187046278487,1.4471650277293564,1.9929586329201825,0.9682359131943485,0.9695245078973497,0.7707482125251222,4.079322845701962,2.4580510950891665,normal
1.3659036181183353,1.0836960115848182,0.7377006863975016,1.2153766399301469,1.3772835288052891,3.5141482764745153,0.7023353554180066,1.933745140244395,2.3896203554475464,0.8838670617539834,0.33427829403002307,attack
1.882140784129772,0.7280633559097378,2.085746811057405,1.9032654582609487,3.015962940391945,3.18995961431702,0.395363146366429,2.397214844457332,2.06915958118434,2.0184652011549984,3.2376043007091146,attack
0.7643766191881236,3.200947748886668,2.3878663344387134,0.33369643261330245,1.04115825779984,1.6497336541576078,0.37904476578222834,2.3452110120612426,3.2225929201919303,2.8286099108637837,2.624365555442636,normal
1.1290602752023475,2.3353145304657903,4.4627871106664765,0.5688309289211912,0.4964958567742672,0.7468945792195324,1.5666530935686722,0.7018361686920929,2.6885084751821426,1.6853576222585158,1.6439484337472108,normal
3.2312933179775856,0.411829961898914,2.03578508084471,2.1139708686202408,3.9722311689844503,6.105012023285937,0.5375196874750731,1.0836946256293647,0.24406940344097197,0.6701087203987808,4.165533966146806,attack
2.7974581337042292,1.3480414912495784,1.5368450251564614,0.5273379839787117,0.5987059289997975,1.6033254504979357,0.9995660449697497,2.7038094870981637,3.0866989626558414,1.0772158634012126,2.116341026675433,normal
1.5381513991157107,1.4974654864456043,4.057614857569208,0.44606019225266813,3.9726398416472817,2.8744991766743437,2.0374312438242614,2.654275251755162,1.460171903887272,1.0390007640689647,0.754500253944017,attack
2.933705768931911,1.8945542438297447,4.919955468628565,2.7514963181365433,2.0368119027051206,0.9994613795623791,1.1461151312715072,0.9273043653894749,2.2578159175160346,1.425046322652854,1.0307261389480489,normal
5.193356617997233,3.464719727920988,1.640797422757889,1.7539618393603227,2.846763701447819,1.4599559278781704,0.5424055478039217,0.9573870168491032,1.775983221651064,1.760564263057302,0.3524435747527967,attack
2.8247586266216027,0.37709135287952644,0.6851454896084844,2.9939948153820835,1.384296018239142,3.684576124097842,3.2630187603974012,0.5348962794696743,1.2089190941694354,1.008015332241791,1.0988845960841906,attack
0.9740303351430262,0.6575199379077594,3.4522681465796135,0.7157311957599324,1.3413098140249649,0.6728128229975265,1.8288790521581026,1.3018182677238144,1.0494379294655718,3.4339021220991404,1.4512237239303258,normal
1.5575583780987021,0.34996779354230506,1.7568921955422911,2.719834401280556,0.8311970340850606,1.298544780416699,3.908476327095752,1.0329788650043012,2.4332445904855655,1.3657227278963837,3.4796084565697245,normal
2.003922422101145,0.9145112743823968,0.5080623134530132,4.471659404869318,2.2647091684125655,1.9680375556314815,1.1584012478477534,0.4178214068304128,2.0801796377197967,2.013443467841041,2.4181543799359826,attack
3.70007635294179,1.8793819741433897,0.3671953566529362,2.5423027129822633,4.574249266291543,1.5113730958939828,1.4544807253019543,1.3517631405185093,1.691933606801903,2.072540414315097,2.400385527453856,attack
1.0177326954149086,1.0698256181651082,0.08349742572817362,0.36616898173518014,1.244836749203961,2.0984143219580256,1.1804635523197842,2.6997001356248895,0.9547169643110797,1.0013807615441903,3.2789770219870147,normal
2.0489139756878467,2.9801652647866774,2.1187613854951146,1.7550173428421254,2.0745864323064054,0.6106303164988789,0.21381686186056986,0.5559325366106675,0.35710575816581075,2.0163786543971924,3.3236422572626907,normal
0.5929451215583019,1.9281812291650289,4.158652059409642,2.8670593074883524,2.172484413097003,1.638027023710682,2.0499740803574458,1.8086569066844815,1.4489135247485672,0.6947668022628305,0.9941912862636931,attack
1.9472474527405692,3.142805401217014,0.6116550160082994,5.500483076609745,0.3309301345875622,0.7872110865347803,2.0061113627866773,2.5428827574382056,1.0068961398035725,1.6740468703485316,1.4471785492471188,normal
1.258855531764659,0.7767084489220254,1.972667791445845,2.0475831071941326,1.631392324379909,2.7037403849273365,1.969098689375392,0.8951420416924211,4.1903412989631,2.3318625401145803,1.2913240132519925,normal
1.1465316470284486,1.131461366864038,0.6551852899154822,0.9697092581684762,1.8090331376049973,2.385417613426669,3.8562325650985394,1.3095257363616422,1.9313994921135733,1.9014914257056652,0.9609092968701518,normal
2.2333155294310427,0.4978855620604749,1.5133958337693254,1.2995298657662084,1.0175896447244557,2.046479522091664,3.869078329247222,2.9365375874029316,1.87043871725509,2.7867630156326966,4.639198320790777,normal
0.906704017725406,1.5046869599918917,2.196483843486693,2.318596543396407,1.3158634126842628,1.8949400037617057,1.3705605147976692,1.578592675950041,0.36534866721570575,3.8655579640271864,0.29299275811958553,normal
1.0828173979514153,2.3863433169205783,3.176623775836051,1.3553359905046904,2.5835488327283036,1.5256476848644738,2.0206637295536707,1.126368918452566,2.413173588789655,0.5915331680944247,5.382295734067865,attack
0.9745704824585246,0.6533015784878115,1.6028728362869642,1.252240566809034,3.8270723306888907,4.8078101107659945,1.0018135562748978,2.1909400096863525,2.031145882110454,2.1412284213290698,0.7806294044998362,attack
0.7613446241864821,1.722047500579477,2.070753853028584,0.5341099679889515,1.090708536873148,1.46303934783911,3.278400760749537,2.72859834009946,3.7665985660776,1.5974908887882202,1.1882197807779997,normal
3.6143599471668795,1.5575620409031585,2.402404421288617,0.2736441189885388,1.5096976341009931,1.5735535977234403,1.5429786188540715,1.7015306629644098,3.542895137818933,1.1120035490641018,2.70929850152476,normal
0.470411939885699,0.5249585640641895,0.799645473368525,0.96112570489054,2.690617244461076,1.7219166756358806,0.3749944943794983,1.8466162176820764,1.842632367724972,0.05591160383083677,3.7648321304756522,attack
0.8689514764335179,2.680083332624413,2.295081505168976,0.6352980939506018,3.314344437270436,2.0608521857010813,3.2977120418622023,4.402553789993264,0.7757121104465043,1.9565017579783315,0.47580145564660015,attack
3.277661858914321,0.3614137993259029,0.5902249224184927,1.054380201618305,1.5623597703781749,2.761601540582097,0.40015663828159687,1.9352555113125425,1.0104631541481586,1.5202834483802992,3.681867178526944,normal
1.701194118111497,2.2780014630438274,0.2630007054062416,0.867756744394553,1.5711382670518523,0.492796073861326,0.34049445048618016,0.8874100219263081,1.5687555310914483,2.6497586123800794,2.6592607623564986,normal
1.424154718010366,1.718214517686062,0.43384166257644374,5.0701328153662875,3.978781090148129,2.030497085707097,1.2640160483866245,3.205040167638836,5.133279474861882,2.228893113509755,2.6818835516267465,attack
1.0393473475811292,0.5229491433112148,1.4602648177248996,2.423459547069762,0.4213660942446362,4.855046556494712,2.301163869363498,2.669083658228086,0.25933662112404654,1.0999511238431952,1.7254885085993263,normal
0.6201729694629446,6.192421792177745,3.804757521484645,1.7928639196227725,2.9177869786504664,1.2683311425795287,3.382552715366698,1.4698659244945673,4.652587873116461,0.9819879371316947,0.5007039794044406,attack
1.5889173202914286,0.9080798934240307,2.241880160477812,0.774093526513933,6.205845749478888,0.4804099682657756,2.3158010333849517,1.2478548122189326,4.209650451022776,1.3083274252294559,1.2985896430131298,attack
1.2133149893343924,2.3703879353783974,1.1962541824623272,1.0600693527290184,0.4667802827249291,0.8254990053756469,2.8557971703946445,0.9182823333987924,1.8583192846709022,0.28788061662191217,2.7640150324294974,normal
7.096599612885228,0.6006867246868323,0.7471460620537038,1.3389863052494295,0.3483392916307341,0.6571005089896568,2.6504550870899997,1.6248308574573262,1.6306719718683291,0.28716097128429147,0.47124369231323765,normal
1.11351269494203,3.7896232434560884,1.0693691909034626,1.9042081165383182,0.9149038010570804,1.6138667665324298,5.0314490851685,2.136385867199857,1.32061176878545,2.5334979144757472,2.4821513694874957,normal
2.3027702670452515,1.088331725407943,0.3962681288504984,1.4551832942847862,0.6704158017202937,0.5961381894341361,1.8771565143005802,1.574608781492124,2.5300033634709846,2.277037774391501,2.4859616885833233,normal
6.459646248400167,1.0971992683328264,2.1845703111070454,1.8419270999323327,0.27098083897843905,1.4321687134796603,0.6071164242010472,2.843452118321899,1.0379906100336123,0.8217727121867817,3.6822294761794634,normal
2.006346224734005,2.34207594190473,1.8895112191283403,0.6580158719072703,0.4557119292551445,2.3298643314994223,3.4305548741462033,1.306260850028969,3.5024124939806587,1.3214019758275484,1.1331227362298222,normal
1.7755425555217423,0.7757668521856432,2.6333891899856683,3.635707101055212,0.6669595226664531,1.0820518022890957,3.627749019060837,0.9013418265282762,0.8690411610834835,4.548047414124884,5.179869270958078,normal
1.9156147391839606,1.8011900293780174,5.290424392426559,3.762814275306524,5.405175755016764,1.0171220639919596,1.2402133988202253,0.24408893025761685,0.2990083342549998,0.3499990711151651,1.268035773401571,attack
0.7790056910900017,1.88620878397193,0.9602242653821762,4.199629849362497,0.7230075575112328,0.2179719763483432,0.45243208521900014,3.8232248968086346,0.7296741058390109,2.7628250160858343,1.8536439955490678,normal
3.4450102707450356,4.519141453706624,1.9773691326590048,2.017576762063858,0.12241977050459085,1.7368516343515976,1.0991473674142975,2.5188323630029896,2.769862184668978,0.5100892600293125,1.4397118244953286,normal
4.01559247113361,2.778243356286631,2.16388099503614,2.3977822052660565,0.09659444654656782,1.647696580760417,0.9300029760382316,4.500639315280938,6.440621307560523,0.944339324639996,4.918491700960953,normal
2.646464763403783,0.1022566332055515,4.080116183337927,3.4131094990452358,1.6543659862498177,2.6476852313023866,2.8748156426336764,4.482073903062846,4.544538569018041,1.1773184761845803,0.8484001216263067,normal
0.9283713863719011,0.8281500839875613,1.2217177718247523,1.2627740513937677,0.7661694749469468,1.4470043186333232,4.056234565247501,1.7295297763215998,0.510588242632576,0.9784556840128946,5.325628694959916,normal
3.910162005096369,0.77192328843999,4.513776747263342,2.9383953941212786,5.00889969231383,0.3322371563251821,1.0218331193949444,3.076546396714561,2.3246950501686,4.706613008199866,3.4728853812286484,attack
0.2967799365110028,2.58770074302812,3.6374412216170215,0.6458043053116723,1.898641795488022,0.7342288623722498,2.233375682299081,1.4223372632838085,1.712553436242047,3.63987371683533,1.158124527776054,normal
1.300823094022333,1.3779963175114407,2.0649371825306346,1.1805432649546057,0.8626661951606653,3.120910930223363,1.294340474259967,1.5639380585643041,2.729295501837658,1.0602741578193773,0.492345612919384,normal
4.424475043246994,2.3015599526165134,1.6989871633201945,1.8271105042622626,5.057746002154675,2.7584108368971165,0.08355929090940474,1.6738258636599301,1.8328611051463581,1.7065725457022094,0.2392678649696079,attack
0.6099809885292323,0.32242772979126766,5.60458973702856,1.7295043240615136,1.9555315765544372,1.4624267001939373,0.7675070428052797,0.8614779366095388,5.623272111233669,1.4949348058459508,1.0407435789298878,normal
3.5016749202693576,1.308951985269762,0.5083926427734041,0.7509937474642642,3.478956863363804,1.0994992560414043,2.091266922736885,1.4886141489732239,2.8914416394262847,1.3233519771998337,0.8726052076156109,attack
0.7338468517476009,3.092369878053332,1.0431989653414961,2.0027513306907414,3.87559238258806,1.7102909295258428,2.2659423058886947,1.0627766075284357,1.3190789685573,3.9437567701983633,2.864801824502446,attack
1.4462123578649926,1.7269653189130507,1.3928046516389416,2.628836750576009,1.0130063337082011,2.6255828516488378,4.926813281317358,1.869214056778579,0.549208939539891,1.5327997756552376,4.651048754851627,normal
1.719313096661898,0.676821490006176,1.4787087556263947,4.155207857425331,1.0173214037111014,4.207970849823729,1.389895787871862,7.229819792260581,1.1045936848382052,0.8149523602515539,0.11310532312862574,attack
1.5764581040023515,1.362849030216232,4.625729592649343,3.1490870040864505,4.074898777981544,3.4709645876065895,1.6236257573218364,15.012547642144032,1.5154338332287494,2.261434905977836,5.642909251407314,attack
3.2222537540341527,1.8703905281969457,2.5541786052743705,1.0059250959721497,1.2470493476306839,2.2560904988482315,0.6809726982565639,0.9362157410612778,0.26489136336061536,1.6773308163398137,1.8642514868048958,normal
3.5754689308430163,0.8049794563810834,1.2556201993753588,2.951821624549958,3.340003079722853,3.2288322325864955,0.8672388181501649,0.3357365222226197,1.8334818044141843,1.6300015054574364,1.9323434710078613,attack
2.1883807613521253,2.4637552576922492,2.482450493897456,1.279854562664685,1.4497221684347315,1.1148782550850225,3.015116594462991,0.6709595778797257,5.383137662763654,1.663086966091489,1.6487199895348317,normal
1.422633086238884,3.0865193393691333,1.782669739328368,1.1675068399596387,2.9804746496702235,0.9990459620169506,3.134756949771334,0.440937391141704,4.1016960081482265,0.9619876481922456,0.5786997801815696,attack
1.3504111634819702,1.2034009897955504,2.2019621793063426,0.5489310576678118,2.153287774246135,1.33850573926493,1.7762539546922833,0.6673038531261885,1.6905881465067696,0.9773443503813732,0.371824601846678,normal
2.6226115280944606,0.8337701458879758,2.159840653236937,0.8445327791072609,1.6527685645691665,6.701782006113319,3.493946281668951,5.008834674125819,3.6305932216523837,1.6168722402360531,3.087441405895729,attack
1.459604657923812,0.543732804771186,1.9910543577740822,0.4034750514851914,1.41867264860783,3.8465402245264624,3.351776204545487,1.433908097175016,4.993068636777599,2.3813164225660706,2.7286030252559828,attack
1.201658014776333,3.0261613451261695,1.5112280672693292,0.7391512653092079,2.396274867331851,1.700490920633051,1.6119201473658082,2.5491235326628217,0.4154217250011306,1.0295790717808715,2.185407126658415,attack
0.6772421521847396,0.8918446788615683,3.0196511253891956,0.5510817212720203,3.4859504928747342,2.589015334991047,2.7740024452520147,0.6190446787465995,3.58013779870477,1.9433315336659394,5.0589750174435695,attack
2.6323616794315745,1.5953587196829169,0.4501671559579266,2.2522946897603258,3.2708951258586834,2.987708639091208,0.7125447715607289,4.913992940098452,1.0604484518737378,3.444304695547411,0.8161325089669718,attack
0.8089745955840655,0.8523009431536438,0.8663863841074697,0.529071880680295,0.7021908347921947,0.16970625843497997,0.28073532309811555,5.721619494720529,2.121049419467401,1.6494450064277169,2.0978380935632686,normal
1.1739159108653856,1.5710446469290074,1.2668391559948515,2.4178230884707403,3.1638423855868383,0.9120107503323587,0.6831672924651756,1.0764011934989692,0.940269532561507,2.4488279419042107,1.6724463874029971,attack
0.757633340450311,0.26902709069657527,2.757953914210998,0.9155459347844099,1.2413151886702218,2.228901050142895,2.2645693670255103,3.057011987416765,3.655899874857693,0.8527339687878427,2.76378245698011,normal
3.314444732614023,3.2237496512517256,1.9061982652970932,3.766269560302919,6.525049225046138,1.6105925050731718,0.9018865505716944,1.9840049519825957,1.1739720321707545,1.0595029355331307,5.143644424051711,attack
1.3048812342490206,1.2669158617767429,1.0731452810244158,2.178264448060466,2.591611077532902,4.136007339544822,0.674861617817442,4.053117039971128,0.8062048718128827,0.6577499423395663,1.4676467666735402,attack
0.7269538180279116,2.1871762302844897,1.0432710896758015,3.082448150055678,2.444364069426574,2.613605816177723,2.0477139159684348,1.9830183213477575,0.9730499884925439,1.0782670206174003,1.1155844418952647,attack
2.9232457499505076,2.1686691240053775,1.1085034572346975,1.7010255595628063,3.970493459960105,0.02008407942245467,1.5442173521968936,1.742638161513657,1.0460598665344485,0.4519317518500372,0.9822689818527336,attack
0.8369900185167441,1.7790107824321404,0.8908058047634569,1.7038776567078238,4.637444458744589,0.6838191795466537,3.277156374191586,1.4418157963086053,0.17170035764482217,3.1122818765972515,3.0628385813306167,attack
0.6736803527538355,2.199213723481672,1.3993501666055084,1.904357123073818,0.9576157113694449,0.7383989943159606,0.6022681065196893,3.7026866466061987,0.686970239356504,2.176270812631906,0.7034719321552114,normal
6.590845417083534,0.6853423320059596,0.6675409867275908,4.090086740141145,1.3099693025415298,0.5368272966001004,1.5204342525486312,0.790339891426924,7.354584799704118,0.296700612776411,2.5416574986577745,normal
4.189064090341999,2.774106709795218,0.9229256043646027,3.3824117789306536,1.8077144209240257,2.462457030382732,2.8461932648908865,0.6504648621805105,2.355150791532908,2.715693993771335,1.5431046287761105,attack
0.9135009160175186,1.458330755903421,5.056305848204586,2.174795424069072,1.6555863556744852,0.6726405239923965,3.3386581446723906,2.3368548123731965,1.1523859950864648,0.9913283479709605,0.5788395464463725,normal
2.4090664114367764,0.27428092392042025,2.4747359643140605,0.29854003186642003,1.3682825624092636,3.4119183943113702,0.21731153430557107,3.9613643950528354,0.9711246748930358,1.4441524544425925,0.9731688149264031,attack
1.0706512991407522,0.7441395676926371,3.193851958137538,2.6393053805265505,0.6790203287356744,2.197533008634642,1.8657545843591725,1.1982640159205693,2.2982663077582375,1.4071783298068132,2.919030181364843,normal
0.7711497055687578,2.7162071713211,0.2708244207359782,1.7543384896844754,1.589104533806006,0.8031802607909065,2.3467453779901533,2.4980291694099983,0.9583852725756461,1.1971395454082367,2.0503719588946803,normal
0.3508637201673414,0.9992940224810203,1.061949201656113,1.2700534682520674,2.796703191543093,2.6739449992337434,0.7441329729027023,1.6965533441437441,1.977744663390764,2.2529621683031262,0.5487793531800951,attack
0.15743161091360072,5.535972213866519,0.8652572604492469,1.497575368877342,2.0167939083945727,1.4560114441911143,1.539312080244837,1.949954203673073,0.8106586309598571,0.8245451093646997,0.8666417604936502,normal
2.1456867835799796,2.5237301119678843,0.736260471188104,0.806255790212105,2.3365575911156404,2.80297683360996,3.051833761544476,0.8964296173672365,2.1839281861985063,4.623382023180894,1.0705554265691943,attack
2.644808546742848,1.756373370900519,6.153647147822217,0.17297569232489815,1.9405266100221967,3.883889049880623,0.6912646993949149,2.6978943161966797,1.1078218543116534,0.2963592762482719,1.0790764900522374,attack
0.7412035726042349,3.278315958064152,6.219717156892045,1.1514180340321478,1.086806454058676,0.21446331730152068,3.076004223141983,4.32395081037188,2.368254100043049,1.04860131607283,2.008181883807741,normal
3.0019467587228705,1.452522783031948,2.5270251432324367,1.2001466050871128,0.48354729769883054,2.8997271679371655,1.8202185509202544,2.0216311832603417,3.1934086715903516,0.764700357882847,1.0904173409341509,normal
4.27199629098134,1.9519144370430497,2.9979651601534414,1.6712518079394745,2.4840110999557243,2.5568836406573703,0.9590910388522594,6.529643977723082,2.0043600308701834,0.36928470521794043,0.46075251499056996,attack
1.1393312277653698,0.27722269611590195,3.8674841854575854,0.9780257355951548,0.5919580044009937,2.0998169302725507,2.510190065852863,1.2079849119468309,2.535921918765465,2.968263155331488,1.1805930511833183,normal
0.5297957414431005,1.0674217847109744,1.3771979274067134,1.6918248284844282,3.0199602813244146,1.4166175193973494,0.8455704733732249,1.0412502048782235,1.9046639390219489,2.038491525085849,4.819596286423007,attack
1.3628603498442435,0.8507497424491767,0.1898937517032071,0.3068397376205218,2.322319839000151,0.9982208808448908,3.6019227745280378,0.2524017172792378,1.1179574579107614,2.9231716735536253,3.92264543180037,normal
2.463523856649423,3.1436776946066547,0.8146176203660961,1.2852263246513675,4.088944092082566,0.7556123814883225,1.6472258917255609,2.6390122501994107,3.738107957535754,1.5001412078266,1.239243395794846,attack
2.1897648499911853,5.03595219335542,2.1738349326330124,2.245899558644346,1.4962264886793935,0.8028430030879201,1.2623182544294969,1.4755082837955888,1.2473571823817664,1.608637002785509,2.3098689342806917,normal
1.00867303963422,3.0432170499753126,2.191525983713259,1.7285116754177965,1.400219112393166,0.7588613943619069,2.333430975627541,6.579610207968743,3.8283727150816658,2.556992483530929,4.157117478671291,normal
1.0779281420032634,0.9042090948592548,1.610438359188471,1.6883465553995762,3.5709829135363567,2.9854514034428896,0.23820265731036902,3.037476153240521,1.41705927718257,2.0957893171239985,1.5418331879923566,attack
0.9947337959209651,2.080944720436335,0.9368682398873811,1.4398095766748944,0.8113031949067351,0.5988664996109848,6.3553824584450105,1.1271335231426474,1.4411024083575823,3.7861434618076304,1.8184924884599656,normal
0.7809775680050888,0.7879747819066203,0.7345234870176497,5.005552558771089,0.20331626417619594,0.6532547107683433,1.154407088763234,1.149472863709537,1.0544249808297912,2.363125094414442,1.9590714161289966,normal
0.8970154817305961,1.0968867759306036,7.605096782557578,2.0180584547028833,0.061791379450760284,0.7855583297056554,1.0594691506301983,6.250658591778135,1.1187098297765352,1.186926479210709,0.3173544789085046,normal
1.6723809704394674,2.800958255118219,1.5849150490895625,1.110736441847864,1.3850053162916223,2.711756936748255,1.2873243969751595,1.3078710246050333,2.1910803085169994,0.9560915289390153,0.7285384097584304,normal
0.3347774847571269,1.44926061395922,0.9330411246698345,3.040408283707419,1.307516511380937,2.789080548207162,2.430163613788811,0.29278340545293685,0.5575327548476573,5.288372003724922,0.9688909987038765,normal
2.0699579751795767,1.4351475170906756,0.3029101000739218,0.7844163291840116,0.6535746973942459,2.6334862554300638,0.7800007084325051,2.2317763712743077,0.48005728928884717,0.10686489354842624,1.7012850305960214,normal
2.140101963749354,1.1518864394378168,1.6422837206521257,0.39526652055008193,1.223033707977622,3.041823931184157,5.410274285693241,1.484863172705661,1.9974118885203695,3.1089715335344246,1.7451526287114094,normal
2.093345584861947,4.3010282101296795,2.021840158904193,1.1834629175739229,4.247264590139967,1.881464779678431,0.5285060542322354,1.296181497111246,5.844552352985,3.2758470446654937,0.9892632132020968,attack
3.571172251407001,1.2846176095426858,0.8035364233571864,3.0891857495572186,0.5515686177778816,0.819396354906783,1.7202921883000708,1.9496038326296672,2.7623080188171745,0.6690605547844309,1.7444424731196528,normal
0.15860853059037675,0.2037021547066241,0.8547488746153145,2.7601855833669946,2.292803255019046,1.2801072860596783,0.27667702326367843,1.932978368748338,8.68844093255184,1.5463856795292412,0.5539411057134779,attack
1.455104125292722,0.3366650150147393,0.9806595023745378,2.6066773537022563,4.042067066641565,1.209473502599937,0.4602566530970721,2.72696068127914,1.859871897528924,1.432753027626249,1.6596081182868088,attack
1.2535767634741277,1.54356576761726,1.771441506137073,1.9119510466256873,1.633931718270616,0.7343250482359401,5.205315634876125,1.486697501032705,0.2562635531504559,1.306338772250085,1.369810359653529,normal
0.813830790826403,0.5975379059778657,1.7669806142850395,1.7493817543340495,0.530043800111488,1.7839931361476695,2.129389506581503,0.47753985107136576,1.2653031586799166,5.1617069467516545,2.4781272766877827,normal
2.4847612638351295,2.511283125263746,3.474901631500122,0.8378587521116223,0.30577714649396265,1.23915837281395,1.0172552727434536,1.1104245327238822,2.6248307033652307,0.8599089310773933,5.331579417030309,normal
0.2171715432468838,3.7096780207247493,0.3738007046313658,2.5477203789107348,2.4451896488349774,1.2724645445948066,2.7480294474110525,0.7777604085424192,0.6576913351852876,2.5874586729198032,1.0269701643517266,normal
4.9189176505720535,2.5849174833796864,2.0287555874115237,1.0994290372101219,0.5408953468549342,3.258407528894509,3.232511497416078,0.8564848450335227,0.46285826954674786,1.671505131429874,1.590772337755844,normal
2.889590270727136,1.2682292931485093,4.513751559125513,2.2748127625487538,5.022441654524154,0.44232619464270967,1.8023165339549116,4.251437668489601,0.49647505532615815,3.0724087151622177,0.2945576326854684,attack
0.5384298141661313,0.47209348733669537,0.5800768130598394,2.775712791593899,1.2490999655194224,1.4987398147337452,0.7768272181319166,1.6077776259038699,4.131146974494247,0.5063207520855862,11.920448088131195,normal
1.3560135720922997,0.7241219096264837,0.46684483904411433,2.097773995750631,1.8862040654327694,0.5651629451347674,3.620626694927985,2.361042869025154,3.4929841060475693,3.87098639888682,0.45811718269015655,normal
3.8458999505472065,2.62905993093512,2.325977798379929,1.3104789324285127,3.6920566068365996,4.095498105079867,2.1971027061723287,2.3333142954418213,6.276385462647856,0.06543051530430459,4.415441720137617,attack
1.6726719968092363,4.682703725506396,0.7513726814119251,2.1524572178642707,2.1182827979365255,2.499706320890619,1.365324691720431,1.062562385658574,2.4951001016169103,2.7235786893748224,1.5369954290420955,attack
2.404410311025437,5.247606033228466,1.7701168582040647,0.18195053684631407,2.22204956327503,0.5406428156801628,2.0513548782648923,3.232967642635029,1.4813874682017325,2.9689001049971675,3.032216305059869,normal
3.8970121164429283,5.811027678682474,4.701382657719945,0.11902428996104983,1.0295286976497633,0.729296704455797,2.648919409307995,1.4950671843405268,0.8321568841564276,1.0526997638202065,1.1755052611639858,normal
2.9582868611636544,0.33763888124766817,0.836079948874473,0.07902890511011267,2.9274442288040574,3.648678558463877,2.376614145775209,2.653884789137974,1.957420889911327,2.351765178653802,0.22944521716345975,attack
2.2861889951190055,0.7708422908820166,2.6718774561835534,1.3916372393903562,4.334842690519379,2.0277542299877385,0.7067595043185935,0.4955730604037495,0.7846835995550088,1.6222918694270207,4.125817498349526,attack
1.1406248064068323,2.2201647361602976,0.4571698438212634,2.616358279209256,1.449770013498267,2.1967848807115287,4.595870026043834,1.7916944495942604,0.521480815371184,1.9013459044698593,1.8490195062684143,normal
2.9717949539570245,1.772607747144113,4.457839759559474,3.070212544693438,1.8056337531589262,1.639281868406985,0.6324549623260399,1.2408470033104988,0.34962524291975944,1.479084062485986,0.2677586482596171,normal
1.8397617264556585,0.5787799771176293,2.2491026725425614,1.7253449883277727,1.0575821869931128,0.43305549531946425,1.612498109415994,1.5145007448196277,5.606054459718534,1.1875350942646854,2.827164338776593,normal
0.8979652209640534,0.6799686290621701,2.4016225573037575,1.128284800354949,1.5781242070206898,0.11695486220234487,0.9369233319155398,1.0490954925469587,0.61109310776434,1.2302478927911344,0.3052302759179867,normal
1.8398326298513632,1.233999775450359,1.1631810296479936,2.4177695034599314,0.6358791916087088,4.578324733558236,0.6175939553341824,3.116268574555743,4.106055048498759,0.21050191923094477,0.8441311926321764,attack
0.45153626794181745,2.3589297608165563,0.9513861416264743,0.6551459349123316,1.378689405668456,1.6247765039164805,3.722962432723653,3.731858294401213,0.8217644360828029,0.3592492737486077,2.1218513644426067,normal
1.3350677757375382,3.9316281564990985,4.021159270756039,2.2228146962014064,1.7911163038605216,1.9302041537326098,1.761157765574305,1.8997707734483915,1.060450238325245,0.9633047118862714,1.1397863607620222,normal
5.367533656721684,0.12162697369221404,0.9579604581073335,1.12429790663086,2.122486323896186,0.9094232606131074,4.192951710699443,3.5231285337739138,4.349685145375929,1.814792124213722,3.9691161014421517,attack
0.8204552985352819,1.607777147500684,0.22638591476464728,2.3392678720305664,2.308089237593309,1.8319741921033588,1.314560203229532,2.914530834209656,3.854507590088252,5.538399503682012,2.248362614622463,attack
1.5267887775953688,1.0435620548447875,2.4763657447374756,0.815021576061963,2.3582804434265006,0.840523763129315,1.5786611143484472,0.7371292346411422,1.1208181076549235,2.188673024030782,3.1885326091055495,normal
1.2683193928824585,0.13363476385129924,0.27334253706729844,0.28423917385164926,4.051437928828827,7.736291377220416,1.5017523608971612,0.30403648427180685,0.6736706958197562,0.6035767965121331,3.916307671541542,attack
1.1509479854465592,11.417305704820045,0.5867971005944379,0.6471168428937011,1.1456306758755102,1.0420606870599702,3.4838584972744053,1.7033908048545248,2.605239238476635,2.0525519967321184,2.0507815440444195,normal
1.3875478225397753,3.670726818082026,3.1395153212205775,0.8066027631004651,1.1711907918817805,0.7268796658203752,1.768140383042383,2.208827645134744,1.0504397769735832,1.1889969532854392,0.7989860903685011,normal
0.6612767465979312,1.1515495118566026,1.4178959070036878,0.78800441879611,0.6196091053662638,6.445983981579321,1.0903834095647211,1.8915815183112328,2.4954776800886465,2.050700368557248,2.692144414996482,attack
1.7841805414812093,0.3739210623360811,1.855293747135122,1.2610255559722123,0.7580886382162498,5.218552312675453,0.2684471027524219,2.28908496890877,2.1957858184175407,4.379774945174419,2.0113280210187874,attack
1.006334483838798,0.24642956555162226,0.2998261460945532,1.106978519986671,3.904667324997788,0.3576433944592796,1.8173024434181544,3.6440778100848825,4.935331098567949,1.3323908745589534,3.303458150958398,attack
1.1004742276780992,2.3363276115278895,2.386743005819629,0.7198874043347706,0.08904434883902342,1.7763280801281756,2.921005930099669,3.4517889397792265,2.1308776133784932,2.788579266535378,0.8635707161911115,normal
3.65345517005744,3.0918013963284103,2.515136273622622,0.9266388127860864,1.6615916959113082,1.246972721956606,1.3296625110652223,2.6810460944747145,2.513593307526163,0.18846207208313032,0.9095894790677186,normal
2.1941873718888893,1.3612676672035362,0.551813833980938,3.3730083580563304,11.491837862228993,0.5500010878016941,0.2089749206082124,4.717202064970699,0.8003242571823325,2.8100053781375722,0.7841863692678279,attack
5.431375814533472,2.987441085543802,0.7935884553347051,0.6795022860178936,0.7456754433598489,1.106608248978298,3.4802102287571146,0.24476737477735613,0.9099854197857798,3.034230036035612,3.097575510088118,normal
3.74202446727804,0.4200111617794795,1.2993995914963106,0.8565532035712308,5.020019216980204,1.7883249693149006,0.6896264027020335,4.812954751185396,1.4331116173712282,1.7549854746829612,5.60627385746734,attack
1.853268847392631,3.9893320175689024,1.1241216757826966,2.91124023882639,1.9599390302292794,3.3048658419756207,1.7831571159331792,1.742728956345848,3.846000442158428,0.8998707542141576,0.9995662253177198,attack
6.229125695770863,0.8526800573973644,1.1660543259283904,0.8590161712616755,1.0316809898633048,0.3906749108747247,2.4991083528427205,2.834624900359243,0.14997332292905718,1.2276524371006097,1.200909943634716,normal
0.5720856237655525,0.554760415797105,1.1805729757041115,3.802220431296046,2.0185333034582893,2.0742934761175245,0.9620752704993937,0.5800714378151133,5.600367992051875,3.6804261593750707,3.5217206842407465,normal
2.092246194529908,3.26317233632969,2.667255473721903,0.6906569891490526,5.716740554453427,3.3023827029553967,1.4397808186284755,0.518706866239462,0.5542815698921775,2.0966703254761505,1.5289817184234313,attack
1.0231953191929561,2.0423760422723753,1.6684703106747716,1.3758404752057714,0.5914152446117026,1.6650143728342313,4.196011514874895,0.5322693512197318,3.994616522753849,4.114947832499397,1.9408326890443137,normal
1.9437339712806734,1.7886796051688512,2.2563870906108194,1.2226131455919829,2.6056616025679675,0.20114495918080003,6.933744788894713,2.9671458590938555,2.0485935272750377,2.8943677627780415,1.7985281774122102,normal
2.7456315286713333,1.7957543685762638,1.251502513294773,2.4043212892972257,2.075819813090734,2.565871973144527,1.0938999286560331,0.2916195229172021,1.9755779090942025,2.855602427635669,5.694764271560028,attack
2.3588053460032268,0.7846928218022429,3.8476603994234777,1.8684237689382508,3.8802565663587028,1.0607709661232243,1.5566050114131504,2.9996090505466344,3.2648625921481784,2.218692815994347,2.521177096864438,attack
3.2045154475011337,1.701084510555024,1.8835963198165384,5.601102474324821,1.088084780418374,0.44573301412948046,1.8939468040307315,1.8569136438310918,0.5949128051962059,1.7676499680722968,0.44907299448454174,normal
1.0169110240276529,2.3409472089830996,0.47580000371210057,1.4055902464568486,0.19769249432034658,1.104957200833681,3.839159681862643,7.318018466908811,1.5299271875265434,2.2667903837590955,0.6220204665916711,normal
2.1717956603381645,4.301506556611733,1.7710702986288978,3.5151922153263357,1.0170487301274778,0.3054581125173208,1.2978481874184158,0.9891870864715537,3.355039460343274,3.393626016858013,0.5811563269206519,normal
2.426054423816844,2.9384456346224765,1.144126337237664,1.8915691696483332,2.696593808620959,3.6286952688983685,1.9273499235156077,2.315389833846323,2.9130455378540825,0.5821723843645741,0.1419642962649583,attack
2.639029182184011,1.9689099033163775,0.5296222617755901,2.7714152054272474,0.5173245867297868,1.8493102568175483,2.67638689425335,3.3927832003081777,1.2992180360676693,3.2337038681007195,1.4455167555242812,normal
0.779743717291664,1.0139093022211243,1.1596417269556323,0.045479059134235944,2.894637225023049,2.2568480820020986,1.025497173355388,2.3891548137190166,0.5081718474971393,2.463004497924963,2.801310475297594,attack
0.4242609530554927,3.0501068188752973,1.4596039289073208,1.466029943853549,0.4281615886336326,3.4448739704201903,3.463284405613812,4.694682347258895,3.7123445610069594,1.9535582526139084,2.147320129154195,normal
0.15224731010766887,0.11486480385506521,1.5478632923384614,1.506710778122918,0.7463883559196666,1.5968169897352256,0.8760928389583589,3.4791822967318415,1.8170801934502745,0.97258846069257,3.4756648971442323,normal
0.5019138267803206,6.0551060502663026,2.0100242538103905,1.5204258391157404,0.3294935203368703,1.680864762186772,1.4152174134469098,2.6383221423536747,1.5093558083909873,0.5237818166967821,1.3403649458704887,normal
0.8807601106040297,0.49821457009604686,3.864194153499831,0.26774541006940655,3.5500128750143487,1.7439908556904413,2.808791059602157,4.091330802502399,0.9851308328257374,1.8202820206657726,1.0645264117197193,attack
1.423847410667176,2.6672072150024393,1.611583772005192,1.7992445975868576,0.7081600639805978,1.543544946745167,1.1492773216505405,1.7035171981200548,0.6548090274491389,0.9926463392816365,2.038882340887124,normal
2.555452813497496,1.896782634536947,1.3174139031679306,0.945105111193426,0.2470966495983656,3.949434492402307,3.370019982858344,4.345328528981395,4.262031555735735,2.106388336444089,6.96078217673101,normal
1.452607476926098,1.822311323763252,0.9668105743087609,0.4770285659990232,1.1342152033960027,1.0778056794740072,2.8153849715005848,1.953672627453392,2.361727101766019,2.108884966517301,2.155344895405381,normal
0.9948659291736077,2.062651854565209,2.9496583173869912,3.8024927039589325,3.343121255018595,2.619446087014396,1.9294672956746726,1.2106175162815418,2.152106785584113,4.473485997272795,1.364557548348163,attack
5.167057757122573,2.2172181337488808,3.9304970657136735,1.0627533240754865,0.9613385797766313,0.526233049342851,4.440752157631432,2.2100993408343816,2.923067770044265,1.8224049702142562,1.9434997894897987,normal
0.45068961480707004,2.239177370395021,3.1532014089436444,0.20524488611172337,1.2225644943263223,0.8730188794838917,2.5846205655053685,2.485387257059908,2.910661461629994,1.8450632589984883,0.2772650928851233,normal
2.140630067630281,0.4752484118614416,2.4516484043019657,0.49257736154169507,0.7127437169426756,3.6576079063294897,1.5644248147810527,1.6082348716225867,0.6934455606607108,3.3961433470073272,2.231687313468692,normal
2.1121954578288866,0.5967706995659127,1.8368939975513865,7.711827777308429,0.9482849068330459,3.5844807289385328,0.16221910328754208,2.8572846755074286,2.3053567713546776,1.4430600201208994,2.2148983687448345,normal
2.2557935888983462,2.242689278218372,1.2439616967673828,1.1265351765154012,0.8494923116381542,0.3975263853079246,1.592583892469933,3.2593508651136416,1.0828144523945369,0.5971296373100115,0.8687404589114183,normal
1.7981534076300032,1.7958607317947073,0.7890780842529077,1.6170753117555845,1.4164061730959785,2.4408735234620655,4.191608686446008,1.0531730343838979,0.9212329301986588,1.7788552531276485,2.0531912124682252,normal
2.535220693582581,0.3314803834480467,5.840726502050821,1.299596353990844,0.9687005582718855,0.5971175903284353,1.0980081160624149,0.38728860639272106,3.560858399183485,1.442214564254171,0.9274301463416339,normal
3.103737915605163,1.3664976145733407,0.9223752461961937,4.721880937251134,1.1338582093520824,0.20966565695534822,1.6117825978716993,1.4579979262215952,0.9485230303998331,0.8291031230272798,1.7163664393606182,normal
1.1523539911375127,1.2971003747808674,1.9888480509816029,1.240468589486479,0.9986920795097195,2.565074150625303,1.1498892904072604,0.947769581266148,0.48385511597839215,0.7621199365700725,0.5666434776619463,normal
0.4498321773057928,0.8385990571181228,2.031953206978312,1.5654046509833803,1.2215948919383888,2.207667252886478,1.0135071179438424,1.9300004447675099,2.496060645652842,0.2159974054217245,1.5515021442056118,normal
2.124364683824608,2.0211229918455222,1.6168403166936565,1.0584980775194657,1.3396478967009915,3.7191775874034536,0.2817595147331891,0.8756272553170552,1.5608462829202854,0.4600506878340007,1.271743072060431,normal
2.5896823718662154,2.3044323811332164,1.5399942933830144,1.7598823707271172,0.10543826269099103,0.6040749058295185,0.955494629233296,1.1948588929982127,2.6716827113941237,4.89121012204725,1.322583370159832,normal
1.2817352212100825,1.5292281385294282,0.8175794712309937,4.034609364121949,0.7354912748611648,0.7635562545278739,1.0003648463653891,4.427913982472344,2.1103220137233736,1.5167657349066352,1.2220254169344378,normal
1.4401314998535146,0.6157109221204115,0.18663595304144598,2.846398291525293,0.5103273634032934,3.919454666947034,2.1593613971909775,1.3228791653443701,2.025528520512922,1.6707820008477008,1.4596649464377074,attack
1.55351744660248,2.873034505391708,2.062853300271436,1.3834881172091575,2.5374519340983457,4.238826039809473,1.3656006850598112,0.8784141702127365,2.6672406613450845,1.3803594095375042,3.2465714026728314,attack
0.6116897710861958,1.0774620940081647,5.146140576081114,1.0403330608443904,3.3178297232361076,0.8521820438012742,2.531470058609328,0.7194525262219137,2.7140143154163106,1.2469981295272567,1.0691577114453668,attack
1.2710278792137994,1.5683555209527873,1.7865324986251907,0.5551586806545243,1.9318198429465427,0.43807161881789497,2.993283585143213,2.033433826489523,2.0306379911403436,2.692862165810953,2.0835137480040458,normal
4.3631594762210595,0.7289809328473554,0.5339401282909623,4.462379284052233,2.0890173247423536,2.2548117078811516,0.6713123296161146,2.170728387104931,1.4401289150249885,2.504167417783468,1.6314667722126164,attack
1.4355739799606935,1.6457355717916784,0.9631358733985065,1.1415346823461483,3.4258730761550082,2.2074940270395507,1.3681458053137312,2.1948473401617625,1.9669739694719717,1.1656372774545358,0.9637281347473261,attack
1.1367800926891618,3.0823871952884105,1.3621748694755365,3.3671729193186772,1.0611256788971266,0.8731182712941301,1.4194049945361475,1.877120166625916,1.648035046558917,2.049444802760179,2.094037576981987,normal
2.429004915483099,0.6898860034193423,0.9904627977792981,1.7202743065182688,1.1695308713591532,1.4305551253059106,1.5634268625306764,1.3109826641837503,1.1543365172838909,0.8147070598349577,1.344156706746629,normal
1.1153607148860343,2.6000326651547736,2.256957942233011,0.6790161878566933,4.0168336785014995,1.1449109799202628,0.521139846214022,1.0420494341026119,0.45212392099932924,0.5097876550750018,7.02981032970487,attack
2.5221782721171953,0.627118682251408,0.3580216201130632,1.4236407169575045,0.30914988628712936,1.3767117599384,1.973558027061255,2.076790690146026,0.6218152316792834,1.7830790185247625,3.0052059471507095,normal
1.1752586005426708,0.5962138794826832,1.1326574440719683,0.6876878410504452,8.357011027298393,2.6725672234963156,2.301618720056724,0.3616595848180041,1.23211888630495,1.0849339565828144,0.9177609016501905,attack
3.269347220106203,6.04454807662091,0.9196986807457029,0.21297841944643722,0.9563058995919701,3.1646219400074407,2.6726106922256347,1.5537681590387429,2.2857073577710976,1.1634846888091976,0.8883794670261252,normal
0.7489106886947987,1.4952015470362794,0.9778438871563696,0.6397902351275108,1.7098799264766695,1.0715302644471474,3.241833717255653,1.9524879766617662,4.90065291377524,2.1025199174776583,1.4044718056494818,normal
2.89503848996913,4.519088144631203,0.30221395773447507,2.917999315322398,1.4919400795502478,2.1281134827430095,4.765746438791662,1.5867199695385088,0.6014260521553922,0.41246298738158155,4.665558592926117,normal
1.9426884505043138,1.5895190353897557,4.307959881993744,0.8439674989022127,0.8474606081633783,5.296912394051547,0.7366623303578418,0.5054514489709103,5.240231379766021,2.8371174625468374,1.4882903450609601,attack
7.003563139943462,1.0393480828888473,2.427130421329407,2.2277581136121296,4.38096038127481,0.8299337526474476,5.2400362171871455,6.510416678452157,3.855643469064322,0.9195199178323249,1.8895571780509905,attack
2.2207255769749477,2.16293716349566,0.39449161507185493,2.6600569343056897,2.00103463411994,1.430919235527329,1.535899715108986,7.1775457024260865,3.8952613237991547,0.3363502413914856,1.4425860233515868,attack
3.418293275363364,3.959989876228589,2.12077602930156,0.6394555772107522,0.5809634409435973,2.6215077721348314,1.2092375861927427,0.7433428335268957,0.12094236539170546,0.4422960020613511,1.9609947776999168,normal
1.356118265292708,4.2420595311089375,0.5292337476511296,0.9192144064777876,1.068373193060975,1.8188891948520645,1.074024577624426,0.8247152160062498,2.1576031370604096,1.7468246371803453,2.904412026023531,normal
1.3319318057107763,3.694293670764881,0.7530533083940382,2.6126324037869124,3.104535289373906,0.15016940944147306,2.6550935550091443,1.4824978286923745,1.8479827813457372,4.177354818451901,1.5950163426753172,attack
0.7085218899830108,2.5093853691497277,1.3961222050035886,1.6211679292614198,1.5005758949500883,2.8257514901360463,2.145078702531131,1.6383510712143525,2.0399221893237924,0.7371506541549444,2.6651550421188026,attack
2.1861999567524277,4.552942331751101,1.0095465417032563,1.0324812162540664,1.9204792530110364,1.58779637773767,0.7106699188737768,0.5884596396472879,3.5688393948855985,0.9200483528806965,1.336826695862971,normal
0.5467738345881146,6.545518257686151,0.972242276949862,1.4661252582727333,0.3864684438225445,1.8424201520698003,5.410541766212704,0.6062025569433515,1.9043055443335504,1.1569808246902018,1.6516773043899697,normal
1.2367349462346486,0.5144977279218661,2.031264051124914,2.965112428950934,1.193486099882042,3.545009059451496,3.5796882681931996,2.9680033632993776,0.6803583211284138,2.466560163222993,2.2896775550460298,normal
0.7981208764771357,1.104751121914338,1.665493848379966,1.0659563537455694,1.4796265479236825,4.67849668678654,0.8480866138239112,0.8304974378994228,3.3884359969630236,1.732516297271293,1.8889920577371309,attack
1.3484838435589013,1.3622844182114204,1.5298602489359148,1.896318845783771,2.9441500428386385,0.7354199278186792,0.896452563447781,3.4341052145391955,1.7961761988547853,1.2373752229521027,2.0846764222794505,normal
1.0874521884188095,3.299354264442225,0.9530593513222548,1.0570848343094306,1.2070620591461307,2.2940820155517163,3.561343745123131,2.4752825583943037,2.9516660047215675,0.4074235691210114,0.38832556121824785,normal
0.5125484757180121,1.5651816134446348,1.1395145336298875,0.5437289414655313,0.05270600452101419,2.4080334427377554,3.981768961599251,3.0176469132656907,1.4993965450139624,1.9370595476509886,0.9581875063147215,normal
1.629922299682176,1.5410163121098353,2.19928685861337,0.9063904062178276,6.446152912139663,0.5917485384227983,1.9198233751378784,2.6617400515122203,0.6353412211208073,0.3463049109013382,2.691055449607303,attack
6.524154759965176,0.25176391065572395,6.489976143346002,2.7696080399383023,1.5978786645493885,3.0291879998716187,3.658378109982205,1.4139396144793055,7.772559837768002,6.360080835612758,1.0142837233143462,attack
2.0719386577020016,0.6146995055960132,0.4678540119698439,1.286797391453828,2.0124853858460385,0.7890995194636451,2.9632470092673633,2.142513456987538,1.719492748510295,0.882083652977889,0.9632543486414075,normal
1.3419551806771313,1.0267578186968074,1.2208829071003322,0.8913221135463856,2.2975025045420066,0.5604510963604435,3.2540680806761113,1.0775911998858916,2.3691889420891696,1.6801756122658489,0.4836590663503714,attack
3.112691279753653,4.993868637562927,1.4508491167616526,0.29417057842765815,2.189488187317114,1.7554196105099196,0.8105636829313104,1.7693777300739832,4.059912322998102,3.5397023358862376,1.2743969850264323,attack
1.2540365922879821,0.7548682641912946,1.296345446294691,1.9482571785345097,1.889852543545163,2.095967692540299,2.0805876731433277,0.900930374072141,3.0805729956147916,3.4693598287537983,1.7437482619193483,normal
7.91966399864017,2.270159793086667,0.5679229420567771,1.3486700258752322,1.2813415677457693,0.289714089427793,1.3992727114255068,2.994038277310671,3.364211589592979,5.243591043283647,2.384067213787066,normal
2.8163426054364322,1.0376106157950915,2.5805889489470264,2.2281513537331996,1.2919042726315788,5.381293820835059,0.5632523778505171,1.7813165310890566,4.060594354919242,0.8109398056538655,1.1278167778776607,attack
2.9080865610649616,2.9097331085027984,1.5298249454672954,2.0955594884288136,1.7691303626820973,3.1405723501263276,3.232455777519693,4.3335862032682115,4.311535051844671,2.153860220365333,0.6727652628951492,attack
0.9445869586038643,1.0692022344167271,1.5680593018246756,1.8690305081487533,0.7829875322628673,0.26004021724763976,2.4635411832767655,1.6824469711172356,5.6125977541053995,1.0350218692849733,5.000991149328611,normal
0.836787002056793,1.6222664336181123,1.7565941768564701,0.43537182564096966,2.032592834727531,0.9374048617747068,3.6856307590540833,2.8594188422077678,2.263446458763295,1.1227883411953599,0.6174534434842792,normal
4.8308176073871545,4.570420495516993,1.0974166533977245,3.206280797795666,0.8003947443024184,0.9479214563882753,1.6833445936569513,2.334964849842648,0.5797053741185019,0.2688184357824907,0.9063797312506249,normal
1.5552760466415345,0.5458025948284668,1.1932616825294349,1.224282487869524,6.350160648289233,2.3819939078731975,1.9656058572702917,1.3526729821170085,4.314764492059627,0.612082858375658,2.680970345950824,attack
4.491563894747002,3.0446249859535097,0.9862291741755582,0.555836811189224,3.1534411039889605,2.7251559808603085,3.562974488892386,2.8933118189397167,3.758224991680723,1.346811646852564,1.796086275859186,attack
0.6581952472349161,0.5355148013495974,2.235460276945902,1.0824208541482203,4.593075822397567,2.7003239700882546,1.9111117283346595,0.42140136433229736,0.7627643481212865,0.9565849414493981,1.2789832335377722,attack
3.303998191231407,0.5072533503090738,6.286139907633409,2.9719450608831033,0.6781563104036392,4.376833543447221,2.666122549864789,1.0507960582082352,3.0059703953454,0.7166009153879682,1.8102512456920525,attack
2.507741109394911,0.7450503583864642,1.9793839729007316,2.3246960694338243,1.259752973879534,0.9734516448703201,1.8617718614190535,1.4185494267106735,4.851206167351385,2.5390048421897657,1.4517093857179821,normal
1.6936780204818045,1.0238294469069826,3.672433812209557,2.6986576911820226,5.080859393868397,1.9735823308693978,1.4991115721050816,2.024933039400419,4.944906059863105,1.2380511099924754,1.1252710172012022,attack
1.3622352954865162,1.0084325815319477,2.1290678392178073,1.2617946346239548,4.2055126526869655,0.6673353462280898,2.744060380901565,3.842442529820151,0.6468748502222187,2.4499149693799893,3.363076787061567,attack
0.4073716022312156,0.8711864722870202,3.6721806467562446,3.6806707942605508,1.6429262670814986,2.0272524537670504,2.6578569072215106,3.284540211748477,1.8953567997677165,3.285210522445995,0.25478244743113404,normal
1.4852314596759022,2.615385229798876,2.226529586175818,4.461866080715698,0.8644256462741156,0.8044415472009891,4.8255420664417,0.4583661296649094,2.950948333907084,2.7458533643264467,1.1893928608134383,normal
4.7312501405427145,1.7154148031069427,1.8416401396386144,0.8821137677576778,0.9862879198000037,0.7657346362784404,2.4853924009534842,2.4138689455430127,0.24351526315353947,3.538389123230848,1.5723279861782742,normal
0.4417221911602746,4.519366213709536,1.3426276284319332,1.3374993631058487,1.658454854004738,3.3317530697437743,1.1730932964374956,3.987451363822367,0.7649122561621617,1.2740106870967791,0.17417375193090098,attack
1.3658641330582002,0.5399733393338338,0.6321759583712906,0.5632346533136311,1.70472815074045,1.6658067822783853,2.8947205509146463,1.3084644857537506,2.5242301205821227,1.8556475072732512,1.0830398795605864,normal
3.4246665151532185,0.9385301596156311,0.3742200167887425,0.19572160220462975,1.137614639844948,1.4817208599829677,1.5002147813358335,0.17250558686985049,2.205888635773218,1.296986465435296,2.776779457499143,normal
1.695674968646298,2.46197699214324,0.48691359202727513,2.7822967730240595,2.0866608539244687,0.9655119551746433,4.443996017702106,6.603993155696703,0.9867417298075528,2.9351567151010562,1.6112237958339888,normal
2.388523083291301,1.9540579055260436,2.8689593545464374,0.2423739132012037,2.33553398091385,2.033533876287576,1.7545959389899446,3.7233170960256996,0.6508363316574919,2.7669163397389878,0.897252239389914,attack
1.120319350745536,0.9838357787580093,1.7338936879054287,2.8004176467867925,1.6189301558737554,3.1233150749429317,1.242391587219836,0.413412589789628,1.9423533908676087,1.4107649614887294,4.373644552616349,attack
0.7271818722596685,2.1827957231747366,1.6254190485999087,0.45017189453062983,0.3124665144404841,0.3341692786883543,2.795996882753102,1.5915345164594992,2.421050294094779,2.504842167650258,4.855714175875651,normal
3.2580300990884887,1.5793397233455644,2.3065288622015,0.5892863452268837,0.49222230126345357,1.4363828396216305,0.9333270425071643,1.6690546311076224,1.132125470043541,3.08762716689617,2.2660183378927172,normal
0.9813016333223736,2.5258646978547215,0.607460342974247,1.5483430647041196,3.1384899882435855,0.24575179481545914,3.836770754016243,1.1709064811193535,3.180918498588267,1.1729238943372968,0.3690015378333998,attack
1.025140063998524,3.597635917221806,1.8356393301656682,3.22887521001207,1.1998788319019718,0.8264584827163459,3.093658312768787,1.5729755655595692,2.055705830380923,2.1768634517435745,0.22655632101615236,normal
2.59573071445893,0.6141284444225283,0.3086182337936185,1.0631194285007854,1.3891602126744313,4.113753718491925,2.700719275842237,0.2876019442479793,2.0396830411186313,1.5599109039903645,0.7100142196097403,attack
2.4962116094470823,4.100448640592859,1.678894415785383,1.191507246993211,1.7496670498808706,2.045077779844698,5.646629111117817,0.8880167906366156,0.9219830220513313,3.040722787439624,1.101903137304352,attack
0.20827768204796,4.134694457144581,3.9836369102945244,0.5244087333975959,1.68290432512158,0.3023126072044885,2.855114656101935,2.7651527257711424,1.5893076691431336,3.35696614009924,0.33859870694296657,normal
1.9114340298569485,0.20909305938037454,0.6940740646774667,0.2950887474908398,4.548858560012517,3.2620240720794316,0.23068924305897415,2.001837691198963,0.23371558678609902,2.5982827602857435,3.014004933353995,attack
2.626137473207528,1.994156004810344,1.3852891198666393,1.8983899666599922,0.7196777020016214,2.0028995155346183,1.2253164917464603,0.2998407351288444,0.6157804513188485,3.0025890459000437,0.33400211132919844,normal
1.7778727851265812,1.1611253530284669,0.6104473546540303,3.4089581008447665,3.8174423375331754,0.3756323223285906,1.8157633326040434,1.303123499713886,1.761248602927785,7.918946604640133,1.1712685901997442,attack
0.8123973375923113,1.482812845578943,2.1049189570612126,1.1209249918718371,7.475386804716419,0.761380422305188,2.640278042741451,4.333619724147896,0.10274471033774464,2.2442233479399034,0.793668929263984,attack
0.6200457375199732,1.388345977331879,4.134100623743585,3.106460320997884,0.2944440667857854,3.0913992310536456,0.7776057710030954,3.6763922125232904,0.1676727221800728,2.374707520559644,0.6915081178181273,normal
3.07056888917079,4.902721279984111,1.408935513523049,0.9833008291208472,1.2516908813266217,1.5082991602957514,2.3188779382747824,0.32984803998337814,0.5465117546579937,1.7268298312118084,1.5459337007090006,normal
0.5112785381196199,3.555756589650237,0.8752980519996691,5.611453396757437,2.2535563201298254,2.8964866597581347,1.9039692004298248,0.9914949185541155,1.8528045020927284,1.3541563064024769,0.4025122727846698,attack
0.41417758763119794,1.175873097977079,2.36593374565495,1.1741553456616518,1.2063271202619745,2.423316381314162,1.1613102842199965,7.082675001618828,0.8736579749197626,3.0432668630471666,1.712745034154192,attack
10.175795120021384,1.0912374830090457,2.7059173998150943,1.5277896788960488,0.14442626645713655,1.6485261700034568,1.0840431733270195,1.9811239473375457,0.8295013745635053,0.09229969593384098,4.652981731479257,normal
0.930915421330633,2.956579124376981,1.4375454600159245,1.9566713953793367,1.8266420672639514,1.162089906614778,1.6575342852191963,2.8353803170270124,1.7129886853917269,3.2546559536484567,1.0804530374924501,normal
1.526573290477002,0.5554881191840837,2.087046440251923,1.4301966195683418,1.8000821760486296,4.461949519833605,1.4543712385662642,4.103389841560137,0.7605958072692672,0.8386337621011991,0.7880093878240789,attack
0.48946678462415066,1.7204013437091397,2.3449718903428525,5.839920602854685,1.404496252801098,4.333958952538418,0.585921234317237,0.8717568107374892,1.3506861931620293,0.618339888410447,1.8728507909502488,attack
0.45410603193589305,1.6048063568310824,1.5214019845002456,2.0880464968646075,4.0829378905100135,0.8907820498929572,5.163208152404004,3.272358840229303,2.0701339258521396,0.4675208681924013,1.8407595019953713,attack
0.5590437558067533,2.506798789829596,1.1017133907230743,3.7642181370501877,3.8671417027202546,2.659074799666766,0.6454645539505044,1.24208152318122,3.8813790737796516,7.41894621634565,1.03599709416314,attack
1.8541090551503268,1.0599617059673894,0.6846673668136143,0.8230972684439806,1.5631020603298307,0.3173975584500034,3.379490887384526,1.3192486492830096,1.9606873059993388,1.9122101986769755,1.3421008205493368,normal
1.0106817689160421,0.9134823839240923,3.2420521954525734,0.47005327628367605,2.6464201123926663,2.756936779847822,0.8962259954641996,1.1421545866593592,2.0398938042465398,1.9234053023639228,3.2294666121569744,attack
2.811948280164218,0.8204929269948467,3.7801130193500043,1.1065847576212924,0.4520808493424766,0.33505752546598894,2.5805357314873465,6.255513637084061,0.7704794309968896,0.2877795051285508,2.403816328048254,normal
0.6181680257928203,2.99026997977029,1.35262321669925,0.8245131029189064,1.400612254652252,4.376346795224725,0.26438737808836565,3.080569615882098,3.2906245693862894,1.114879813706464,2.5073975144672396,attack
2.031710757750671,3.266900681651243,1.4088935339273212,0.42537955639232017,3.9371376632010024,0.8658276678841839,1.0950327950259433,1.2957664334067456,3.5955455051325766,5.610948390427258,1.1967870723107108,attack
1.2360815435016603,1.9728826100877381,0.6652586399148573,2.4199939608438004,2.4364366832968476,2.014264389398189,0.4678430877176109,5.469195203098293,2.5768980676274142,4.965482480161235,0.5401598228586927,attack
0.7566867603358067,0.9196557652421186,5.653539482394433,1.9050049151511683,1.6039616848411873,0.13476656591499336,1.226680051636572,1.417642259897209,2.0780818453515746,5.714354283173988,4.3004915411871885,normal
1.3490186790877559,0.7291867714493617,1.3297235451870113,1.774736138002042,2.5071064774727905,0.0470036898158829,1.347022192653253,1.4301630952776963,1.3166998491631956,5.686643362250553,1.4950689724734547,normal
1.6624754402152,5.2425261043028355,4.255109816402783,3.847943750869915,2.010122781163705,1.161096314985542,0.7111927284438754,3.2864469007187376,4.939180771571919,2.5102206453867812,0.6080017172960903,normal
1.898228561673147,3.766684843262611,0.7781740171715901,0.813140619099395,2.3793127991650675,2.536647414794903,2.3026898293823286,4.090269752355855,1.6396701656198613,1.0861246680749268,3.109471191214907,attack
6.49792583868098,1.1480653529304892,2.81621951854794,4.4478802785072515,2.1301313741989634,0.6312715760521235,2.172667776783793,2.439222244756265,1.3825020854208456,1.3494487898929062,0.4854259395060961,normal
0.9387128705793972,1.0454757366635254,0.8135705738822934,1.5702411854073428,3.438843149998176,1.0097585434007856,4.687390167050705,2.343070305467729,7.958230155172778,2.8406203075591203,0.3930565482018171,attack
4.137538208321807,0.23594108888986157,0.32176533530422036,3.438317956033621,5.981405020585643,5.995797156931205,2.1796972222855837,1.333670214857844,1.6148915763407032,1.6382162195288446,1.8607168832698862,attack
0.8983502783401985,1.796326083936378,1.1539200037426431,0.8130807854541171,4.79812375527493,2.525715484370778,2.499241862805072,1.8953442126958329,0.9006598980779122,1.762238940311098,5.846569437893504,attack
2.5306756785540725,1.5622007554582968,2.2831871456669157,1.3161785550403224,1.2617236042093867,3.566068095267727,1.9029353574774936,2.6128635478704227,1.8249302155110767,3.015986896403546,1.247944467138618,attack
1.4243359103091475,5.485518500113788,0.31960519628683925,2.959202784702548,2.039535090551938,1.4825328092765997,0.9279315153213399,3.994134952822348,5.942669909998969,1.4088784644948604,2.760463326035779,attack
2.6853367180205963,2.830585535993557,0.5908369165854049,3.7238440378628246,0.4194884951055644,2.66091141860818,4.2930386987212605,1.1863699335787627,2.00420358611016,3.0654659748642406,1.4616715220424863,normal
0.8509633512681491,2.814268148108125,0.7039741326330661,0.25630989842881446,1.9300348271984422,1.4680060916165274,2.8439055355385787,2.041834897541823,6.586091667734436,4.093522452936397,2.2143737220143596,normal
3.7650804809892935,4.521903227980554,4.521794292422976,0.7708876448685383,0.9266256365402342,5.073257167931947,1.977906038408146,2.0722642288442135,2.5840280877933783,1.6484669376933097,5.408546350454781,attack
2.351791064407642,3.505650137810666,1.3709560310151134,1.540058360718835,0.9000431697852922,3.2052213641635436,1.7370355278600451,3.2093719054661642,2.9937920835194527,0.8259247638002927,1.5863449210319733,normal
0.7426654680088527,0.840246097206339,0.6821101824583304,0.9672887467574519,1.1240671716431385,7.563678917440288,1.4567274894996518,3.3437849366415713,2.7194680608259643,2.339770139638985,3.637609335344864,attack
2.216982544464434,0.9019612169136806,2.5330976652468986,2.987584385550605,0.7271124793044603,2.1932193667701894,3.5166522921549834,1.849143552436865,6.084219909154369,1.167570255263882,1.491111622923036,normal
2.61308607941256,1.2397288430000926,1.2151838168847344,4.28032435496682,1.508845009433728,3.5393215410114487,0.8079540806048933,1.4799567949424204,1.4295496026015906,1.5136881971580818,0.8117581799463622,attack
1.3544215335820837,1.8327755856600352,0.3555839656331829,1.190999711580931,2.5938760084198784,1.0368326232637315,2.1400592272838326,0.9758953886789595,1.7187627356635182,0.25213088021038604,2.542918424839666,normal
1.2160216041326686,3.267382233641602,1.5838964951953596,1.303149445031229,1.0826170361378893,1.207379479882937,1.171366957861972,0.9603376099048502,1.0305553606070683,5.821624812871105,1.6188889772887187,normal
0.3626709665122623,0.36474777375830186,5.918766444838034,1.571041508524922,0.675147613514061,3.526159585966222,1.0538055379746012,1.7824344587305117,1.9973531831606737,0.723240449596271,1.0746282151490338,normal
2.825629356762233,4.315125325140129,3.0299478968470113,2.235078329683117,1.29660950624067,2.442695887880088,2.7614556460241584,4.238138926045768,1.7220876572828019,7.230373482526624,3.3470740423149348,attack
1.59484647088601,3.7798703080883422,1.3395736638209599,1.0614225037685292,0.3738717966866849,5.7432602759327525,1.3042030761701882,2.7363320449098523,3.379549021157193,1.3440985830064127,1.4466079082576966,normal
0.36436938134560665,0.7603095774889382,0.48920726463557146,6.702312621287187,1.5258377801146317,1.0283509018313333,1.2559858865726357,1.766216929906033,0.905925435443285,2.679059256254641,3.3815411064153533,normal
1.550158582647848,1.1063771837098446,1.325848855313742,0.7861370310739209,1.46026658197832,2.8715957890493113,4.940735556673301,2.231938218663232,2.826311470960274,1.5733379853825649,3.622915698679707,normal
0.9465598844836537,0.5960721134401957,1.5146861687736648,2.4179715000403514,0.5603447305704704,5.5223111838167345,0.8050165257904324,1.227644019552071,2.4225734090536526,2.179583062878452,3.703128341417546,attack
2.9279941763083084,0.8265369359765923,1.2650273381446568,2.5784500019315932,1.5650096022307363,0.8098169603848849,0.25228963330333315,4.2945716805680885,1.214945300628469,2.55796811249746,0.8625743883277881,normal
2.2464921931858606,0.31259565278591384,0.850993087410784,1.3686586873250781,0.94807139375902,1.06980783521376,3.006724581292896,1.2064840003807393,0.7191443434809236,1.2248180180772341,0.2413566195993557,normal
1.4138993446639876,1.326042627644031,1.4078955088182827,0.5060283169641561,2.0134735848815732,1.4982077114792276,4.206692319145355,3.1759876155029705,0.872461302651678,0.8456588895008853,3.2472825999944455,normal
0.7445659542597485,0.7937408688661501,2.1295085315083258,1.0632386426455174,2.143063353168019,0.3400968702447218,1.217339492245275,3.472065013884597,0.8262114829002765,1.100619958660878,1.3870095479209898,normal
1.1464188604779082,0.3406076026903154,3.2859894776791623,1.4720979913623542,2.26135009726088,3.6285218743672094,1.0920945635460264,2.039838185833213,0.06540016584219195,0.1516417502651523,1.6243044579062773,attack
0.43894205695494803,2.297439361732851,2.612078864295237,0.9319154195878154,2.484357668189019,1.295122589067843,4.038321070566042,0.5471701119186123,1.4642711388959537,1.9475158720705148,2.8863963899756016,attack
2.7291178510582945,1.173026268150641,1.3341614019851784,0.80294660829483,3.741673272972513,4.845355060997987,0.2827921325153434,3.2075205257983956,2.6155344845033253,0.12473878403826039,3.0284604970754048,attack
4.176079333751484,2.8257283736804646,0.752114178570571,5.414299157292274,3.3428117648850115,0.7932351175275746,2.3504692238496956,2.2488322538531147,0.5292702241352257,1.7970011849513021,2.1640834514778944,attack
1.1264398249786167,4.4943764967288615,1.396172777341023,2.4915410447248005,1.731008674253912,0.9250338884420183,2.051163355218768,1.582906552343289,5.352218705133756,3.23522209734894,0.39586862666875244,normal
0.8936021772823968,0.7816486625283287,0.12115064920779212,2.6583081594034037,2.3028646813661604,0.6456719734789665,0.6693346628381299,0.22170933889874064,0.8358529544500308,2.2254614486447317,5.775231366770524,normal
0.4118541826035852,2.0808752117398,6.329457173840655,1.4777504566695954,1.4494395474152812,1.6995442946127368,1.5439216233231932,2.755044464557734,7.667279963332869,0.9218199493060005,0.4941925200169908,normal
0.6881389972930884,2.9077055412095607,1.9280651707908896,3.2614011604293682,0.2843002089728171,1.4043641878078135,2.688371814412453,0.2748145670105604,2.0666028715942706,1.4459919580992542,4.858576755747484,normal
0.4501912792953164,3.4550952359205906,1.1565012070783793,0.263681828645986,0.9705855723643633,3.166260889367006,2.974353447977428,2.4792346855573695,0.6896046664247134,4.945560035051395,1.6866604421979912,normal
1.40067938835849,1.6755702138104056,0.5081673810997103,0.2846023562459166,1.472536075016274,0.2014648168362568,3.068622427243641,4.33407654032956,7.351010651184108,0.8920983026372111,2.978873981227045,normal
2.866248558368535,1.50593329789979,2.372278432825528,3.9051780094348785,1.2362161824392623,2.5441777352662904,2.323350206071417,1.9925392147793264,0.7948810617433819,0.6486349175031454,1.2477140336961552,normal
3.096339780307897,2.0018991947508513,2.5049192984749116,2.367994327692531,6.992171232815893,2.877009314825027,0.7928478030033236,1.4804431636571513,3.2958263014583538,0.2359972594762382,1.6311144618329485,attack
1.1917093736645434,0.6986914805014759,0.6608711396261129,2.792860560409751,3.0863292409512386,1.2214697333721913,1.3089420263453266,1.5305968666062584,0.09616688335318566,5.458672594915849,2.673032519755142,attack
3.2899346286571824,1.2367884998316772,2.646337943739637,0.5288330263935144,2.5472704713251946,1.7126250283868882,0.5463846810966231,4.761694593946484,2.736940171357422,7.451184610090462,0.7831102483753255,attack
1.434635145666372,2.7744107888451173,0.18706652608878954,2.0454800984980217,2.805461185442721,0.6775723541455798,1.754701444227969,0.9285248796925513,2.218506001517283,2.6033628933603197,1.6915480740662274,attack
3.0497531095485946,0.5274325353756012,3.125738424658727,5.448130981789911,0.6119523510845278,0.5812852294037357,4.363429866457022,1.993846905412222,2.8616844381641102,0.9633891449904147,1.1693974217971397,normal
3.769703916891633,1.320334941218694,1.0625946446971122,0.2752123534514899,1.1551819369891496,0.5885211078356412,0.7091585819734857,0.8777397631996191,3.2583610589398924,0.2544523125494907,1.8294478349475716,normal
1.2101630489639232,2.113519849650731,2.3594395422643446,0.8677119308026282,3.3627881942758253,5.6247043856439864,0.5489806019772115,2.695822885651435,1.5207987162910728,1.7197677574730073,3.4300535815329813,attack
2.680388930420012,1.3034566507649021,3.7307845206045287,1.5565336639131697,0.8767964752510675,1.9179370311522745,4.068353932248981,0.3960120554398716,2.5294164578327525,0.2065608923399702,2.855128634826324,normal
2.242606152515917,4.65927140101714,0.47471738910318195,2.0505411311207853,0.8470811222379631,1.250083164606174,5.2124143117331325,2.140068718167477,2.5179164559115037,1.2089594790407274,1.6562871260677032,normal
3.4907752707924686,4.647360428760454,1.676990577768566,4.042422792794069,1.6375499158951412,0.9047032368785926,1.9709935988637022,0.8205164941274642,2.0844134694144887,0.548808815818542,2.752126527591456,normal
0.5872000020563365,0.9097999878755855,1.047735041234094,0.6502085101309388,1.6154009151082056,0.08061710350235195,1.4597345469383716,0.02458626296428979,2.1411742979633734,0.533529306572688,2.2756770393442176,normal
3.939562909556275,1.062901104012993,1.7603829903903734,0.4463452544945995,2.290155969565057,2.673042088501964,0.38380675236066764,2.719158867769688,1.2925527418593965,1.1036368787064974,3.386639695526963,attack
1.0250311505505183,0.47750259814547,1.4991664522402748,2.933681933230085,1.5581895236651708,1.2998703552691557,2.4019916842148468,0.7716582396453203,1.8257795737012,0.217328541668192,2.302455768275944,normal
3.5534981754228565,4.5038286059005985,3.1190071291288857,2.640318602516165,1.5424454721576941,2.7536980043103276,1.7034071563621354,0.5360073233454083,3.6752286745020224,0.21762711218425043,1.1303808907810977,attack
0.8631644721774905,1.7361422547188663,3.035955682612843,2.566539241998379,0.3170826703646478,0.5474837557665984,2.6546796355522826,6.779322733583192,1.020129108194263,0.49541061137697057,1.2169596711783606,normal
0.43028071761596703,1.4382499257168304,1.7627466103306242,3.523323600083148,2.4153227148345064,2.954032562427748,1.4272863264860747,5.28707385767994,0.43209037996992294,1.4761674250113628,1.4320471562928576,attack
0.9038607096544576,3.9741068004622404,0.08145690524529829,0.6401355951628598,1.7590085426082884,1.2733607082487686,1.5126364039271223,0.7006937271950144,1.040095255218073,3.40025865384346,2.55293176439093,normal
1.5935045631971598,2.8576278460727655,3.2952556495299326,5.928364628959105,2.746145504987105,3.196964422221492,0.8351132961132856,2.2629826510004607,1.6919602978733206,3.267072552508638,3.141922444003022,attack
3.064590393626986,3.8265723780027106,2.421637609124571,0.9002546313908041,2.603262033121407,3.233730251789316,3.3103267854399854,1.1526548933786323,0.22207501187866197,4.335255823612172,1.064481924329612,attack
1.4662940500858819,1.2613463031760208,1.928004097839313,1.278390840853843,1.8002304015491153,0.8246659083682639,3.9816924414740913,2.493040939201272,1.7882045480838114,0.13996769943458312,0.6976835885912805,normal
2.8485426618570964,0.7921232479963263,2.321701518799243,1.3112114526451732,1.790490703904921,1.3541158034487741,1.4507954850968066,2.791491853140557,2.8564917146096813,1.9243448721888143,2.904240790067856,normal
0.5070439854971414,1.662047265218545,1.1819684375328219,1.1476999365324168,1.0512431724166862,3.6622188343689555,0.6717920917963883,1.0564981879476822,1.9147036454245603,1.1063982957665737,1.093031371497136,normal
1.2303098895334539,2.5319578124921356,3.8123839547606964,2.83178161882261,5.636658733327722,4.906066995600501,0.300242314567419,3.7155995435064937,4.80198634949097,2.4565375721299847,1.4645043933645516,attack
0.8013750964741974,2.6785106232480205,0.5409604279370074,1.8457935689354064,8.085746443627489,0.4391694959279909,1.8851498808741263,3.3127616813945666,2.0625429663878814,2.7086406887521877,0.4509623999147086,attack
5.500961887628261,2.008617326544236,0.563950330343971,3.1996974190702585,5.410950445617736,1.3523205322525622,1.6043626870365666,3.7353522398953705,3.090269113239894,0.902886558414046,0.21663581696625353,attack
5.48556726578937,1.2385654767347358,0.6389201407202536,0.9624004220755056,4.315771993953624,0.04292551287002981,3.6691697821918887,2.465085265310018,1.4216028556073745,1.9038881082812218,2.9537954101644677,attack
1.296925420129045,0.961764711118799,2.8342908988889612,2.0708618786808293,4.510128365827308,4.253518122867353,1.4256587975339905,1.7170540406266042,4.078464016244054,3.3454858167867383,2.5293130485305757,attack
3.773978231917614,0.4953135017973098,2.5086767531924354,0.8414325346494017,3.165559225845307,2.4794901113816854,3.660950388616808,4.324540834526967,0.5972780687411309,2.5359880847120215,1.1415293048252106,attack
2.9538083709235337,1.1022270113295627,1.172803604644158,2.0056481477257018,0.5721568853667732,0.8526758692375057,2.698234682162478,5.025218061044081,0.30751224956538953,1.043493416373093,2.3570012063909322,normal
0.39008701461848033,1.4646999218264034,2.1753148021557105,1.7735776253493862,1.2349802217914683,0.4993719968607982,7.2097132172712515,1.003459664745176,3.1011969843792557,2.7407112676628294,1.4765825551702914,normal
1.254627723809477,0.5376633769321926,3.4439713867562225,3.6498180343705355,1.5300536117039576,1.062777751008432,0.7758699174235243,1.6237499693181128,0.8944382542094502,1.9943593692050974,2.2152819313599816,normal
2.2281077851192417,0.7996705821824323,0.8714254668810201,1.5139500734082671,3.38779291967198,2.220443734033019,0.7455323644960978,2.2680606250470348,2.884824514571675,3.7627726925623706,1.1848070944710063,attack
1.8479006913172769,0.8465393802042128,0.6590056268626415,3.3052654128316976,0.8803185131955773,1.8028360508484302,2.561421435405444,2.0034051178392867,0.47719542127091935,1.546578944696942,2.830261100154273,normal
1.5600816743869785,1.6164139905195976,3.1342230602518146,2.6621328714113854,1.2043511803174332,4.37545946634399,0.9156464898872639,1.1543952540688978,1.7838488508334505,2.5665264979200577,3.951171046158559,attack
1.1876416068946969,1.8302867870750004,4.384217008781771,3.2848284571196276,2.2957025186721256,2.001837127008856,0.42323785060972063,2.538429813065931,1.2638698719302377,3.5717707550862308,1.9391893098852557,attack
0.5604401512245275,0.747946347971291,6.075503682200178,2.652123955135059,1.1510659514772386,2.0150847276162183,1.5061169507561905,3.5357254552263235,2.851251912976547,8.005807825057254,2.216690011530715,normal
0.6561184344746015,0.291009081190092,0.17113580333033426,3.319718596767382,1.9142996466737305,1.5073041710216273,0.8065716650640058,1.673510834662478,2.836075059455509,1.5352150686662067,3.7053363464619,normal
5.171721695127221,2.016761627491998,1.4255102517571192,1.3278849927413374,1.9415768883157745,2.0022562460534705,2.2232181533020667,0.4159037481232566,2.161004706130003,2.125036579456093,2.770725551830748,normal
3.069460113618638,3.8820365682158964,2.2878563607289726,3.090368057106782,2.306306638994896,3.831701492940731,1.7192514968395893,1.1714208090576703,1.8791520477299117,4.41851474171255,1.2357935679066707,attack
4.362386813173963,2.3670101030953017,3.300009064157006,2.5231921353227635,1.9852199851728078,1.1615427028643897,7.52583864195689,0.5093554728176402,3.6263533270613344,0.3550140276887435,4.888230802775163,normal
2.83820375022581,0.9096947917490639,0.973736344024218,1.8842064046000366,0.32478516480385067,3.7898810561865877,1.079276973906744,0.576538454707287,3.3798245042139814,0.2616591229939835,1.732287476435466,normal
0.7634900002484033,2.4670658887469568,3.8425930048942436,0.3118728819188629,3.866231973999265,1.5560030096346105,0.6796360915838577,0.6397105384995566,1.5634580805502964,0.2618618429003129,1.5089364922317101,attack
1.6731863017299642,2.6000184674503655,3.617748589676607,2.7676571105285537,4.449231621829618,0.7798807731936573,2.3633640196714123,2.5123378853185305,4.381254411317805,2.4866393619630145,0.9804407022136014,attack
1.7670238179843116,2.387895464949312,0.4549085979552934,4.767901621471107,1.7911032933444246,6.172941643706654,0.5313496172975788,0.8225842697224914,2.577851898577403,1.3395274509650983,3.5125868864089536,attack
1.8939468333346414,1.823797763141472,1.7702845886587786,0.5945713367696481,1.9309423485009802,0.7778930718053789,6.3355308766203535,0.20225099321921028,2.125481070277761,2.3211231861374966,2.595303492696748,normal
3.0907652919548663,0.3681279339605294,2.384359549659962,1.6885718537286998,1.5020420551621347,3.3713891437790218,4.0952856094431525,0.5078521529098131,1.785094429671038,2.977317709661025,1.9165319754764525,attack
3.8885065760994895,0.953106946924514,3.6710577545316903,1.3510084923131378,0.7657548108911586,1.9284722631617488,1.5694510654762577,0.45569800499744834,1.800490210750617,3.27486452195606,4.265641650822384,normal
2.963005840245911,0.894201515771977,2.2899057754787746,0.3889453212773869,2.7026374801608677,2.538244645649967,0.8856824154381643,1.3212680392873923,2.1301806829508565,2.516257903407055,3.3679156144529476,attack
0.38143177403861783,0.3496606604481837,2.1778662421042307,2.897803710767082,1.4033173059420325,1.2895910589009796,0.7539361222091409,3.0596025030942116,2.0096269506465227,2.456478704342043,1.503762418568867,normal
1.3419331086707469,1.703774407766259,1.5816625115772946,4.0533509136994805,0.6828101501396057,3.098383146348488,1.0771384084320401,1.2960674459190027,2.174664446618375,2.8453350148482266,1.5268504674951897,normal
0.6296505757816141,5.053933927173855,0.42138854341474713,0.6631750194147452,4.3861500005064,3.652629839675313,4.634561693969538,1.0730954418206942,0.8389872307248574,3.3047157920772214,0.6143540223928732,attack
0.8543216526640057,0.4425773034097172,1.0191276398062397,0.7476946527352084,0.5403521130053034,1.822486600192769,1.2454518636355854,2.393776448226997,0.6456437137371673,0.9943008508013705,0.3716725194597183,normal
1.2059941577507696,3.2978870459426397,2.8767345792729095,1.5558396561082244,6.144209143897801,0.39410925347934844,3.608032029434732,0.684427102672564,1.643637956949416,2.5963969265540214,0.9083843174084305,attack
1.0645407263149869,3.6132084054829057,1.792035143102532,0.4431382140319836,1.2749960722495468,0.958681419706877,0.33779234209493136,0.4489408418481974,2.1208195796487628,0.7601392324328303,6.488406930469789,normal
2.2279125270444102,3.334674849169211,0.26478106775583066,2.2268626882446125,1.8670248986802207,2.493415174012312,0.11248358234115512,5.327169748755172,1.5646261342977084,1.5573288896275552,1.7765695392804126,attack
0.8638892380274371,4.76708832011624,0.202171162633923,1.1642147256736253,1.1996179336404873,0.8661739681664654,1.4220568197689512,1.160014637714661,0.7320070346242878,1.6316958656063782,1.8896511130005171,normal
7.089860690484864,0.720228870888162,2.224250995607157,2.181039232842003,3.1542947354610233,2.8280090081310933,0.2806401880922679,1.3660677966924712,0.6691505871132352,0.4562455021530673,1.3549881367489411,attack
2.2929544386007046,4.33319108246666,1.7575597899322315,0.7904290651008138,1.9206778062881529,2.4431602115336513,3.9052587902309255,0.6799018796013785,0.44568653915034223,2.0264986582207087,1.6188253912016424,attack
1.2681418241321714,1.543752533066152,0.6965638533189461,0.24164611404861674,2.772054874999133,2.6558688884297394,0.4932645860903028,1.4815559478456803,2.557373988013834,2.3326838058392796,0.8865365569912115,attack
1.875934377377978,0.613224956498216,2.9655117420039216,1.3951560827139833,1.9339561051988616,2.1848801654259264,1.410684081140255,2.1848883049388164,3.035583567761568,0.6901546597377544,3.52546100063677,normal
1.1041848534982701,2.270311713874342,1.378370373774924,2.0099232123628346,3.347492835598029,1.6303520296082672,2.161546566845276,4.02389799578739,1.134601207021723,0.8098981747411834,3.1844446128418005,attack
1.4414193385571132,1.2854831830177929,3.558893339576476,0.8990193674097258,2.2910334959949537,4.497561131457784,0.634945690748824,4.582753771762782,1.2096565998767899,1.2803780673701313,0.4248794286238272,attack
1.9860753509848692,0.6985017658099829,2.360780243357231,1.5269501693530694,1.960709361413645,2.608597660032166,5.349453494054849,1.645842051972923,2.382189086129278,2.1403320212729775,1.9400873127206775,attack
0.5002609986621819,0.8494317290641501,0.5363374407067816,4.202129193948024,4.25750497082825,2.616227804703057,3.200899583563021,0.5512063907687196,2.3789873624829236,1.0013459312349071,0.6893534943328077,attack
3.20283112773149,2.369729817687913,0.6041240584427744,3.938270549378468,1.5385175851597441,2.7158449170808545,1.1143268907286268,1.9957766251026958,2.840775719281063,0.6486534083391766,4.67862029153613,normal
2.648292292805847,2.1540087142651516,0.16635599243937083,1.655490042278075,3.2384957829012393,0.22035153677333771,4.227010038037209,0.40979839006357444,1.9827369346056116,4.848671519408913,2.2165766986922413,attack
2.9632087710515176,3.2074348132811226,2.467122680155826,0.8131422882923588,1.3741794758282582,0.8243062757439178,4.528514060388912,1.3993666790001589,3.4147682049720762,2.706783396046865,1.9194596628294736,normal
0.787969464432501,0.9547472826303338,1.0613613873057912,0.568018816096345,5.681674690806427,2.5822105973623994,1.9148331043122302,0.2847115870941369,1.4752285644371252,1.57443739581533,1.8074987389273265,attack
1.8384011489385952,2.4726689992672974,0.528550224504204,1.153371756880675,2.3486674404292773,2.3861035070586016,1.961939820205148,3.0189713339015336,1.3646698434751516,1.661629763403847,3.042086228345466,attack
0.5751920216341835,4.592675440718057,2.804076252032189,1.0678260702678142,3.1252819964168967,0.6542993478196144,4.140195686363926,0.30760675837868406,0.519240365139682,0.8757711192026363,0.942943975483823,attack
2.1071632566976612,2.968295532972908,0.37663249893682205,4.31934528605869,2.3763438420991974,5.613541803558029,1.6078683187850096,4.634057751147732,5.942238730903887,0.942596634761385,0.8477604849161052,attack
1.316205982262517,1.2386415315893826,2.06035891640971,1.2674033516607441,3.120070949889294,2.553504115290315,0.8809366720927391,1.5968720425089975,3.250559708874243,2.234861826613939,2.675965890334733,attack
0.8473736128228234,1.7475009813195383,0.6103863461693337,1.9163925012589382,1.5274091425097411,2.01367981970836,0.7925699147228744,2.389004108443173,3.3183029951466767,0.18444123970856638,0.47294959056899977,attack
0.9343024290285656,1.3021119916165724,1.072417663428278,0.5799622790876227,2.0256530085689257,1.9445746849168697,1.0723761256390385,2.2527989452719486,1.4771315057720487,4.776652269483882,0.39687064038556646,attack
0.8207452155334971,1.3658224732859392,3.417573320699125,2.8123178071829975,2.3787326910197644,0.5062167294416825,0.9797070657577917,1.478479985969813,3.110356660419897,1.5680723899392754,2.5303947057961977,attack
2.2880126417259583,2.54317920548295,0.9130797827605807,2.859941871713002,2.433618996707469,4.541753983232456,1.2167578215097283,1.9182318614992782,0.5733829452086483,0.3872469004832652,4.997312732365319,attack
2.2118704796642046,0.3543729913981714,2.3972828269606317,1.2094500940400317,2.5129017840848507,2.9521171593879343,2.074319962809864,1.339696187088006,1.7056480794029214,2.587254276768256,2.848271887797046,attack
0.8837222172193373,0.47411809855292764,0.6144530909141753,1.400270699828451,2.78376288268204,1.4641167431671729,0.551455188310062,2.0322634617785886,1.5896015157127183,2.9120440400891776,0.7375141825788166,attack
2.1626771987988467,1.989181845857749,2.4726002430500973,3.2090652750932978,0.24482566722216678,0.9956794884910807,1.4963276656212974,0.9853731888797154,1.8700727049760657,1.5126162076401053,0.5562300084682288,normal
2.544050307333191,0.6986979869648268,1.8901299205476738,0.6229555538429474,1.8856122552828336,1.4968563954064842,1.664220283941887,1.9712577834225036,2.9953093941093565,1.1565611185622369,0.5180745026227997,normal
1.3994880588883891,3.0562940000367727,0.12249277414416643,0.5120176465192174,1.4565054215948563,3.2611948266279183,1.0450226486329903,1.4095548305238346,0.9495500907760944,1.1799078841006367,2.6317600624367112,normal
2.9178903122394177,2.753395404652252,2.4679317717719713,0.6533348414320959,4.596883649511686,4.3254362654578875,1.496864172172512,3.177966744384006,0.20361759125375645,3.3943857861559974,1.8489028032688601,attack
0.715956773027022,3.4977646955485695,0.2596970672596488,2.7556428883839583,3.466255593241136,3.8636398203332067,0.19280919327050502,0.4064727657356634,0.45500133930394465,2.57914978593446,4.471081215316335,attack
2.1962716374186146,1.0902851533961795,4.162560076017171,4.286135037497411,4.752643430441899,0.7117698738718432,0.5230310185275613,0.35323739559250966,0.5154179176310633,0.23396226073544799,3.1480789017758317,attack
2.15248610557199,9.483754601792649,1.5962223696339408,1.753845492935671,3.5487496424724303,1.1765988858074226,0.7318606055068313,2.0639322283201094,1.506593688495451,2.006504001516473,4.785946152029792,attack
0.8910807029916656,0.92113837216129,2.9356312237290756,0.9424133983861599,8.41069308429299,1.441314306712255,2.1423465781052937,3.5780706805694407,1.8159331338961502,1.5037016759946433,3.27493400730837,attack
0.8538202386407477,2.0867138218086936,0.7026408650636519,3.0791190849669294,1.4171064910185378,2.116633680278429,3.7778761235134724,0.7767404273918164,2.3907671685016174,3.110677085904898,2.8292634031527424,normal
1.402436903725065,0.4518870317271251,3.8770010885094197,0.4519121742299425,0.37156341076890564,1.6452252956743079,0.9724823661606613,2.237585358553766,2.9486539021590374,1.3915818719316173,6.500703705040761,normal
0.8179788333710845,0.3077971428106291,1.6151380888859561,1.7300922828816412,2.5203911419736125,1.2183558335859768,0.4371439463334789,1.794969666846431,2.2414427209522154,1.8961984131727139,2.2917939491254047,attack
2.0639736482951037,1.901649632341667,1.0917622789073205,1.034544993382697,4.967168425595299,0.7522096508847282,5.036626550601261,0.9330145936715447,4.213253777984093,3.046786605319389,2.5848969214688804,attack
0.05262981124576235,1.0659201830166174,2.0103209808562967,3.223577844565285,1.6035701232219366,0.5167982253939974,1.6947653414146233,2.295280970251296,1.425028955277857,4.739049113486762,1.7894332217916102,normal
3.375760277971057,1.0668413284811034,2.8099680551021096,0.9198631370595617,2.864319825891757,1.40818062754536,0.537638549807488,1.228397597960914,0.7886634024299306,1.311365788988935,0.5509990633683443,attack
0.44958794287571613,0.7458823344682872,0.2593887826226245,3.6941335150674437,1.6743965681038897,1.821625227239927,1.3435723997483113,0.6434282296774391,2.3026527236562964,2.0883282869402646,0.6799566362820069,normal
2.9169925717139358,0.5637167168587278,1.7799749154354287,3.238163182389099,4.158662132744507,1.4288324598835438,0.8470366200359666,0.3824493304656537,1.2504699059648172,1.2107118289625003,3.3757177581083875,attack
1.8000658667486928,0.537822257620683,2.8831770973970814,3.2767126019957535,1.9685069289878188,2.9434383471120595,1.6138778686094766,2.740560917281089,1.063000204969485,4.252657364197814,0.5870652295982869,attack
7.785499589181177,5.561928190704489,4.352055225108752,0.8574454074586673,1.282466697322099,1.1189336551317548,0.9015015516338378,1.0710753673062974,2.428045128508159,1.3319485663422794,0.6756454958427323,normal
0.33048774624193,3.085393233328251,1.9075711991532216,1.701298227670777,0.12154137001565674,0.6890124251949294,1.7329667180072494,2.3135214007652336,0.0796280662600715,1.6808693923945632,2.0291740603728488,normal
0.7718423174058966,3.627801549043311,0.5338157977306187,2.0614810132497827,1.148470360736767,2.486637328214542,1.6344255863720232,3.3915851661317187,0.6769346476924696,1.1447641089686191,2.516338514454623,normal
1.8281870611201327,2.5487911460097497,2.8655673977162377,2.7751257872719854,2.022904905121189,2.8324166200514527,1.5130820605790665,2.4017814130600965,0.6118133294041972,1.8765650286123445,1.9577176876752445,attack
4.596967716935393,1.386586375988603,0.4662153088854109,0.45813298668879593,4.583720965661416,3.988008720228412,2.1445988969398053,0.3485488379529357,2.1735775341765557,2.308654570866266,1.6939444697524317,attack
2.1636855611434815,1.2386856662461694,0.3529981221258724,3.0576020488920235,2.0931852611584594,3.9963251571691756,2.7308382525980717,0.8433776436216924,0.270683016962345,2.25865385664631,1.6995312908539477,attack
1.7931368796187168,2.1156545520885706,0.22985188977840437,1.4996743002899842,0.8411353094237844,1.8906217812389297,0.8854158627602967,1.2378133151300228,1.18031854330614,1.2418830956451092,2.9273139303183338,normal
1.1748630835777265,3.1062924001874905,0.1481190265891574,0.9048315642552928,0.2149314747495924,2.6299870061120054,1.5597143346068292,1.3561750407768745,1.0096851884731561,2.9484942481991365,1.9754027225102355,normal
1.027075096104498,5.795582705843788,1.2249877656493071,0.33994853219020293,3.3695808306226835,1.058980098918255,0.7376215136821033,2.5329858204946003,2.1142377876400023,0.991048073607191,0.9390411672830328,attack
2.8434232734145315,1.7638383711003456,2.847725257233337,1.4983117883864354,0.632388284865784,2.1133199019511104,2.3344849944329047,1.3331447480954803,1.4976530306030065,0.7358641892820751,0.4247490177664893,normal
2.6028990327303063,0.5945581082679645,2.075498347617939,3.003591543454163,2.3594141277419465,2.7144008430061883,3.6268314746060044,0.2979070395652859,2.3468309084803702,1.8183018374224578,1.7992137541370632,normal
2.3527551944825333,0.48314848313755654,4.003967301851139,2.1861242054187247,0.2657323867503102,2.4891387752729646,0.2927614372812389,3.010390365330415,2.9638032036943818,0.5962174011801376,0.34304539207368306,normal
2.275731102674525,0.3016961994908806,1.3319821289454983,4.379891401768312,1.4291400127415221,2.919752187908855,3.74245830487938,3.401195633726319,1.861926723031716,0.8270764078210431,3.748570655199614,attack
0.10644751138416973,0.4414161834713387,1.8058815740349319,4.276876358167504,3.649337247459625,1.357012485138737,3.007979127242918,1.5675713302545684,1.166170181424318,2.3390804664762217,1.3964641853449324,attack
2.213430152768387,3.1940988453690586,2.5731095615317483,0.5795108993721658,0.9438113941904712,4.33191844040201,3.02531905101415,1.8613125660924268,1.2124213636428898,2.944690342494731,1.068725722336521,normal
2.2654300284685776,1.5026371260362368,1.8945001716349064,1.3125800271083259,2.700528407081943,0.18687605923937092,0.539016835686157,1.3504832601882208,1.7620157315166145,3.9075374154460696,3.1337391623160133,normal
0.3977932377280036,1.917962286999621,1.7138548059720813,0.29975520499244823,2.2630671826048663,1.9575875542768928,3.180942576544422,1.7830872591868663,0.8406684825578516,1.7805316810427412,0.570142668253285,attack
1.3710328723286207,0.7563608464855208,3.8219477987491133,1.5284187127505282,0.7498797669065698,4.5258010966644715,1.6381130513447737,0.8860448389153902,1.2392492388526462,2.783187267058751,2.301922886677277,attack
1.8965386393549137,0.5172299716012059,4.319982067766478,3.0800244169939077,5.969844311552094,1.5398066917396667,1.6271319932520314,0.16728712487152858,1.3650583553109836,0.34454409999882685,1.267809119584578,attack
3.5245800393993862,2.266273525933495,3.721576990950452,2.922600405577582,1.3505595738078389,0.5926493431309681,3.0220618877441265,1.5409122166111882,3.368095552197401,2.009694953920324,2.2892989059819833,normal
2.87125669008376,4.003576140260817,1.4992794920208716,1.5365178553974326,2.772196574340212,0.8856828617558473,2.6392545511801155,2.9361230467803163,6.479073703572933,2.5517154046533514,3.8000089915675326,normal
1.3171127102784312,1.2336376080104414,1.6354628702460399,1.0483706523051368,2.6149813587097652,0.8221819030147633,0.7814011627019557,0.72337678352303,2.309827901276489,0.7844422866314759,0.7807627650068661,attack
0.792760573108193,0.169720442571821,1.181088239235502,2.671669398863502,2.4622753229199597,2.5181990955172693,2.9146423848213705,2.7114552958453904,1.3182015845836292,2.7622987999625237,0.6935219414517602,attack
1.8731591665313305,0.722649974326949,1.0709436709957834,3.9773624921045876,1.3397913014984861,1.0668803489388765,3.1805443826023856,0.9831623910585615,2.4084417428275584,2.0115802086407157,1.590050635842685,normal
0.8937900260630446,4.724402176487936,1.0285290533282916,4.124186657795434,2.5244116225702147,3.1486176185538386,1.9866288323903225,4.83212290262609,5.671686554217382,1.4598051498401756,1.0788094914020732,attack
1.846789725060389,1.411615068099933,3.707396018178479,2.6137094730882193,0.6383925349891401,0.6218793560217732,2.0676732835866503,3.690971565824441,0.9371245699844124,2.470259235638771,2.9281345071327314,normal
2.564697662067355,0.5135984662092039,1.2753955614338872,1.2877012668982937,2.932310870742914,1.1868856541757513,0.6585834417068492,2.8052171762687146,0.8253326362933978,0.3709695621290328,1.2431936452185186,attack
0.4138367716419177,0.3042468236962932,0.14189880729972845,2.3522998906210852,1.750270357947612,6.356183426928305,1.0831211872627045,4.451609285874131,2.446085930202391,1.1438995461135404,0.7057913515535096,attack
2.0587599891968336,0.8004331518515622,2.0290718022617256,0.7785735772489522,0.5944816840561709,0.28346686675577576,1.9248089073229213,1.6207428140707498,0.5759470938160721,1.4994800092367877,0.4224493939372549,normal
1.7203735293220987,1.534492894546697,2.7143423306075762,0.3987233163270442,0.1342205083731966,4.198711290956071,2.2004308765509957,0.9387073020471053,3.974423177853873,6.25625310969316,2.306289548610092,normal
1.5008552619780793,0.52227292089666,1.2053291692056665,0.521254066839012,2.2724484941084024,7.536803372363354,2.4559399034965117,3.9790185951925414,1.461028735731747,2.221131445437986,1.3053065765000391,attack
0.37654510319875284,0.19236293417678677,7.084403390771258,1.02736426270417,1.4836683165995597,0.20573345787875932,1.314620136973898,2.823307295406164,2.6453145975902195,1.7376483538053356,2.949034003752494,normal
1.0514944815870395,4.076609022114481,9.08530967645837,3.630047722292454,1.5048968167699353,0.8577404184001819,0.5424430090636498,1.6708442092946008,0.544700971642652,2.0373693691041637,1.545540327185947,normal
0.8437482342680616,1.8233236138737785,1.9742170697802928,2.4428307656123374,1.6173186398132535,2.304295110027647,3.842505121943993,0.595185206884,0.5615842535400144,2.8700888670757374,1.026649448387321,normal
3.924838448409278,3.290918048384081,4.005306193643193,0.35891704296837085,1.5557911237806976,2.3193725892074006,0.6813602773316666,1.4951239526956004,2.1132153733750463,0.9036271396187242,0.6700739436424051,attack
1.2484215728737915,4.145867595205067,2.4257044065369633,1.9196795375226037,3.1498005207070174,1.6006826399723268,1.1101108268952573,0.7157793406604586,1.389472440094404,2.732285878404269,0.10710357747876598,attack
1.120951988312041,1.465356296108967,1.1039126642203685,3.2268552066282012,2.326701159642654,1.1629198682067847,3.0540845228283207,0.43959677157279603,2.3817595036593175,0.7958227515402821,2.5223213040871135,normal
1.9967298689568602,2.0408152807999014,2.099487001714961,1.4603556306676038,2.0038224892727916,0.5596194737849842,1.4821213210900117,0.5355484639754976,4.895338695032991,0.7965095850102217,4.339085654660155,normal
3.376980317320894,1.254843019751789,0.9517812966249706,1.3646832854709752,5.939766844219084,1.1716270608342592,3.8354193811007815,4.3046229612685405,1.0236464968163321,1.459720425120644,0.355311127152294,attack
1.9444535055189391,1.9465479449381893,1.5728735428252802,1.3916852842473346,2.850819033442525,3.4260531155481884,3.0721774336163916,1.5912380238772008,2.6200521380055717,1.6812021724729287,1.3308346126552912,attack
1.7778553334009304,1.1668185649056604,0.7384466164633449,3.9842583412630224,2.877645396591384,0.805549427108857,0.8802625001450534,2.0159709721890433,1.6705551785204331,1.0808285421413781,1.2556738688700395,normal
0.9735292121867634,2.0988428871802585,3.257463266280244,1.7649454020407416,1.4303665683526816,0.7102334325338359,0.4433608494426894,0.5583317299918316,2.1191511637674596,2.1646798078986875,0.3008897647492854,normal
0.53631783104388,1.1417071851900327,1.2155493270834918,6.770441005720994,0.21565025144632535,1.345434018471989,0.4683937861938866,2.0283647136551695,1.0407363880764022,1.197842568900449,0.0911029918242639,normal
2.7212779113476397,6.135659458877164,1.54956971480358,1.73740715415428,2.959265640673789,1.6518969795823444,1.6222513755427843,2.7030648796896113,0.251213686642739,1.999027346837281,1.0178754885193009,attack
3.892465467349578,1.992351583991607,1.0165644645330307,2.4144574437225708,2.9783014617178902,1.666640167347907,4.308933192755075,3.7189779249977817,1.9495655782222863,1.1133979104563627,0.26712982960739173,attack
1.333369861476462,1.031575012977066,1.9175061418753363,1.525671953726153,1.6930801170540044,1.9279848143459177,3.4377709943642674,1.1621012361226788,1.2231821414843143,2.6615937249033546,4.452145584197219,normal
2.2329002682593675,6.719877229410609,1.6054006855874374,2.342433593168205,1.17548944248524,7.860091862925747,3.033296240884312,2.117851635185966,8.180808400037561,1.0861615206515494,0.1852449784739797,attack
0.8023138330197975,1.0036581273773262,2.2218331887773863,2.9091527336225904,0.4625706779175129,2.427739765030936,0.23077991916261864,0.6799082340370826,3.2477022804025277,4.467685377053406,3.3113267703300333,normal
1.3072990532417472,0.9151838905392518,3.609215945216428,0.79678569944912,2.4452588520167704,1.1117722068595521,2.290951280187518,0.43903101109700493,4.698414436984382,0.5044263558336329,0.7467996296711688,attack
1.9177140544141345,4.218478579202725,0.6399506988429609,1.3243245023636423,1.648619068767719,3.3455124594684116,0.5568520318020527,2.6548776381654555,3.882459886879257,2.0549034363322662,0.35759164473095906,attack
2.808639480727226,4.079921477298993,1.308154346011274,0.4571471488125725,2.09773166377546,1.6063972203319532,0.6038280581424699,2.743687387820003,2.1446124900993526,1.57005113200764,1.4304704346698802,normal
2.1127688477569477,0.6767534388010342,3.3339437498563216,3.900447227268424,1.442874697029586,1.2393448751040113,0.8216253313781942,0.49073485614683554,1.1286888669898651,1.7771417763425734,2.8203330411015206,normal
0.5648679747844416,1.494692605470812,1.5721490968974337,2.3786178967188865,1.0240868295663794,4.289425517588134,3.2395994971726094,1.9041271368360955,3.9872667049854957,2.479601594612266,3.651830970072733,normal
3.036158429843378,2.244410794162755,2.306901471237313,1.954212019857966,6.946833300349362,3.370492445223084,1.830071338156745,4.181927714949866,1.0142904939397424,2.0268370057562697,1.0350063481276557,attack
1.7269839955934705,1.2892490883065904,1.8103789731444002,1.0176875898912938,2.066832454870029,0.5202781002347406,1.387542511934257,1.1127050016861304,0.08694337596318054,3.5070605729589364,5.127620053833354,attack
2.3699072650529747,1.6704585948687805,1.1127887370290463,2.0111460208354903,2.7959211763168437,3.410534959880451,2.8345257039785636,0.988341231721781,1.2097837914093266,0.6843599603248808,0.8889419184278327,attack
2.7700371023405364,1.6470073244608918,2.851302454464012,3.1880182002433903,1.8720946652857717,2.955649488973394,1.4127507914969581,1.910553167994652,0.5034204284867725,1.3472226834568255,0.9091308354112753,attack
0.39785674065820575,2.1722364379408927,1.5179645709024316,1.2431486341996552,1.292369209585583,0.5555342774885773,2.574893023713155,2.569650058001826,0.9800141388888508,0.6513755739571782,2.1906279124846346,normal
4.428580786993809,1.7343837486353009,2.8057900994255487,1.1890530577040226,1.9653769215525545,0.21721499876514824,1.1088308594804719,0.6352936416330422,5.788736750831272,1.6526512876058983,7.719136859127409,normal
1.6390613280825048,2.1682271133573767,1.5064733014275775,1.2378788671422791,2.116456418259722,2.718048418558001,0.7994490411692827,1.2157135870089348,0.48239203041848416,0.32117438057427017,2.716124612495012,attack
2.5185115269024667,1.4189104838169229,2.521328450999953,2.8011148383890894,3.487281073592763,0.22758543334233436,1.6908762440567935,0.6414422578534912,0.894119635880263,0.8327606753311516,2.0539539078466147,attack
1.0655372363455955,0.22477654819696252,2.307919219008427,0.6279612045627151,0.65585374499375,8.41736743856118,4.083962147445271,1.0683135129211798,0.7450216394815582,2.639649892894198,9.762304665753522,attack
4.749476165347758,2.8107739339771305,4.72468617646564,2.396395589682152,4.514752422824463,0.9473208392987666,3.4287231308146704,1.5772781306001844,2.750385760197699,4.876026170431426,1.3343740531257717,attack
0.8938632097627582,3.641785852659294,2.0251135346575495,2.1677096970030743,0.8636603445277202,2.62184497621908,3.1866591051315774,1.0713433644051538,1.5606749555679387,1.0826241197332396,2.457820292050251,normal
4.061192108085324,0.033662779538490895,1.1675408720484113,5.687075529243068,1.4709541521979552,2.035794118478061,7.88519147477249,5.261272885327847,2.544721916746218,1.512365352744195,3.128021862211753,normal
1.0715512991509164,1.129997060551152,0.6268643078690405,0.9742139394083871,1.4896145553637348,2.401436693667415,2.5759206782893314,1.3612562727925577,2.0706068400892295,4.2848315986942636,3.005868941306475,normal
0.8757322369955042,1.7178341136129083,3.8937971508149314,0.9960717068812971,0.8225834724543521,1.0718223363913881,1.5223083310428471,0.8639748185527562,1.1075363945165744,4.383988382462428,3.9663991895440565,normal
0.19698556115396454,0.38402236588534794,3.0033362516418105,1.0349793657802144,0.7846028256980591,2.2750599012159647,2.732393238599374,2.975753279735591,2.8156934444297,2.3814456983815555,1.4326049289750291,normal
3.3336865834321006,3.1798889422730854,3.6353871090522394,0.8274713216082347,0.7927686821762759,8.071571309254967,3.6481102982941893,1.0602588200111875,1.4102488712913372,2.7685478079953665,3.0345625902282634,attack
0.2981808777872272,2.2187429588349645,3.1817222640951495,1.1107206496985322,0.30673035032636203,2.888471046442082,0.5224975748214303,4.117610115587804,0.7254119911397492,2.0561837367849236,0.3504277992897144,normal
1.999290039280051,1.7219097335751388,1.391109652747051,1.1006939428293363,1.43602406084387,1.1391496106105672,2.741633558395397,2.090233963642386,1.9188199446587126,2.014040078421355,1.2493330983256221,normal
2.3113184242483653,3.202908436512235,2.533445586156606,3.1462042429314536,2.6995267363553257,2.2540218288017613,0.6261205489997854,0.9624613019945055,0.3467455897343854,3.1999717406763803,0.6409172690464715,attack
0.881622744005157,1.3123073085296248,1.3194776871174092,1.5049083150178102,3.256835812268596,2.228165716248229,2.5959004406477177,0.8057734908342984,2.634260511752767,0.7665391930272567,1.4656302899800335,attack
1.0714390192571668,1.1250096482769931,6.7789688714097025,1.1955814414408255,0.2691168767767622,3.1102412422128958,1.5637682840662426,2.5241694807833075,0.8811419312573437,1.5074469807710096,1.687684085050852,normal
1.6791276912943125,1.565028196066195,2.97573393845582,3.2815343801334103,0.8522721328139551,3.1508328780481194,0.9291751374261314,2.4120526965076126,0.23683336629228807,2.995737368125177,2.242444572702881,normal
0.9840196604192527,1.792490349649126,1.5608238329652888,1.9382282203997325,1.9755494090263892,1.5798527703216898,4.497615349445824,1.2059545971296246,2.374038967024443,2.145827185752725,1.3035197257274576,normal
4.145197728219356,0.8032656512195315,2.698033990180337,2.360048026043036,2.2140577644321504,1.7798518963681906,3.1358904778191983,0.5986158081948063,0.9573194723394363,2.28014803916523,1.0138048560596222,attack
0.8649183467290225,3.810362229898056,3.948987785373117,2.3827289423649356,1.0341473960310668,1.229843321720798,2.012401799108767,1.4989202630782388,2.7610905000245856,0.7052241163849307,0.7232098020616505,normal
1.587596648621534,3.961723606663978,2.3377660725337175,1.8890945778396782,1.8808512325652627,3.844116469717218,5.167525183926653,0.6854547631821566,2.0421987137153854,2.1788147833529754,1.2357007042370958,attack
0.9237204777052301,0.2965452729635249,1.7970278397876402,4.982201622731688,3.147867032110223,1.8068526795297744,2.2899872246830353,1.7605492987551408,1.7514502386162876,3.15415851267383,1.843411090493192,attack
0.6674483363776651,0.8119184530652375,1.2693257456213747,2.2260522181110636,0.8571550422760849,0.3115926152793804,1.3493985805586304,2.4774606252437055,3.325957599935429,0.9381508155706386,1.5539683043825763,normal
0.7220197520531308,1.1775276992037216,0.36824019369174044,0.564450103700259,0.5461783791720897,3.4421796279498147,0.8561255052844793,2.809005364295772,0.5718290037495556,1.6425714393318496,2.0595980281238204,normal
2.3541347948479774,0.27282097799109056,2.396723148488538,2.6481785427507853,0.7638642778921676,2.517232675739469,4.807540639946918,2.4869695972509525,0.1492644167652477,2.3871451418025518,0.5592472562759856,normal
2.0680956717568875,2.533883644438486,2.0561963167541815,2.997835430579296,0.9143068693723807,2.5935340675643728,1.278930435001559,2.5477845386839535,0.6506408961295428,0.9843255560151926,2.8337462718269113,normal
1.591205261689464,0.8823686406239545,2.9195091365363357,0.9880672341939988,2.276246064143661,1.0341589482187847,4.781425139667483,1.8591238575040352,1.6430208207812163,3.2967187011419643,0.9272842575182304,normal
2.754900661999071,0.8428295487296317,1.5680669321484664,1.1103464531661509,0.5951156204242208,0.6023525795994906,1.1215650899374736,2.644504601032882,8.058928462491165,0.6120984754312222,1.5427442667178093,normal
1.2927215739805797,2.7189269920408883,3.933265743959804,1.9525032160351494,0.6494903973209567,1.2996405597542369,2.351264258442262,1.348898325188228,0.7547535067202433,1.677379933149371,1.4025232474918006,normal
2.0306444638631795,2.8119387452939257,3.792846129681597,5.295760130543607,6.747029313478574,0.48730778973684774,2.17625051334842,0.29986850958743133,1.9624639077322013,2.6037182903045286,0.5209526704879657,attack
5.4658450540832,0.5517263535352448,0.7139458596811029,2.628175544132307,2.1976330495791503,2.2329648787878815,0.09416277247545983,2.341556479683728,2.1040646509990797,1.0851042861913305,0.39074693721334053,attack
1.6492341659215468,2.855538333028219,3.5332375042632576,1.319647761444714,3.8920644136020286,0.35241475029015346,2.881499033023128,1.6017632275683216,0.3350652236015521,3.4541057814708673,1.62232447904169,attack
3.026897354327467,1.50124906056962,1.4682381425008144,1.070075164571587,1.680102917204461,2.2760696754216823,1.5535059345940447,0.5691488887913917,2.1529458087651068,2.154403132125195,0.547267553461733,attack
